url,title,published,outlet,title_was_encoded,keywords_matched,keyword_stances,n_keywords,n_support,n_backlash,has_hashtag_term,article_stance,article_type,source_country,year,status,chars
http://wkal1450.com/ahead-of-metoo-anniversary-early-weinstein-accuser-reemerges-from-exile/,,2018-09-22 21:30:00 UTC,wkal1450.com,False,#MeToo,#MeToo [Support],1,1,0,True,Support,News/Reporting,UNKNOWN,2018,NO_TEXT,0
https://www.wsj.com/articles/from-gillettes-metoo-ad-to-starbuckss-game-of-thrones-moment-cmo-todays-most-read-stories-of-2019-11577822004,"From Gillette's #MeToo Ad to Starbucks's 'Game of Thrones' Moment, CMO Today's Most-Read Stories of 2019",2019-12-31 20:15:00 UTC,wsj.com,False,#MeToo,#MeToo [Support],1,1,0,True,Support,News/Reporting,United States,2019,FETCH_FAILED,0
https://www.phillymag.com/business/2018/10/30/thinkfest-preview-metoo-movement/,,2018-10-30 20:00:00 UTC,phillymag.com,False,#MeToo,#MeToo [Support],1,1,0,True,Support,News/Reporting,United States,2018,OK,3013
http://www.otempo.com.br/capa/brasil/raquel-dodge-cria-grupo-estrat%C3%A9gico-para-enfrentar-viol%C3%AAncia-1.1535440,,2017-10-26 00:30:00 UTC,otempo.com.br,False,viol,viol [Support],1,1,0,False,Support,News/Reporting,Brazil,2017,FETCH_FAILED,0
http://www.huffingtonpost.kr/entry/metoo-minbyeongdoo_kr_5aa48a82e4b07047bec7265f,,2018-03-11 03:30:00 UTC,huffingtonpost.kr,False,#MeToo,#MeToo [Support],1,1,0,True,Support,News/Reporting,South Korea,2018,FETCH_FAILED,0
http://abcnewsradioonline.com/politics-news/supreme-court-justice-ginsburg-shares-metoo-experience.html,,2018-01-22 15:00:00 UTC,abcnewsradioonline.com,False,#MeToo,#MeToo [Support],1,1,0,True,Support,News/Reporting,United States,2018,FETCH_FAILED,0
http://www.vanguardia.com.mx/articulo/abogado-primero-asesoro-victimas-en-caso-de-feminicidio-y-ahora-defiende-acusados,,2017-12-12 21:45:00 UTC,vanguardia.com.mx,False,feminicidio,feminicidio [Support],1,1,0,False,Support,News/Reporting,Mexico,2017,FETCH_FAILED,0
http://abc7ny.com/how-learning-self-defense-empowers-women-in-metoo-era/3113668/,,2018-03-17 17:15:00 UTC,abc7ny.com,False,#MeToo,#MeToo [Support],1,1,0,True,Support,News/Reporting,United States,2018,OK,2314
"http://www.larepubliquedespyrenees.fr/2018/11/23/ras-le-viol-les-feministes-en-nombre-dans-la-rue-contre-les-violences-sexistes,2472117.php",,2018-11-24 18:15:00 UTC,larepubliquedespyrenees.fr,False,viol,viol [Support],1,1,0,False,Support,News/Reporting,France,2018,OK,4293
https://www.sfchronicle.com/politics/article/MeToo-deal-will-make-members-of-Congress-liable-13462139.php,,2018-12-13 04:00:00 UTC,sfchronicle.com,False,#MeToo,#MeToo [Support],1,1,0,True,Support,News/Reporting,United States,2018,OK,2896
http://www.tuscaloosanews.com/news/20180716/1st-comic-con-of-metoo-era-grapples-with-harassment,,2018-07-16 21:00:00 UTC,tuscaloosanews.com,False,#MeToo,#MeToo [Support],1,1,0,True,Support,News/Reporting,United States,2018,OK,6626
http://bamada.net/malisansvbg-victime-de-viol-je-noublierai-jamais-meme-si-jai-appris-a-vivre-avec,"#MaliSansVBG : victime de viol, « je n'oublierai jamais, même si j'ai appris à vivre avec »",2019-12-11 15:15:00 UTC,bamada.net,True,viol,viol [Support],1,1,0,False,Support,News/Reporting,Mali,2019,NO_TEXT,0
http://www.santabanta.com/bollywood/127558/metoo--bollywood-celebs-who-have-been-accused-of-sexual-harassment/,,2018-10-13 10:00:00 UTC,santabanta.com,False,#MeToo,#MeToo [Support],1,1,0,True,Support,News/Reporting,India,2018,OK,4062
http://am1380theanswer.com/news/world/as-metoo-unnerves-china-a-student-fights-to-tell-her-story,,2018-09-03 05:15:00 UTC,am1380theanswer.com,False,#MeToo,#MeToo [Support],1,1,0,True,Support,News/Reporting,UNKNOWN,2018,FETCH_FAILED,0
https://www.business-standard.com/article/pti-stories/metoo-police-begins-probe-into-complaint-against-patekar-smriti-irani-says-for-akbar-to-speak-118101101279_1.html,,2018-10-11 16:15:00 UTC,business-standard.com,False,#MeToo,#MeToo [Support],1,1,0,True,Support,News/Reporting,India,2018,FETCH_FAILED,0
http://www.cronicaviva.com.pe/defensor-del-pueblo-tentativa-de-feminicidio-es-tan-grave-como-feminicidio/,,2018-12-04 05:30:00 UTC,cronicaviva.com.pe,False,feminicidio,feminicidio [Support],1,1,0,False,Support,News/Reporting,Peru,2018,TOO_SHORT,395
"https://www.correiobraziliense.com.br/app/noticia/cidades/2019/11/01/interna_cidadesdf,802964/justica-proibe-distrital-da-cpi-do-feminicidio-de-se-aproximar-da-ex-m.shtml",Justiça proíbe distrital da CPI do Feminicídio de se aproximar da ex-mulher,2019-11-01 17:00:00 UTC,correiobraziliense.com.br,True,feminicidio,feminicidio [Support],1,1,0,False,Support,News/Reporting,Brazil,2019,OK,4130
https://madison.com/news/nation/government-and-politics/favorites-for-franken-s-minnesota-seat-reflect-metoo-s-rise/article_1162ffb6-d334-5db1-9897-47cac908a2dc.html,,2018-08-14 05:45:00 UTC,madison.com,False,#MeToo,#MeToo [Support],1,1,0,True,Support,News/Reporting,United States,2018,FETCH_FAILED,0
http://kcby.com/news/entertainment/woody-allen-i-should-be-the-poster-face-for-metoo-movement,,2018-06-05 02:00:00 UTC,kcby.com,False,#MeToo,#MeToo [Support],1,1,0,True,Support,News/Reporting,United States,2018,OK,868
https://www.biobiochile.cl/noticias/nacional/region-de-valparaiso/2018/08/23/femicidio-en-la-ligua-cuerpos-encontrados-corresponderian-al-autor-y-su-victima.shtml,,2018-08-23 04:15:00 UTC,biobiochile.cl,False,femicidio,femicidio [Support],1,1,0,False,Support,News/Reporting,Chile,2018,OK,7285
https://www.business-standard.com/article/pti-stories/school-teacher-held-for-sexual-harassment-of-students-119112201301_1.html,School teacher held for sexual harassment of students,2019-11-22 15:45:00 UTC,business-standard.com,False,sexual harassment,sexual harassment [Support],1,1,0,False,Support,News/Reporting,India,2019,FETCH_FAILED,0
http://www.nydailynews.com/entertainment/ny-ent-sean-penn-metoo-divide-men-women-20180917-story.html,,2018-09-17 21:15:00 UTC,nydailynews.com,False,#MeToo,#MeToo [Support],1,1,0,True,Support,News/Reporting,United States,2018,OK,3088
http://www.klcc.org/post/amid-metoo-new-york-employers-face-strict-new-sexual-harassment-laws,,2018-10-09 21:30:00 UTC,klcc.org,False,#MeToo,#MeToo [Support],1,1,0,True,Support,News/Reporting,United States,2018,OK,4210
https://www.sify.com/news/7-years-of-nirbhaya-case--ncw-chief-urges-sc-to-execute-convicts-news-national-tmqoGdcjgicib.html,7 years of Nirbhaya case: NCW chief urges SC to execute convicts,2019-12-16 09:45:00 UTC,sify.com,False,Nirbhaya,Nirbhaya [Support],1,1,0,False,Support,News/Reporting,India,2019,FETCH_FAILED,0
http://www.tribdem.com/cnhi_network/party-animal-arizona-lawmaker-expelled-after-metoo-movement/article_574e1bd4-6c53-5e10-8235-9251af5b7c48.html,,2018-02-02 14:45:00 UTC,tribdem.com,False,#MeToo,#MeToo [Support],1,1,0,True,Support,News/Reporting,United States,2018,FETCH_FAILED,0
https://www.medias24.com/filafp/afp-105458-L-academie-Nobel-de-litterature-dans-la-tempete-metoo.html,,2017-11-24 16:00:00 UTC,medias24.com,False,#MeToo,#MeToo [Support],1,1,0,True,Support,News/Reporting,France,2017,OK,3044
http://www.kiss-1031.com/news/terry-crews-responds-to-those-who-question-his-metoo-story/,,2018-06-29 21:45:00 UTC,kiss-1031.com,False,#MeToo,#MeToo [Support],1,1,0,True,Support,News/Reporting,UNKNOWN,2018,FETCH_FAILED,0
http://www.kathimerini.gr/1011118/article/epikairothta/kosmos/to-fili-8yma-toy-kinhmatos-metoo,,2019-02-21 11:45:00 UTC,kathimerini.gr,False,#MeToo,#MeToo [Support],1,1,0,True,Support,News/Reporting,Greece,2019,OK,2196
https://in.reuters.com/article/us-filmfestival-berlin-metoo/male-stars-at-berlin-film-festival-say-metoo-movement-is-making-them-think-idINKCN1FZ2P3,,2018-02-16 05:30:00 UTC,reuters.com,False,#MeToo,#MeToo [Support],1,1,0,True,Support,News/Reporting,United States,2018,FETCH_FAILED,0
http://www.blt.se/tt-feature/1-000-norska-artister-i-metoo-upprop/,,2017-11-23 14:00:00 UTC,blt.se,False,#MeToo,#MeToo [Support],1,1,0,True,Support,News/Reporting,UNKNOWN,2017,OK,424
https://www.pantagraph.com/news/local/crime-and-courts/former-mclean-co-prosecutor-named-in-sexual-harassment-lawsuit/article_2a01b4a3-c2cc-553b-bd1d-de409d1d1140.html,Former McLean Co. prosecutor named in sexual harassment lawsuit,2019-10-03 22:30:00 UTC,pantagraph.com,False,sexual harassment,sexual harassment [Support],1,1,0,False,Support,News/Reporting,United States,2019,FETCH_FAILED,0
https://www.thehour.com/news/article/The-Latest-Conway-says-don-t-conflate-MeToo-13247086.php,,2018-09-21 13:45:00 UTC,thehour.com,False,#MeToo,#MeToo [Support],1,1,0,True,Support,News/Reporting,United States,2018,FETCH_FAILED,0
https://www.laprensagrafica.com/farandula/Pattinson-apoyo-a-MeToo-en-Berlinale-20180218-0058.html,,2018-02-19 05:30:00 UTC,laprensagrafica.com,False,#MeToo,#MeToo [Support],1,1,0,True,Support,News/Reporting,El Salvador,2018,FETCH_FAILED,0
https://france3-regions.francetvinfo.fr/provence-alpes-cote-d-azur/alpes-maritimes/nice/nice-association-lutte-contre-sexisme-college-1629712.html,,2019-02-26 14:00:00 UTC,france3-regions.francetvinfo.fr,False,sexisme,sexisme [Support],1,1,0,False,Support,News/Reporting,France,2019,OK,1551
http://www.businessworld.in/article/India-s-MeToo-Manthan-PM-Modi-Must-Help-Drive-Change/12-10-2018-162136/,,2018-10-12 14:45:00 UTC,businessworld.in,False,#MeToo,#MeToo [Support],1,1,0,True,Support,News/Reporting,India,2018,FETCH_FAILED,0
https://www.midiamax.com.br/brasil/2019/marcha-das-mulheres-no-pais-tem-combate-ao-feminicidio-como-bandeira/,,2019-03-09 03:45:00 UTC,midiamax.com.br,False,feminicidio,feminicidio [Support],1,1,0,False,Support,News/Reporting,Brazil,2019,FETCH_FAILED,0
https://nationalpost.com/opinion/christie-blatchford-on-the-metoo-movement-the-lucky-men-now-like-ghomeshi-are-formally-accused,,2018-07-19 23:45:00 UTC,nationalpost.com,False,#MeToo,#MeToo [Support],1,1,0,True,Support,Opinion/Editorial,Canada,2018,FETCH_FAILED,0
https://www.elconfidencial.com/espana/2019-10-22/asesinatos-violencia-genero-record2019_2295211/,Violencia de género: Los asesinatos por violencia de género en lo que va de año ya superan los de todo 2018,2019-10-22 16:00:00 UTC,elconfidencial.com,True,violencia de género,violencia de género [Support],1,1,0,False,Support,News/Reporting,Spain,2019,OK,4946
https://www.ksn.com/entertainment/sean-penn-much-of-metoo-movement-divides-men-and-women/1453448409,,2018-09-18 01:00:00 UTC,ksn.com,False,#MeToo,#MeToo [Support],1,1,0,True,Support,News/Reporting,United States,2018,FETCH_FAILED,0
http://www.kpax.com/story/37303361/woman-who-started-frances-metoo-campaign-faces-lawsuit-by-man-she-accused,,2018-01-19 17:15:00 UTC,kpax.com,False,#MeToo,#MeToo [Support],1,1,0,True,Support,News/Reporting,United States,2018,FETCH_FAILED,0
http://www.magic1021.com/entertainment/jann-wenner-says-metoo-suffers-from-absence-due-process/c5xObroUQS05k0CX8YlqRL/,,2018-03-23 19:45:00 UTC,magic1021.com,False,#MeToo,#MeToo [Support],1,1,0,True,Support,News/Reporting,UNKNOWN,2018,FETCH_FAILED,0
https://www.lematin.ch/economie/L-Apple-Card-accusee-de-sexisme/story/20347426,Carte de paiement: L'Apple Card accusée de sexisme -   Économie,2019-11-10 01:15:00 UTC,lematin.ch,True,sexisme,sexisme [Support],1,1,0,False,Support,News/Reporting,Switzerland,2019,FETCH_FAILED,0
http://www.wz.de/home/kultur/film/meg-ryan-zeit-fuer-metoo-war-reif-1.2744169,,2018-08-12 13:00:00 UTC,wz.de,False,#MeToo,#MeToo [Support],1,1,0,True,Support,News/Reporting,Germany,2018,FETCH_FAILED,0
https://www.wacotrib.com/news/ap_nation/wave-of-metoo-complaints-strains-human-rights-agencies/article_8a5929a2-4c66-5677-9690-d60af83be30a.html,,2018-09-04 12:30:00 UTC,wacotrib.com,False,#MeToo,#MeToo [Support],1,1,0,True,Support,News/Reporting,United States,2018,FETCH_FAILED,0
http://www.kurv.com/evangelicals-confront-sex-abuse-problems-in-metoo-era/,,2018-08-17 20:30:00 UTC,kurv.com,False,#MeToo,#MeToo [Support],1,1,0,True,Support,News/Reporting,United States,2018,FETCH_FAILED,0
https://www.knoxnews.com/story/news/nation-now/2018/07/25/metoo-risque-photos-fish-turtle-conference/835252002/,,2018-07-26 02:15:00 UTC,knoxnews.com,False,#MeToo,#MeToo [Support],1,1,0,True,Support,News/Reporting,United States,2018,OK,4363
https://www.eldiarionuevodia.com.ar/local/info-general/2019/11/15/reyes-propone-que-se-destinen-bienes-recuperados-de-la-corrupcion-para-albergar-victimas-de-violencia-de-genero-97368.html,Reyes propone que se destinen bienes recuperados de la corrupción para albergar a víctimas de violencia de género,2019-11-15 19:30:00 UTC,eldiarionuevodia.com.ar,True,violencia de género,violencia de género [Support],1,1,0,False,Support,News/Reporting,Argentina,2019,FETCH_FAILED,0
http://expansion.mx/tendencias/2018/01/09/100-mujeres-francesas-se-manifiestan-contra-el-metoo,,2018-01-10 00:15:00 UTC,expansion.mx,False,#MeToo,#MeToo [Support],1,1,0,True,Support,News/Reporting,UNKNOWN,2018,OK,3744
https://www.plovdiv24.bg/novini/plovdiv/Mnogo-losha-novina-za-zhenata-koyato-834699,,2018-12-12 13:45:00 UTC,plovdiv24.bg,False,#LoSHA,#LoSHA [Support],1,1,0,True,Support,News/Reporting,UNKNOWN,2018,NO_TEXT,0
https://www.cameroun-online.com/fr/actualit%c3%a9s/cameroun-un-soldat-camerounais-au-tribunal-pour-viol-sur-mineure,,2018-07-25 18:15:00 UTC,cameroun-online.com,False,viol,viol [Support],1,1,0,False,Support,News/Reporting,Cameroon,2018,FETCH_FAILED,0
https://www.lanacion.com.ar/2155118-investigan-la-muerte-de-un-padre-y-su-hijo-como-una-venganza-de-presos-por-femicidio,,2018-07-21 07:30:00 UTC,lanacion.com.ar,False,femicidio,femicidio [Support],1,1,0,False,Support,News/Reporting,Argentina,2018,FETCH_FAILED,0
https://postcourier.com.pg/alcohol-related-sexual-violence-puts-stress-on-hospitals/,Alcohol related sexual violence puts stress on hospitals,2019-11-04 06:00:00 UTC,postcourier.com.pg,False,sexual violence,sexual violence [Support],1,1,0,False,Support,News/Reporting,UNKNOWN,2019,TOO_SHORT,252
https://billypenn.com/2018/11/16/the-metoo-movement-fell-flat-in-the-pennsylvania-legislature/,,2018-11-16 15:00:00 UTC,billypenn.com,False,#MeToo,#MeToo [Support],1,1,0,True,Support,News/Reporting,UNKNOWN,2018,OK,5027
http://www.oanow.com/apwire/news/national/female-lawmaker-and-metoo-leader-in-california-legislature-cleared-of/article_2a84c171-5d59-5145-9140-9177a9315679.html,,2018-05-18 00:00:00 UTC,oanow.com,False,#MeToo,#MeToo [Support],1,1,0,True,Support,News/Reporting,United States,2018,FETCH_FAILED,0
http://www.bcdemocrat.com/2018/03/21/as-skorea-metoo-revolution/,,2018-03-22 08:15:00 UTC,bcdemocrat.com,False,#MeToo,#MeToo [Support],1,1,0,True,Support,News/Reporting,United States,2018,FETCH_FAILED,0
http://www.ipswichstar.co.uk/news/business/topshop-owner-philip-green-businessman-metoo-scandal-uk-1-5752480,,2018-10-25 19:15:00 UTC,ipswichstar.co.uk,False,#MeToo,#MeToo [Support],1,1,0,True,Support,News/Reporting,United Kingdom,2018,FETCH_FAILED,0
https://www.diariodenavarra.es/noticias/actualidad/internacional/2019/08/30/el-asesinato-grabado-emine-bulut-feminicidio-que-indignado-turquia-662923-1032.html,,2019-08-30 13:30:00 UTC,diariodenavarra.es,False,feminicidio,feminicidio [Support],1,1,0,False,Support,News/Reporting,Spain,2019,OK,5482
https://actu.fr/bretagne/saint-malo_35288/un-lyceen-ecroue-apres-viol-dune-eleve-dans-lycee-saint-malo_21951891.html,,2019-03-08 12:00:00 UTC,actu.fr,False,viol,viol [Support],1,1,0,False,Support,News/Reporting,UNKNOWN,2019,FETCH_FAILED,0
https://www.expressen.se/noje/petra-medes-starka-metoo-inledning/,,2018-01-22 20:45:00 UTC,expressen.se,False,#MeToo,#MeToo [Support],1,1,0,True,Support,News/Reporting,Sweden,2018,OK,1334
https://www.thedailybeast.com/woke-aziz-ansari-debuts-in-brooklyn-ive-had-a-reckoning-after-metoo-allegations,,2019-05-17 09:00:00 UTC,thedailybeast.com,False,#MeToo,#MeToo [Support],1,1,0,True,Support,News/Reporting,United States,2019,OK,8723
https://995theriver.iheart.com/content/2018-01-28-logic-takes-on-suicide-prevention-racism-metoo-movement-at-grammys/,,2018-01-29 07:15:00 UTC,iheart.com,False,#MeToo,#MeToo [Support],1,1,0,True,Support,News/Reporting,United States,2018,OK,1915
https://noticias.r7.com/cidades/a8se/mulher-e-vitima-de-tentativa-de-feminicidio-no-sul-de-sergipe-06052019,,2019-05-06 16:15:00 UTC,r7.com,False,feminicidio,feminicidio [Support],1,1,0,False,Support,News/Reporting,Brazil,2019,FETCH_FAILED,0
http://www.ktvn.com/story/37856385/most-in-cosby-jury-pool-have-made-up-minds-know-of-metoo,,2018-04-03 03:45:00 UTC,ktvn.com,False,#MeToo,#MeToo [Support],1,1,0,True,Support,News/Reporting,United States,2018,FETCH_FAILED,0
http://www.wkbw.com/news/national/empowering-and-overwhelming-impact-of-metoo-beyond-social-media,,2017-11-30 01:00:00 UTC,wkbw.com,False,#MeToo,#MeToo [Support],1,1,0,True,Support,News/Reporting,United States,2017,OK,1764
https://www.azfamily.com/news/ap/vandals-spray-paint-metoo-on-statue-of-kissing-sailor/article_1fb41373-2e6c-576d-83b7-5fe22942cde6.html,,2019-02-19 21:00:00 UTC,azfamily.com,False,#MeToo,#MeToo [Support],1,1,0,True,Support,News/Reporting,United States,2019,OK,9192
http://www.orissapost.com/metoo-actress-ashley-judds-lawsuit-against-harvey-weinstein-on-hold/,,2019-04-03 06:15:00 UTC,orissapost.com,False,#MeToo,#MeToo [Support],1,1,0,True,Support,News/Reporting,India,2019,OK,1830
http://www.kvor.com/news/gillettes-new-ad-isnt-about-shaving-its-about-men-in-the-age-of-metoo/,,2019-01-15 07:15:00 UTC,kvor.com,False,#MeToo,#MeToo [Support],1,1,0,True,Support,News/Reporting,United States,2019,FETCH_FAILED,0
http://www.digitaljournal.com/news/world/hollywood-s-metoo-wave-engulfs-washington/article/507877,,2017-11-17 20:30:00 UTC,digitaljournal.com,False,#MeToo,#MeToo [Support],1,1,0,True,Support,News/Reporting,United States,2017,FETCH_FAILED,0
http://www.lacerca.com/noticias/albacete/pp-criterio-junta-pueblos-albacete-ayudas-violencia-genero-491287-1.html,"El PP reprueba el criterio ""absurdo"" de la Junta que ""deja a 40 pueblos de Albacete"" sin ayudas por violencia de género",2019-12-12 14:45:00 UTC,lacerca.com,True,violencia de género,violencia de género [Support],1,1,0,False,Support,News/Reporting,Spain,2019,NO_TEXT,0
https://www.bozemandailychronicle.com/ap_news/politics/bill-clinton-bristles-at-questions-on-lewinsky-metoo/article_c03bd44c-49a4-5f60-98d4-a9483648b674.html,,2018-06-04 13:00:00 UTC,bozemandailychronicle.com,False,#MeToo,#MeToo [Support],1,1,0,True,Support,News/Reporting,United States,2018,FETCH_FAILED,0
https://www.thesouthafrican.com/eff-news-julius-malema-menaretrash-quotes/,,2019-03-22 10:30:00 UTC,thesouthafrican.com,False,#MenAreTrash,#MenAreTrash [Support],1,1,0,True,Support,News/Reporting,South Africa,2019,FETCH_FAILED,0
http://www.nordeclair.be/137650/article/2017-10-10/viol-mortel-sedan-bientot-le-proces,,2017-10-11 14:15:00 UTC,nordeclair.be,False,viol,viol [Support],1,1,0,False,Support,News/Reporting,Belgium,2017,FETCH_FAILED,0
https://www.etonline.com/celebs-share-their-own-stories-of-sexual-assault-and-whyididntreport-in-response-to-donald-trump,,2018-09-22 02:15:00 UTC,etonline.com,False,#WhyIDidntReport,#WhyIDidntReport [Support],1,1,0,True,Support,News/Reporting,United States,2018,OK,2276
https://www.thegardnernews.com/zz/news/20190711/judge-approves-new-weinstein-legal-team-led-by-metoo-critic,,2019-07-11 20:30:00 UTC,thegardnernews.com,False,#MeToo,#MeToo [Support],1,1,0,True,Support,News/Reporting,India,2019,FETCH_FAILED,0
https://www.forbes.com/sites/forbesnonprofitcouncil/2018/03/27/six-critical-steps-for-nonprofits-facing-a-metoo-incident/,,2018-03-27 12:30:00 UTC,forbes.com,False,#MeToo,#MeToo [Support],1,1,0,True,Support,News/Reporting,United States,2018,OK,2975
http://www.diariojunin.com/noticias/74895_murio-tras-padecer-violencia-de-su-ex-y-el-femicidio-de-su-hija-adolescente-en-chaco.html,,2019-08-30 19:15:00 UTC,diariojunin.com,False,femicidio,femicidio [Support],1,1,0,False,Support,News/Reporting,UNKNOWN,2019,NO_TEXT,0
http://www.progresso.com.br/cidades/mato-grosso-do-sul-institui-dia-estadual-de-combate-ao-feminicidio,,2018-06-05 00:15:00 UTC,progresso.com.br,False,feminicidio,feminicidio [Support],1,1,0,False,Support,News/Reporting,Brazil,2018,FETCH_FAILED,0
http://adage.com/article/advertising/11-ad-leaders-metoo-making-real-change/312417/,,2018-02-20 08:15:00 UTC,adage.com,False,#MeToo,#MeToo [Support],1,1,0,True,Support,News/Reporting,United States,2018,FETCH_FAILED,0
https://www.op-online.de/politik/trump-nach-mueller-bericht-ich-haette-alle-feuern-koennen-und-spricht-von-hexenjagd-zr-12202817.html,,2019-04-19 06:00:00 UTC,op-online.de,False,Hexenjagd,Hexenjagd [Backlash],1,0,1,False,Backlash,News/Reporting,Germany,2019,OK,50086
http://www.knek.com/news/roseanne-barr-goes-after-metoo/,,2019-03-04 21:15:00 UTC,knek.com,False,#MeToo,#MeToo [Support],1,1,0,True,Support,News/Reporting,UNKNOWN,2019,FETCH_FAILED,0
https://www.kuaf.com/post/kuaf-arts-beat-local-playright-takes-metoo-movement,,2019-04-06 03:15:00 UTC,kuaf.com,False,#MeToo,#MeToo [Support],1,1,0,True,Support,News/Reporting,United States,2019,OK,450
http://www.kbzk.com/story/37365545/jay-z-metoo-had-to-happen,,2018-01-28 03:45:00 UTC,kbzk.com,False,#MeToo,#MeToo [Support],1,1,0,True,Support,News/Reporting,United States,2018,FETCH_FAILED,0
https://www.hollywoodreporter.com/news/metoo-bollywood-spreads-aamir-khan-akshay-kumar-drop-film-projects-1151811,,2018-10-12 10:30:00 UTC,hollywoodreporter.com,False,#MeToo,#MeToo [Support],1,1,0,True,Support,News/Reporting,United States,2018,OK,6892
https://www.theguardian.com/world/2018/sep/01/louis-ck-comeback-show-metoo-abuse-of-power,,2018-09-01 12:30:00 UTC,theguardian.com,False,#MeToo,#MeToo [Support],1,1,0,True,Support,News/Reporting,United Kingdom,2018,OK,4220
http://www.eltiempo.com/podcast/no-es-hora-de-callar/puede-obtenerse-justicia-en-un-caso-de-feminicidio-255564,,2018-08-14 16:00:00 UTC,eltiempo.com,False,feminicidio,feminicidio [Support],1,1,0,False,Support,News/Reporting,Colombia,2018,OK,1017
https://www.nu.nl/metoo/6014011/rechter-wijst-verzoek-weinstein-over-aanklachten-seksuele-misdaden-af.html,Rechter wijst verzoek Weinstein over aanklachten seksuele misdaden af,2019-11-28 01:00:00 UTC,nu.nl,False,#MeToo,#MeToo [Support],1,1,0,True,Support,News/Reporting,Netherlands,2019,NO_TEXT,0
http://www.wbaltv.com/article/beauty-queen-resigns-over-skit-mocking-metoo-movement/22134662,,2018-07-13 10:15:00 UTC,wbaltv.com,False,#MeToo,#MeToo [Support],1,1,0,True,Support,News/Reporting,United States,2018,TOO_SHORT,375
https://www.capital.com.pe/actualidad/comisarios-que-no-atiendan-denuncias-de-violencia-que-terminen-en-feminicidio-seran-denunciados-noticia-1165745,,2018-11-27 06:15:00 UTC,capital.com.pe,False,feminicidio,feminicidio [Support],1,1,0,False,Support,News/Reporting,Peru,2018,FETCH_FAILED,0
http://www.ziarelive.ro/stiri/sotul-fostei-politiste-din-olt-melania-renghea-care-si-a-injunghiat-seful-dupa-ce-l-a-acuzat-de-viol-s-a-spanzurat.html,,2017-11-09 19:15:00 UTC,ziarelive.ro,False,viol,viol [Support],1,1,0,False,Support,News/Reporting,UNKNOWN,2017,FETCH_FAILED,0
https://www.romaniatv.net/lovitura-de-teatru-in-procesul-de-viol-al-lui-cristiano-ronaldo_477071.html,,2019-06-05 07:45:00 UTC,romaniatv.net,False,viol,viol [Support],1,1,0,False,Support,News/Reporting,Romania,2019,OK,1211
http://www.ziarelive.ro/stiri/prodecanul-facultatii-de-teologie-vasile-raduca-si-a-dat-demisia-dupa-declaratiile-despre-viol-si-sarcina.html,,2019-07-24 15:15:00 UTC,ziarelive.ro,False,viol,viol [Support],1,1,0,False,Support,News/Reporting,UNKNOWN,2019,FETCH_FAILED,0
http://www.die-glocke.de/blickindiewelt/vermischtes/Deutschland-und-die-MeToo-Debatte-bc1d625c-57e7-4299-a0a0-28be1487bf61-ds,,2018-03-30 11:00:00 UTC,die-glocke.de,False,#MeToo,#MeToo [Support],1,1,0,True,Support,News/Reporting,Germany,2018,FETCH_FAILED,0
https://www.charismamag.com/life/women/38627-beth-moore-whyididntreport,,2018-09-26 12:45:00 UTC,charismamag.com,False,#WhyIDidntReport,#WhyIDidntReport [Support],1,1,0,True,Support,News/Reporting,UNKNOWN,2018,FETCH_FAILED,0
https://www.eltiempo.com/colombia/otras-ciudades/modelo-asesinada-es-el-decimo-feminicidio-ocurrido-en-frontera-261158,,2018-08-28 19:45:00 UTC,eltiempo.com,False,feminicidio,feminicidio [Support],1,1,0,False,Support,News/Reporting,Colombia,2018,OK,3655
https://www.neues-deutschland.de/artikel/1098396.metoo-lachreactions.html,,2018-08-25 10:30:00 UTC,neues-deutschland.de,False,#MeToo,#MeToo [Support],1,1,0,True,Support,News/Reporting,Germany,2018,OK,800
https://www.rionegro.com.ar/region/doble-femicidio-acusaron-de-despreocupacion-al-juez-y-al-fiscal-BL5728892,,2018-09-20 04:15:00 UTC,rionegro.com.ar,False,femicidio,femicidio [Support],1,1,0,False,Support,News/Reporting,Argentina,2018,FETCH_FAILED,0
https://conexaoto.com.br/2019/12/18/liderada-por-dorinha-bancada-feminina-garante-r-42-milhoes-para-combate-do-feminicidio,"Liderada por Dorinha, Bancada Feminina garante R$ 42 milhões para combate do feminicidio",2019-12-19 03:00:00 UTC,conexaoto.com.br,True,feminicidio,feminicidio [Support],1,1,0,False,Support,News/Reporting,Brazil,2019,NO_TEXT,0
https://lasentinel.net/metoo-founder-tarana-burke-leads-survivors-march-and-rally-in-hollywood.html,,2017-11-16 09:00:00 UTC,lasentinel.net,False,#MeToo,#MeToo [Support],1,1,0,True,Support,News/Reporting,United States,2017,FETCH_FAILED,0
https://1150wima.iheart.com/content/2018-07-09-beauty-queen-gave-up-her-crown-after-metoo-joke/,,2018-07-09 17:15:00 UTC,iheart.com,False,#MeToo,#MeToo [Support],1,1,0,True,Support,News/Reporting,United States,2018,OK,1372
http://www.v100fm.com/news/roseanne-barr-goes-after-metoo/,,2019-03-04 19:45:00 UTC,v100fm.com,False,#MeToo,#MeToo [Support],1,1,0,True,Support,News/Reporting,UNKNOWN,2019,FETCH_FAILED,0
http://www.vt.se/kultur-noje/fallet-med-kulturprofilen-detta-har-hant-om5491162.aspx,,2018-10-01 10:00:00 UTC,vt.se,False,Kulturprofilen,Kulturprofilen [Support],1,1,0,False,Support,News/Reporting,Sweden,2018,FETCH_FAILED,0
https://www.cosmopolitan.com/lifestyle/a22118820/miss-massachusetts-pageant-metoo-scandal/,,2018-07-14 20:30:00 UTC,cosmopolitan.com,False,#MeToo,#MeToo [Support],1,1,0,True,Support,News/Reporting,United States,2018,OK,1428
https://www.dailyrepublic.com/all-dr-news/wires/business/metoo-effect-sexual-harassment-charges-with-the-eeoc-rose-for-the-first-time-in-years/,,2018-10-06 01:30:00 UTC,dailyrepublic.com,False,#MeToo,#MeToo [Support],1,1,0,True,Support,News/Reporting,United States,2018,FETCH_FAILED,0
http://www.eltribuno.info/salta/nota/2017-10-1-0-0-0-en-un-dia-tres-mujeres-fueron-victimas-de-femicidio,,2017-10-01 05:30:00 UTC,eltribuno.info,False,femicidio,femicidio [Support],1,1,0,False,Support,News/Reporting,Argentina,2017,NO_TEXT,0
https://www.dv.is/fokus/2019/3/4/roseanne-hjolar-metoo-byltinguna-eg-thekki-horur-thegar-eg-se-thaer/,,2019-03-04 18:45:00 UTC,dv.is,False,#MeToo,#MeToo [Support],1,1,0,True,Support,News/Reporting,Iceland,2019,FETCH_FAILED,0
https://www.hjnews.com/nation/judge-approves-new-weinstein-legal-team-led-by-metoo-critic/article_854d9965-5d42-5ffa-b1bb-20579f137ccd.html,,2019-07-11 22:00:00 UTC,hjnews.com,False,#MeToo,#MeToo [Support],1,1,0,True,Support,News/Reporting,United States,2019,FETCH_FAILED,0
http://kazu.org/post/justice-ruth-bader-ginsburg-reflects-metoo-movement-its-about-time,,2018-01-22 21:00:00 UTC,kazu.org,False,#MeToo,#MeToo [Support],1,1,0,True,Support,News/Reporting,United States,2018,FETCH_FAILED,0
https://ubr.ua/market/agricultural-market/krupnejshaja-v-ukraine-molochnaja-hruppa-nachala-postavki-masla-v-kitaj-3871560,,2018-06-14 08:15:00 UTC,ubr.ua,False,masla,masla [Backlash],1,0,1,False,Backlash,News/Reporting,Ukraine,2018,FETCH_FAILED,0
https://www.cbs19.tv/article/news/nation-now/ny-ag-eric-schneiderman-metoo-champion-accused-of-violence-called-on-to-resign/465-2559a7e9-76d6-4198-9389-bf5aceb6a9c5,,2018-05-08 01:45:00 UTC,cbs19.tv,False,#MeToo,#MeToo [Support],1,1,0,True,Support,News/Reporting,Tuvalu,2018,FETCH_FAILED,0
http://www.acritica.net/noticias/juiz-decreta-prisao-preventiva-de-autor-de-feminicidio-em-costa-rica-3/366112/,,2019-03-20 01:45:00 UTC,acritica.net,False,feminicidio,feminicidio [Support],1,1,0,False,Support,News/Reporting,Brazil,2019,FETCH_FAILED,0
http://www.news.com.au/entertainment/celebrity-life/jennifer-lopez-shares-metoo-story-i-was-terrified/news-story/c7b99ef1d7d084ad4dbb5a94071d8b0f,,2018-03-16 10:15:00 UTC,news.com.au,False,#MeToo,#MeToo [Support],1,1,0,True,Support,News/Reporting,Australia,2018,FETCH_FAILED,0
https://www.mittelbayerische.de/region/schwandorf-nachrichten/aus-rufmord-wurde-eine-hexenjagd-21416-art1826999.html,,2019-09-16 08:45:00 UTC,mittelbayerische.de,False,Hexenjagd,Hexenjagd [Backlash],1,0,1,False,Backlash,News/Reporting,Germany,2019,FETCH_FAILED,0
http://www.ejecentral.com.mx/nomecuidanmeviolan-irrumpen-bunker-de-la-pgj-por-presunta-violacion-por-parte-de-policias/,,2019-08-12 22:00:00 UTC,ejecentral.com.mx,False,#NoMeCuidanMeViolan,#NoMeCuidanMeViolan [Support],1,1,0,True,Support,News/Reporting,Mexico,2019,OK,3525
http://elpaisonline.com/index.php/2013-01-15-14-16-26/cronica/item/283633-condenan-al-feminicida-que-origino-niunamenos,,2018-03-05 05:30:00 UTC,elpaisonline.com,False,#NiUnaMenos,#NiUnaMenos [Support],1,1,0,True,Support,News/Reporting,Bolivia,2018,FETCH_FAILED,0
http://www.linternaute.com/actualite/depeche/afp/17/1760696/transat-jacques-vabre-le-skipper-omanais-soupconne-de-viol-toujours-en-garde-a-vue.shtml,,2017-11-05 17:45:00 UTC,linternaute.com,False,viol,viol [Support],1,1,0,False,Support,News/Reporting,France,2017,FETCH_FAILED,0
http://norran.se/noje-kultur/metoo-aktion-kritiseras-980678,,2018-02-17 12:45:00 UTC,norran.se,False,#MeToo,#MeToo [Support],1,1,0,True,Support,News/Reporting,Sweden,2018,FETCH_FAILED,0
https://www.nytimes.com/2019/09/06/nyregion/sexual-harassment-metoo-lawsuit.html,,2019-09-06 08:00:00 UTC,nytimes.com,False,#MeToo,#MeToo [Support],1,1,0,True,Support,News/Reporting,United States,2019,FETCH_FAILED,0
http://fremonttribune.com/news/national/california-lawmakers-struggle-with-metoo-as-senator-resigns/image_59659aff-c71b-5e9e-9afa-4b1bb59d1ea0.html,,2018-02-23 10:00:00 UTC,fremonttribune.com,False,#MeToo,#MeToo [Support],1,1,0,True,Support,News/Reporting,United States,2018,FETCH_FAILED,0
http://www.supertalk1570.com/news/dem-congressman-told-by-accuser-a-year-ago-that-fairfax-had-metoo-allegation-sources-say/,,2019-02-07 15:30:00 UTC,supertalk1570.com,False,#MeToo,#MeToo [Support],1,1,0,True,Support,News/Reporting,UNKNOWN,2019,FETCH_FAILED,0
https://fr.reuters.com/article/frEuroRpt/idFRP6N28801A,France Telecom et Didier Lombard condamnés pour harcèlement moral,2019-12-20 10:45:00 UTC,reuters.com,True,harcèlement,harcèlement [Support],1,1,0,False,Support,News/Reporting,United States,2019,FETCH_FAILED,0
https://www.nytimes.com/2018/04/09/world/asia/china-metoo-gao-yan.html,,2018-04-09 13:15:00 UTC,nytimes.com,False,#MeToo,#MeToo [Support],1,1,0,True,Support,News/Reporting,United States,2018,FETCH_FAILED,0
https://www.983thecoast.com/2018/08/21/prominent-metoo-activist-actress-asia-argento-paid-off-actor-jimmy-bennett-after-he-accused-her-of-sexual-assault/,,2018-08-21 12:15:00 UTC,983thecoast.com,False,#MeToo,#MeToo [Support],1,1,0,True,Support,News/Reporting,UNKNOWN,2018,FETCH_FAILED,0
https://bisnis.tempo.co/read/1286750/hari-ibu-erick-thohir-kutuk-kekerasan-dan-pelecehan-seksual,"Hari Ibu, Erick Thohir Kutuk Kekerasan dan Pelecehan Seksual",2019-12-23 01:15:00 UTC,bisnis.tempo.co,False,pelecehan seksual,pelecehan seksual [Support],1,1,0,False,Support,News/Reporting,Colombia,2019,FETCH_FAILED,0
https://www.blabbermouth.net/news/steel-panthers-act-wasnt-affected-by-metoo-movement-were-not-fking-changing-for-nobody/,,2019-08-27 01:30:00 UTC,blabbermouth.net,False,#MeToo,#MeToo [Support],1,1,0,True,Support,News/Reporting,United States,2019,OK,3533
https://www.nairaland.com/5280254/rape-allegations-disowns-coza-church,,2019-07-03 18:45:00 UTC,nairaland.com,False,COZA,COZA [Support],1,1,0,False,Support,News/Reporting,Nigeria,2019,FETCH_FAILED,0
https://noticias.r7.com/sao-paulo/o-assassino-viveu-3-anos-dentro-de-casa-diz-mae-de-vitima-feminicidio-18022019,,2019-02-18 18:30:00 UTC,r7.com,False,feminicidio,feminicidio [Support],1,1,0,False,Support,News/Reporting,Brazil,2019,FETCH_FAILED,0
http://www.wbmq.net/news/trumps-metoo-swipe-updates-his-2016-playbook/,,2018-07-06 09:30:00 UTC,wbmq.net,False,#MeToo,#MeToo [Support],1,1,0,True,Support,News/Reporting,UNKNOWN,2018,FETCH_FAILED,0
https://cablera.telam.com.ar/cable/582655/a-un-anio-del-femicidio-de-la-adolescente-lucia-perez-cientos-de-personas-marcharon-para-pedir-justicia,,2017-10-08 23:15:00 UTC,telam.com.ar,False,femicidio,femicidio [Support],1,1,0,False,Support,News/Reporting,Argentina,2017,FETCH_FAILED,0
http://www.scotcampus.com/shane.php/286rf.xml,斗地主完整源代码_金秀妍_朱军的父亲_百战天龙,2019-11-10 00:30:00 UTC,scotcampus.com,True,朱军,朱军 [Support],1,1,0,False,Support,News/Reporting,UNKNOWN,2019,NO_TEXT,0
http://variety.com/2018/film/festivals/cannes-thierry-fremaux-metoo-timesup-1202800225/,,2018-05-07 10:45:00 UTC,variety.com,False,#MeToo | #TimesUp,#MeToo [Support] | #TimesUp [Support],2,2,0,True,Support,News/Reporting,United States,2018,OK,5074
http://www.westernmassnews.com/story/37004938/metoo-movement-named-time-magazines-person-of-the-year,,2017-12-06 13:15:00 UTC,westernmassnews.com,False,#MeToo,#MeToo [Support],1,1,0,True,Support,News/Reporting,United States,2017,FETCH_FAILED,0
https://www.sabah.com.tr/yasam/2019/10/21/emine-bulut-cinayeti-davasinda-muebbet-hapis-kararina-savciliktan-itiraz,Son dakika: Emine Bulut cinayeti davasında müebbet hapis kararına savcılıktan itiraz,2019-10-21 14:15:00 UTC,sabah.com.tr,True,Emine Bulut,Emine Bulut [Support],1,1,0,False,Support,News/Reporting,Turkey,2019,OK,1538
http://www.kalb.com/content/news/Advocates-want-MeToo-debate-to-include-immigrant-detention-468328403.html,,2018-01-08 20:00:00 UTC,kalb.com,False,#MeToo,#MeToo [Support],1,1,0,True,Support,News/Reporting,United States,2018,OK,860
http://www.newsradio1440.com/news/sexual-harassment-in-america-what-happens-after-metoo/,,2017-11-13 22:30:00 UTC,newsradio1440.com,False,#MeToo,#MeToo [Support],1,1,0,True,Support,News/Reporting,UNKNOWN,2017,FETCH_FAILED,0
http://www.star1021fm.com/news/national/one-fifth-of-americans-know-someone-who-said-metoo,,2017-11-09 17:15:00 UTC,star1021fm.com,False,#MeToo,#MeToo [Support],1,1,0,True,Support,News/Reporting,UNKNOWN,2017,FETCH_FAILED,0
http://www.660wxqw.com/news/pamela-anderson-slams-metoo-movement/,,2018-11-06 05:00:00 UTC,660wxqw.com,False,#MeToo,#MeToo [Support],1,1,0,True,Support,News/Reporting,UNKNOWN,2018,FETCH_FAILED,0
https://hyeres.maville.com/actu/actudet_-affaire-maelys.-l-avocat-de-lelandais-veut-faire-annuler-le-temoignage-d-un-ex-codetenu-l-accusant-du-viol-de-la-fillette_fil-3883461_actu.Htm,Affaire Maëlys. L'avocat de Lelandais veut faire annuler le témoignage d'un ex-codétenu,2019-10-24 11:00:00 UTC,maville.com,True,viol,viol [Support],1,1,0,False,Support,News/Reporting,France,2019,OK,3026
https://wmmbam.iheart.com/content/2018-01-24-in-the-year-of-metoo-why-does-this-oscar-nom-romanticize-adult-teen-relationships/,,2018-01-24 23:00:00 UTC,iheart.com,False,#MeToo,#MeToo [Support],1,1,0,True,Support,News/Reporting,United States,2018,OK,1376
http://www.kpax.com/story/36811932/the-creator-of-metoo-is-ready-to-move-forward,,2017-11-10 14:45:00 UTC,kpax.com,False,#MeToo,#MeToo [Support],1,1,0,True,Support,News/Reporting,United States,2017,FETCH_FAILED,0
http://www.khits.fm/news/national/the-creator-of-metoo-is-ready-to-move-forward,,2017-11-10 14:45:00 UTC,khits.fm,False,#MeToo,#MeToo [Support],1,1,0,True,Support,News/Reporting,UNKNOWN,2017,FETCH_FAILED,0
https://www.thetimes.co.uk/edition/news/big-rise-in-sexual-harassment-web-searches-thanks-to-metoo-3r93pnkg2,,2018-12-27 00:15:00 UTC,thetimes.co.uk,False,#MeToo,#MeToo [Support],1,1,0,True,Support,News/Reporting,United Kingdom,2018,OK,2017
https://www.lesnouvellesnews.fr/valerie-rey-robert-metoo-na-pas-aboli-la-culture-du-viol/,,2019-03-27 16:45:00 UTC,lesnouvellesnews.fr,False,#MeToo | viol,#MeToo [Support] | viol [Support],2,2,0,True,Support,News/Reporting,France,2019,OK,566
https://www.geo.tv/latest/252340-mahira-khan-comments-on-misuse-of-metoo-movement-in-pakistan,Mahira Khan opens up on misuse of #MeToo movement in Pakistan,2019-10-23 09:30:00 UTC,geo.tv,False,#MeToo,#MeToo [Support],1,1,0,True,Support,News/Reporting,Tuvalu,2019,FETCH_FAILED,0
https://www.straight.com/movies/1022796/handmaids-tale-season-2-premiere-wake-margaret-atwoods-controversial-metoo-commentary,,2018-01-23 02:30:00 UTC,straight.com,False,#MeToo,#MeToo [Support],1,1,0,True,Support,News/Reporting,Canada,2018,OK,2388
http://www.utv.ro/news/nick-carter-de-la-backstreet-boys-este-acuzat-de-viol/,,2017-11-22 11:45:00 UTC,utv.ro,False,viol,viol [Support],1,1,0,False,Support,News/Reporting,Romania,2017,FETCH_FAILED,0
https://money.bg/management/biznes-sredata-v-rusiya-dnes-e-po-losha-otkolkoto-prez-90-te-smyatat-menidzhari.html,"Бизнес средата в Русия днес е по-лоша, отколкото през 90-те, смятат мениджъри",2019-12-02 12:00:00 UTC,money.bg,True,#LoSHA,#LoSHA [Support],1,1,0,True,Support,News/Reporting,UNKNOWN,2019,OK,1472
https://marieclaire.perfil.com/noticias/cultura/woody-allen-amazon-nueva-york-selena-gomez-metoo-timothee-chalamet.phtml,Marie Claire | Woody Allen y otro regreso a pura controversia,2019-11-06 19:15:00 UTC,perfil.com,False,#MeToo,#MeToo [Support],1,1,0,True,Support,News/Reporting,Argentina,2019,OK,2121
https://www.pagina12.com.ar/221228-un-nuevo-femicidio-en-salta,Un nuevo femicidio en Salta | Pudo decirle a uno de...,2019-09-27 00:15:00 UTC,pagina12.com.ar,False,femicidio,femicidio [Support],1,1,0,False,Support,News/Reporting,Argentina,2019,OK,464
http://www.4-traders.com/QUDIAN-INC-ADR-38166104/news/Levi-Korsinsky-LLP-Reminds-Investors-of-an-Investigation-Involving-Possible-Securities-Fraud-Viol-25662748/,,2017-12-13 18:00:00 UTC,4-traders.com,False,viol,viol [Support],1,1,0,False,Support,News/Reporting,United States,2017,FETCH_FAILED,0
http://fall-river.wickedlocal.com/zz/news/20180118/has-metoo-gone-too-far-ansari-story-sparks-debate,,2018-01-19 01:45:00 UTC,wickedlocal.com,False,#MeToo,#MeToo [Support],1,1,0,True,Support,News/Reporting,United States,2018,FETCH_FAILED,0
https://www.cancan.ro/woody-allen-ar-trebui-sa-fiu-imaginea-miscarii-metoo-19771816,,2018-06-05 19:45:00 UTC,cancan.ro,False,#MeToo,#MeToo [Support],1,1,0,True,Support,News/Reporting,Romania,2018,OK,2632
https://www.atlantico.fr/decryptage/3582959/culture-du-viol-polemiques-et-gadgetisation-du-debat-public-gilles-clavreul,"Culture du viol, polémiques et gadgétisation du débat public",2019-11-16 10:15:00 UTC,atlantico.fr,True,viol,viol [Support],1,1,0,False,Support,News/Reporting,France,2019,NO_TEXT,0
https://larepublica.pe/sociedad/2019/11/05/feminicidio-en-peru-feminicidas-dejaron-en-la-orfandad-a-164-ninos-ninas-y-adolescentes/,"Feminicidio en Perú: feminicidas dejaron en la orfandad a 164 niños, niñas y adolescentes | Sociedad",2019-11-05 02:45:00 UTC,larepublica.pe,True,feminicidio,feminicidio [Support],1,1,0,False,Support,News/Reporting,Peru,2019,OK,2413
http://www.14news.com/story/38350741/judge-who-sentenced-brock-turner-ousted-amid-metoo-movement,,2018-06-06 22:15:00 UTC,14news.com,False,#MeToo,#MeToo [Support],1,1,0,True,Support,News/Reporting,United States,2018,FETCH_FAILED,0
https://vijaykarnataka.com/news/india/jharkhand-special-cbi-court-convicts-ranchis-nirbhaya-rape-murder-accused-after-swift-trial/articleshow/72908571.cms,"Ranchi Nirbhaya case : ಜಾರ್ಖಂಡ್‌ ನಿರ್ಭಯಾ ಆರೋಪಿಯೂ ದೋಷಿ, ಸಿಬಿಐ ನ್ಯಾಯಾಲಯ ಮಹತ್ವದ ತೀರ್ಪು - jharkhand special cbi court convicts ranchi's nirbhaya rape-murder accused after swift trial",2019-12-21 05:45:00 UTC,vijaykarnataka.com,True,Nirbhaya,Nirbhaya [Support],1,1,0,False,Support,News/Reporting,UNKNOWN,2019,OK,1548
http://www.laarena.com.ar/la_pampa-intento-de-femicidio-triplemente-agravado-2089726-163.html,Intento de femicidio triplemente agravado,2019-12-19 07:45:00 UTC,laarena.com.ar,False,femicidio,femicidio [Support],1,1,0,False,Support,News/Reporting,Argentina,2019,NO_TEXT,0
https://aristeguinoticias.com/2403/lomasdestacado/metooescritoresmexicanos-metoocinemexicano-y-metooacademicos-campanas-para-denunciar-acoso/,,2019-03-24 17:30:00 UTC,aristeguinoticias.com,False,#MeTooCineMexicano | #MeTooEscritoresMexicanos,#MeTooCineMexicano [Support] | #MeTooEscritoresMexicanos [Support],2,2,0,True,Support,News/Reporting,Mexico,2019,TOO_SHORT,191
https://www.nytimes.com/2018/02/28/us/politics/nra-logo-no-metoo-shirt-maybe-justices-weigh-political-apparel-at-polls.html,,2018-02-28 21:15:00 UTC,nytimes.com,False,#MeToo,#MeToo [Support],1,1,0,True,Support,News/Reporting,United States,2018,FETCH_FAILED,0
http://losangeles.cbslocal.com/2018/05/08/sandra-pezqueda-250k-settlement-metoo-time-silence-breakers/,,2018-05-09 07:15:00 UTC,cbslocal.com,False,#MeToo,#MeToo [Support],1,1,0,True,Support,News/Reporting,United States,2018,OK,1516
https://www.rtbf.be/info/societe/detail_julian-assange-un-tribunal-suedois-rejette-la-demande-d-arrestation-de-julian-assange-pour-viol?id=10237233,,2019-06-03 15:30:00 UTC,rtbf.be,False,viol,viol [Support],1,1,0,False,Support,News/Reporting,Belgium,2019,OK,1989
https://www.ktbs.com/news/national/report-majority-of-schools-surveyed-don-t-provide-students-with/article_7547b1b5-ab70-5e80-abd2-0dc63453f42f.html,Report: Majority of schools surveyed don't provide students with basic due process rights | National,2019-12-27 20:00:00 UTC,ktbs.com,False,due process,due process [Backlash],1,0,1,False,Backlash,News/Reporting,United States,2019,FETCH_FAILED,0
http://168ora.hu/itthon/metoo-a-nok-a-vehemensebb-aldozathibaztatok-es-ennek-megvan-az-oka-14202,,2017-12-19 13:15:00 UTC,168ora.hu,False,#MeToo,#MeToo [Support],1,1,0,True,Support,News/Reporting,Hungary,2017,OK,10082
https://www.bienpublic.com/faits-divers/2019/06/10/six-hommes-declares-coupables-pour-le-viol-et-meurtre-d-une-fillette,,2019-06-10 13:15:00 UTC,bienpublic.com,False,viol,viol [Support],1,1,0,False,Support,News/Reporting,France,2019,OK,2264
https://www.lefigaro.fr/cinema/une-troisieme-actrice-qui-accuse-weinstein-de-viol-autorisee-a-temoigner-20191128,Une troisième actrice qui accuse Weinstein de viol autorisée à témoigner,2019-11-28 12:00:00 UTC,lefigaro.fr,True,viol,viol [Support],1,1,0,False,Support,News/Reporting,France,2019,OK,2171
https://www.gjsentinel.com/news/national/report-majority-of-schools-surveyed-don-t-provide-students-with/article_be0b71c8-c476-547e-adb8-33ee96264c14.html,Report: Majority of schools surveyed don't provide students with basic due process rights | National,2019-12-27 20:30:00 UTC,gjsentinel.com,False,due process,due process [Backlash],1,0,1,False,Backlash,News/Reporting,United States,2019,FETCH_FAILED,0
https://www.madhyamam.com/india/metoo-akashvani-india-news/572978,,2018-11-15 19:45:00 UTC,madhyamam.com,False,#MeToo,#MeToo [Support],1,1,0,True,Support,News/Reporting,India,2018,OK,821
https://launion.com.ar/se-registro-un-femicidio-cada-33-horas-desde-el-inicio-del-ano/,,2019-05-06 17:30:00 UTC,launion.com.ar,False,femicidio,femicidio [Support],1,1,0,False,Support,News/Reporting,UNKNOWN,2019,FETCH_FAILED,0
https://www.wvnews.com/theet/newsfeed/world/milan-fashion-week-opens-with-metoo-moment-of-reflection/article_2ab9731b-0184-530d-a6e4-be2a19211dac.html,,2018-02-22 00:00:00 UTC,wvnews.com,False,#MeToo,#MeToo [Support],1,1,0,True,Support,News/Reporting,UNKNOWN,2018,FETCH_FAILED,0
https://www.nytimes.com/2017/12/14/nyregion/kirsten-gillibrand-and-the-whiplash-of-metoo.html,,2017-12-14 23:45:00 UTC,nytimes.com,False,#MeToo,#MeToo [Support],1,1,0,True,Support,News/Reporting,United States,2017,FETCH_FAILED,0
http://www.business-standard.com/article/news-ians/rs-2-644-cr-approved-for-various-schemes-under-nirbhaya-fund-117122101473_1.html,,2017-12-21 18:00:00 UTC,business-standard.com,False,Nirbhaya,Nirbhaya [Support],1,1,0,False,Support,News/Reporting,India,2017,FETCH_FAILED,0
http://www.elpais.com.uy/informacion/senado-aprobo-delito-femicidio.html,,2017-10-03 20:30:00 UTC,elpais.com.uy,False,femicidio,femicidio [Support],1,1,0,False,Support,News/Reporting,Uruguay,2017,FETCH_FAILED,0
http://www.elpais.com.co/judicial/nuevo-caso-de-feminicidio-en-el-oriente-de-cali.html,,2017-10-19 23:45:00 UTC,elpais.com.co,False,feminicidio,feminicidio [Support],1,1,0,False,Support,News/Reporting,Colombia,2017,OK,1676
https://cinema.maalaimalar.com/cinema/cinemanews/2019/11/05215308/1269850/Isha-Koppikar-On-Casting-Couch.vpf,முன்னணி நடிகர் பாலியல் தொல்லை கொடுத்தார்- நடிகை இஷா கோபிகர் குற்றச்சாட்டு || Isha Koppikar On Casting Couch,2019-11-05 18:15:00 UTC,maalaimalar.com,True,பாலியல் தொல்லை,பாலியல் தொல்லை [Support],1,1,0,False,Support,News/Reporting,India,2019,FETCH_FAILED,0
https://www.firstpost.com/world/16-people-sentenced-to-death-in-bangladesh-for-burning-alive-teenager-victim-had-accused-teacher-of-sexual-harassment-7549761.html,16 people sentenced to death in Bangladesh for burning alive teenager; victim had accused teacher of sexual harassment,2019-10-24 11:15:00 UTC,firstpost.com,False,sexual harassment,sexual harassment [Support],1,1,0,False,Support,News/Reporting,India,2019,FETCH_FAILED,0
https://www.thenews.com.pk/latest/381574-salman-khans-ex-girlfriend-somy-ali-speaks-out-on-metoo-alert,,2018-10-16 11:45:00 UTC,thenews.com.pk,False,#MeToo,#MeToo [Support],1,1,0,True,Support,News/Reporting,Pakistan,2018,OK,4069
http://www.1063word.com/articles/ap-news/church-expert-metoo-chile-bishop-scandal-wake-call,,2018-02-09 22:00:00 UTC,1063word.com,False,#MeToo,#MeToo [Support],1,1,0,True,Support,News/Reporting,UNKNOWN,2018,FETCH_FAILED,0
https://www.cronica.com.ar/policiales/Un-nene-de-10-anos-confeso-el-femicidio-de-Natalia-Saban-20191211-0134.html,Un nene de 10 años confesó el femicidio de Natalia Saban,2019-12-12 05:30:00 UTC,cronica.com.ar,True,femicidio,femicidio [Support],1,1,0,False,Support,News/Reporting,Argentina,2019,OK,3228
http://www.pionline.com/article/20180524/ONLINE/180529910/top-idg-capital-investment-executive-fired-in-rare-chinese-metoo-flare-up,,2018-05-24 22:15:00 UTC,pionline.com,False,#MeToo,#MeToo [Support],1,1,0,True,Support,News/Reporting,United States,2018,TOO_SHORT,399
http://theconversation.com/as-metoo-harassment-claims-hit-the-church-of-england-its-an-institution-still-steeped-in-sexism-86884,,2017-11-06 17:30:00 UTC,theconversation.com,False,#MeToo,#MeToo [Support],1,1,0,True,Support,News/Reporting,United States,2017,OK,4904
https://www.aerztezeitung.de/panorama/article/976858/weltweiter-aufschrei-peking-ordnet-untersuchung-gen-babys.html,,2018-11-27 10:15:00 UTC,aerztezeitung.de,False,#Aufschrei | #aufschrei,#Aufschrei [Support] | #aufschrei [Support],2,2,0,True,Support,News/Reporting,Germany,2018,OK,4596
https://fmbolivia.com.bo/la-paz-marcha-contra-feminicidio-activistas-denuncian-politizacion/,,2019-08-10 18:00:00 UTC,fmbolivia.com.bo,False,feminicidio,feminicidio [Support],1,1,0,False,Support,News/Reporting,Bolivia,2019,FETCH_FAILED,0
http://www.lenouvelliste.ch/articles/monde/egypte-trois-ans-de-prison-pour-un-avocat-qui-a-prone-le-viol-des-femmes-portant-des-jeans-troues-720015,,2017-12-02 17:00:00 UTC,lenouvelliste.ch,False,viol,viol [Support],1,1,0,False,Support,News/Reporting,Switzerland,2017,OK,1070
http://thestarphoenix.com/pmn/news-pmn/metoo-movement-starting-to-show-generational-divides/wcm/0b31a068-c4ef-4b34-82e2-f503350280ee,,2018-01-28 17:45:00 UTC,thestarphoenix.com,False,#MeToo,#MeToo [Support],1,1,0,True,Support,News/Reporting,Canada,2018,FETCH_FAILED,0
https://www.lematin.ch/monde/Barbie-part-en-guerre-contre-le-sexisme/story/31292389,,2018-10-10 00:15:00 UTC,lematin.ch,False,sexisme,sexisme [Support],1,1,0,False,Support,News/Reporting,Switzerland,2018,FETCH_FAILED,0
https://www.welt.de/kultur/article196743225/Nach-Metoo-Nackte-Frauenkoerper-fotografieren-heute.html,,2019-07-11 19:00:00 UTC,welt.de,False,#MeToo,#MeToo [Support],1,1,0,True,Support,News/Reporting,Germany,2019,OK,6352
http://www.ln-online.de/Lokales/Ostholstein/MeToo-Kampagne-bewegt-Ostholstein,,2017-11-20 22:45:00 UTC,ln-online.de,False,#MeToo,#MeToo [Support],1,1,0,True,Support,News/Reporting,Germany,2017,FETCH_FAILED,0
https://www.diariodeavila.es/Noticia/Z9949A8A0-EA7B-3FE3-B72D9292F673BB5C/201911/11-victimas-de-violencia-de-genero-en-la-casa-de-acogida,"11 víctimas de violencia de género, en la casa de acogida | Noticias Diario de Ávila",2019-11-26 19:15:00 UTC,diariodeavila.es,True,violencia de género,violencia de género [Support],1,1,0,False,Support,News/Reporting,Spain,2019,OK,3465
https://www.khou.com/article/news/nation-world/amid-metoo-states-debate-teaching-consent-to-kids/285-c451c0e0-b900-40a5-b1f9-296731a435fe,,2019-05-20 13:15:00 UTC,khou.com,False,#MeToo,#MeToo [Support],1,1,0,True,Support,News/Reporting,United States,2019,FETCH_FAILED,0
https://www.koimoi.com/outside-bollywood/hollywood/margot-robbie-sexual-harassment-is-something-we-all-have-to-solve-together-not-just-women/,"Margot Robbie: ""Sexual Harassment Is Something We All Have To Solve Together, Not Just Women""",2019-12-22 11:30:00 UTC,koimoi.com,False,sexual harassment,sexual harassment [Support],1,1,0,False,Support,News/Reporting,India,2019,FETCH_FAILED,0
https://noticieros.televisa.com/ultimas-noticias/calcetitas-rojas-inicia-juicio-por-feminicidio/,,2018-11-23 07:15:00 UTC,televisa.com,False,feminicidio,feminicidio [Support],1,1,0,False,Support,News/Reporting,Mexico,2018,FETCH_FAILED,0
http://www.24hod.sk/b-bardotova-nazvala-herecky-zapojene-v-kampani-metoo-za-pokrytecke-cl561857.html,,2018-01-18 23:00:00 UTC,24hod.sk,False,#MeToo,#MeToo [Support],1,1,0,True,Support,News/Reporting,Slovak Republic,2018,OK,2325
https://www.sudouest.fr/2018/05/18/marc-machin-ancienne-victime-d-une-erreur-judiciaire-en-garde-a-vue-pour-viol-5067697-4697.php,,2018-05-18 06:15:00 UTC,sudouest.fr,False,viol,viol [Support],1,1,0,False,Support,News/Reporting,France,2018,OK,1834
https://g1.globo.com/df/distrito-federal/noticia/2019/03/20/feminicidio-mulher-e-assassinada-com-golpe-na-nuca-dentro-de-casa-no-df.ghtml,,2019-03-20 11:45:00 UTC,globo.com,False,feminicidio,feminicidio [Support],1,1,0,False,Support,News/Reporting,Brazil,2019,OK,1741
http://www.cbc.ca/radio/q/blog/catherine-deneuve-says-the-metoo-movement-has-turned-into-a-witch-hunt-1.4479273,,2018-01-09 21:30:00 UTC,cbc.ca,False,#MeToo,#MeToo [Support],1,1,0,True,Support,Opinion/Editorial,Canada,2018,FETCH_FAILED,0
https://www.zazoom.it/2019-12-10/sfiorata-la-rissa-tra-asia-argento-e-vincenzo-cruciani/6008230/,Sfiorata la rissa tra Asia Argento e Vincenzo Cruciani -,2019-12-10 09:00:00 UTC,zazoom.it,False,Asia Argento,Asia Argento [Support],1,1,0,False,Support,News/Reporting,Italy,2019,FETCH_FAILED,0
https://www.huffingtonpost.ca/2018/09/10/trudeau-metoo-sexual-harassment-women-in-the-world_a_23522968/,,2018-09-11 01:00:00 UTC,huffingtonpost.ca,False,#MeToo,#MeToo [Support],1,1,0,True,Support,News/Reporting,Canada,2018,FETCH_FAILED,0
https://www.elancasti.com.ar/policiales/2019/4/5/condena-de-12-anos-por-abuso-sexual-intento-de-femicidio-400484.html,,2019-04-05 08:15:00 UTC,elancasti.com.ar,False,femicidio,femicidio [Support],1,1,0,False,Support,News/Reporting,Argentina,2019,OK,3509
https://www.kannadaprabha.com/cinema/news/2019/nov/03/i-feel-proud-for-given-metoo-complaint-says-sruthi-hariharan-405279.html,"#MeToo ದೂರು ನೀಡಿರುವ ಬಗೆಗೆ ಹೆಮ್ಮೆ ಇದೆ, ವಿಷಾದವಿಲ್ಲ: ಶೃತಿ ಹರಿಹರನ್",2019-11-03 13:15:00 UTC,kannadaprabha.com,True,#MeToo,#MeToo [Support],1,1,0,True,Support,News/Reporting,India,2019,OK,1083
https://www.brasil247.com/pt/247/mundo/337971/Viol%C3%AAncia-contra-a-mulher-%C3%A9-praga-que-precisa-ser-combatida-diz-Papa-Francisco.htm,,2018-01-21 12:00:00 UTC,brasil247.com,False,viol,viol [Support],1,1,0,False,Support,News/Reporting,Brazil,2018,FETCH_FAILED,0
https://www.abc.net.au/news/2018-11-18/sexual-harassment-in-rural-australian-workplaces-ignored-metoo/10505324,,2018-11-17 20:45:00 UTC,abc.net.au,False,#MeToo,#MeToo [Support],1,1,0,True,Support,News/Reporting,Australia,2018,OK,5095
https://wgci.iheart.com/content/2018-03-15-jennifer-lopez-reveals-her-metoo-moment-with-a-director-i-was-terrified/,,2018-03-15 22:00:00 UTC,iheart.com,False,#MeToo,#MeToo [Support],1,1,0,True,Support,News/Reporting,United States,2018,OK,1442
https://www.indiagazette.com/news/258316997/be-visible-and-loud-to-drive-metoo-forward-women-say,,2018-11-16 04:00:00 UTC,indiagazette.com,False,#MeToo,#MeToo [Support],1,1,0,True,Support,News/Reporting,India,2018,OK,6022
http://www.lanacion.com.py/pais/2018/02/28/nuevo-caso-de-feminicidio-en-san-pedro/,,2018-02-28 16:00:00 UTC,lanacion.com.py,False,feminicidio,feminicidio [Support],1,1,0,False,Support,News/Reporting,Paraguay,2018,OK,1334
https://www.geelongadvertiser.com.au/news/viewers-fume-as-metoo-scandal-engulfs-survivor/news-story/a7c06cd9d10b1c72dbac32e90235d1ca?nk=2cf0b6b2c799b2b3c8370ec62f82aaec-1573796829,Survivor: Island of the Idols slammed for handling of #MeToo scandal,2019-11-15 06:00:00 UTC,geelongadvertiser.com.au,False,#MeToo,#MeToo [Support],1,1,0,True,Support,News/Reporting,Australia,2019,OK,2231
https://www.segodnya.ua/economics/enews/menshe-nefti-bolshe-masla-v-ukraine-aktivizirovalas-rabota-morskih-portov-1120967.html,,2018-03-09 11:30:00 UTC,segodnya.ua,False,masla,masla [Backlash],1,0,1,False,Backlash,News/Reporting,Ukraine,2018,FETCH_FAILED,0
https://wjno.iheart.com/content/2018-01-24-alleged-sex-trafficker-say-he-cant-get-a-fair-trial-due-to-metoo-movement/,,2018-01-24 22:00:00 UTC,iheart.com,False,#MeToo,#MeToo [Support],1,1,0,True,Support,News/Reporting,United States,2018,OK,1126
http://www.arbetarbladet.se/noje/teaterarbetare-metoo-storre-an-enskilda-fall,,2017-11-20 14:45:00 UTC,arbetarbladet.se,False,#MeToo,#MeToo [Support],1,1,0,True,Support,News/Reporting,Sweden,2017,FETCH_FAILED,0
http://www.scmp.com/news/hong-kong/article/2116612/why-i-wont-be-posting-metoo-social-media-over-sexual-abuse-wake,,2017-10-23 11:15:00 UTC,scmp.com,False,#MeToo,#MeToo [Support],1,1,0,True,Support,News/Reporting,China,2017,OK,1576
https://www.rionegro.com.ar/region/enjuiciaran-en-breve-a-un-juez-y-el-fiscal-por-el-femicidio-de-las-ovejas-AX5635561,,2018-08-31 03:45:00 UTC,rionegro.com.ar,False,femicidio,femicidio [Support],1,1,0,False,Support,News/Reporting,Argentina,2018,FETCH_FAILED,0
https://www.hindustantimes.com/fashion-and-trends/karl-lagerfeld-s-metoo-shocker-don-t-be-a-model-if-you-don-t-want-pants-to-be-pulled/story-lmP2nwv6DsCTIECql5MfbJ.html,,2018-04-14 12:00:00 UTC,hindustantimes.com,False,#MeToo,#MeToo [Support],1,1,0,True,Support,News/Reporting,India,2018,OK,1998
http://www.news5cleveland.com/news/national/empowering-and-overwhelming-impact-of-metoo-beyond-social-media,,2017-11-30 03:15:00 UTC,news5cleveland.com,False,#MeToo,#MeToo [Support],1,1,0,True,Support,News/Reporting,UNKNOWN,2017,OK,1764
http://www.diariocordoba.com/noticias/gente/campana-metoo-llega-moda-nueva-york-esposadas-cabezas-cerdo_1204867.html,,2018-02-10 17:45:00 UTC,diariocordoba.com,False,#MeToo,#MeToo [Support],1,1,0,True,Support,News/Reporting,Spain,2018,OK,5192
https://www.wokv.com/news/national/california-metoo-leader-cleared-groping-allegations/Li7wmDDeYC8w8vdHmxZ8pM/,,2018-05-18 02:15:00 UTC,wokv.com,False,#MeToo,#MeToo [Support],1,1,0,True,Support,News/Reporting,United States,2018,FETCH_FAILED,0
https://adevarul.ro/locale/vaslui/decizia-uluitoare-judecatorilor-cazul-interlopului-vaslui-acuzat-rapit-eleva-siluit-o-scara-unui-bloc-fapta-odioasa-transformata-tentativa-viol-1_5d949ede892c0bb0c62f8c57/,Decizia uluitoare a judecătorilor în cazul interlopului din Vaslui acuzat că a luat cu forţa o elevă şi a siluit-o în scara unui bloc,2019-10-02 14:30:00 UTC,adevarul.ro,True,viol,viol [Support],1,1,0,False,Support,News/Reporting,Romania,2019,FETCH_FAILED,0
https://www.oanow.com/corner/entertainment/movies_tv/the-latest-at-globes-milano-says-metoo-must-go-further/article_f76535f6-9e98-5c0a-8e57-579d362635a1.html,,2019-01-07 00:45:00 UTC,oanow.com,False,#MeToo,#MeToo [Support],1,1,0,True,Support,News/Reporting,United States,2019,FETCH_FAILED,0
https://www.eldiarionuevodia.com.ar/nacional/info-general/2019/3/4/una-bandera-gigante-contra-el-femicidio-79575.html,,2019-03-04 10:45:00 UTC,eldiarionuevodia.com.ar,False,femicidio,femicidio [Support],1,1,0,False,Support,News/Reporting,Argentina,2019,OK,5433
https://www.thetottenhamindependent.co.uk/news/national/17029000.green-to-lodge-complaint-against-peer-who-named-him-in-metoo-allegations/,,2018-10-27 03:15:00 UTC,thetottenhamindependent.co.uk,False,#MeToo,#MeToo [Support],1,1,0,True,Support,News/Reporting,United Kingdom,2018,OK,3447
https://www.cdt.ch/svizzera/sacerdote-accusa-un-altro-prete-di-molestie-sessuali-HD2173898,Sacerdote accusa un altro prete di molestie sessuali,2019-12-28 15:15:00 UTC,cdt.ch,False,molestie sessuali,molestie sessuali [Support],1,1,0,False,Support,News/Reporting,Switzerland,2019,FETCH_FAILED,0
https://aajtak.intoday.in/crime/story/nirbhaya-re-run-in-bengal-tribal-woman-raped-rod-inserted-into-private-parts-1-985343.html,,2018-02-20 14:00:00 UTC,aajtak.intoday.in,False,Nirbhaya,Nirbhaya [Support],1,1,0,False,Support,News/Reporting,India,2018,OK,1892
http://arede.info/ponta-grossa/252369/suspeito-de-feminicidio-em-pg-foi-preso-nesta-manha,,2019-03-14 16:45:00 UTC,arede.info,False,feminicidio,feminicidio [Support],1,1,0,False,Support,News/Reporting,Brazil,2019,NO_TEXT,0
http://www.lavanguardia.com/de-moda/20180421/442815813144/karl-lagerfeld-metoo-feminismo-abusos-sexuales-frases.html,,2018-04-21 09:30:00 UTC,lavanguardia.com,False,#MeToo,#MeToo [Support],1,1,0,True,Support,News/Reporting,Spain,2018,OK,2118
https://myfox28columbus.com/news/entertainment/sean-penn-says-hes-very-suspicious-of-movements-like-metoo,,2018-09-17 21:15:00 UTC,myfox28columbus.com,False,#MeToo,#MeToo [Support],1,1,0,True,Support,News/Reporting,United States,2018,FETCH_FAILED,0
http://www.wjez.com/news/roseanne-barr-goes-after-metoo/,,2019-03-04 22:30:00 UTC,wjez.com,False,#MeToo,#MeToo [Support],1,1,0,True,Support,News/Reporting,UNKNOWN,2019,FETCH_FAILED,0
http://www.ziarelive.ro/stiri/alerta-in-hunedoara-un-barbat-inarmat-acuzat-de-viol-este-cautat-de-politisti.html,,2018-01-31 16:00:00 UTC,ziarelive.ro,False,viol,viol [Support],1,1,0,False,Support,News/Reporting,UNKNOWN,2018,FETCH_FAILED,0
http://www.kxly.com/news/metoo-campaign-spreads-across-social-media-raising-awareness-1/641276803,,2017-10-19 07:00:00 UTC,kxly.com,False,#MeToo,#MeToo [Support],1,1,0,True,Support,News/Reporting,United States,2017,FETCH_FAILED,0
https://listindiario.com/la-republica/2019/10/31/589350/se-entrega-hombre-acusado-de-matar-a-su-expareja-en-la-romana,FEMINICIDIO - Se entrega hombre acusado de matar a su expareja en La Romana,2019-10-31 14:30:00 UTC,listindiario.com,False,feminicidio,feminicidio [Support],1,1,0,False,Support,News/Reporting,United States,2019,OK,958
https://www.mnnonline.org/news/metoo-in-the-church/,,2018-03-20 05:45:00 UTC,mnnonline.org,False,#MeToo,#MeToo [Support],1,1,0,True,Support,News/Reporting,United States,2018,OK,7337
http://wtov9.com/news/nation-world/metoo-crisis-jolts-southern-baptists-ahead-of-key-gathering,,2018-06-09 18:30:00 UTC,wtov9.com,False,#MeToo,#MeToo [Support],1,1,0,True,Support,News/Reporting,United States,2018,OK,5241
https://www.aftenposten.no/meninger/kommentar/i/ddeB1X/Kostnaden-ved-svenske-metoo-tilstander--Helle-Stensbak,,2018-10-30 00:30:00 UTC,aftenposten.no,False,#MeToo,#MeToo [Support],1,1,0,True,Support,Opinion/Editorial,Norway,2018,OK,820
http://www.ilgiornale.it/news/politica/cos-metoo-riscrive-diario-bridget-jones-1582573.html,,2018-10-01 08:45:00 UTC,ilgiornale.it,False,#MeToo,#MeToo [Support],1,1,0,True,Support,News/Reporting,Italy,2018,OK,3601
https://www.nu.nl/metoo/5970465/bill-cosby-niet-blij-met-schikking-die-verzekeraar-treft-met-janice-dickinson.html,,2019-07-25 17:30:00 UTC,nu.nl,False,#MeToo,#MeToo [Support],1,1,0,True,Support,News/Reporting,Netherlands,2019,NO_TEXT,0
https://www.inquisitr.com/5099630/donald-trump-appears-to-mock-the-metoo-movement-and-christine-ford-by-saying-its-a-damn-sad-situation/,,2018-10-03 04:30:00 UTC,inquisitr.com,False,#MeToo,#MeToo [Support],1,1,0,True,Support,News/Reporting,United States,2018,FETCH_FAILED,0
http://www.kmjnow.com/news/workplace-sexual-harassment-claims-have-spiked-in-the-metoo-era/,,2018-10-04 22:45:00 UTC,kmjnow.com,False,#MeToo,#MeToo [Support],1,1,0,True,Support,News/Reporting,UNKNOWN,2018,FETCH_FAILED,0
https://www.thechronicle.com.au/news/entourage-star-metoo-ruined-my-career/3770843/,,2019-07-04 00:45:00 UTC,thechronicle.com.au,False,#MeToo,#MeToo [Support],1,1,0,True,Support,News/Reporting,Australia,2019,FETCH_FAILED,0
https://a8se.com/sergipe/noticia/2019/11/169863-pc-prende-em-sp-homem-acusado-praticar-feminicidio-em-sergipe.html,Sergipe – PC prende em SP homem acusado praticar feminicídio em Sergipe – A8 Sergipe – O seu portal de notícias,2019-11-14 16:30:00 UTC,a8se.com,True,feminicidio,feminicidio [Support],1,1,0,False,Support,News/Reporting,Brazil,2019,FETCH_FAILED,0
https://pagesix.com/2017/11/25/stassi-schroeder-loses-podcast-advertisers-over-metoo-episode/,,2017-11-25 21:30:00 UTC,pagesix.com,False,#MeToo,#MeToo [Support],1,1,0,True,Support,News/Reporting,United States,2017,OK,1724
https://www.elperiodicoextremadura.com/noticias/extremadura/igualdad-revisara-red-atencion-victimas-violencia-genero_1189839.html,Igualdad revisará la Red de Atención a las Víctimas de Violencia de Género,2019-10-02 04:00:00 UTC,elperiodicoextremadura.com,True,violencia de género,violencia de género [Support],1,1,0,False,Support,News/Reporting,Spain,2019,OK,3746
http://www.985kissfm.net/news/henry-cavill-apologizes-after-metoo-backlash/,,2018-07-14 09:00:00 UTC,985kissfm.net,False,#MeToo,#MeToo [Support],1,1,0,True,Support,News/Reporting,UNKNOWN,2018,FETCH_FAILED,0
https://www.diariolaprovinciasj.com/policiales/2019/2/11/comienza-el-juicio-por-el-femicidio-de-talia-recabarren-104744.html,,2019-02-12 00:15:00 UTC,diariolaprovinciasj.com,False,femicidio,femicidio [Support],1,1,0,False,Support,News/Reporting,Argentina,2019,NO_TEXT,0
http://tucson.com/news/national/no-tampons-in-prison-metoo-helps-shine-light-on-issue/article_55f1a702-fa69-52fb-9eb0-26b09a6b842c.html,,2018-03-27 05:45:00 UTC,tucson.com,False,#MeToo,#MeToo [Support],1,1,0,True,Support,News/Reporting,United States,2018,FETCH_FAILED,0
http://www.rock103albany.com/news/israeli-production-company-launches-undercover-reality-tv-show-for-the-metoo-era/,,2018-03-22 02:30:00 UTC,rock103albany.com,False,#MeToo,#MeToo [Support],1,1,0,True,Support,News/Reporting,UNKNOWN,2018,FETCH_FAILED,0
https://publimetro.pe/actualidad/noticia-niunamenos-convoca-nueva-marcha-25-noviembre-65998,,2017-10-12 15:15:00 UTC,publimetro.pe,False,#NiUnaMenos,#NiUnaMenos [Support],1,1,0,True,Support,News/Reporting,Peru,2017,FETCH_FAILED,0
http://www.caledonianrecord.com/news/regional/no-tampons-in-prison-metoo-helps-shine-light-on-issue/article_12947d21-9a3a-59c6-a970-37de6906039e.html,,2018-03-27 05:30:00 UTC,caledonianrecord.com,False,#MeToo,#MeToo [Support],1,1,0,True,Support,News/Reporting,United States,2018,FETCH_FAILED,0
https://www.fdlreporter.com/story/news/politics/2018/10/02/donald-trump-mocks-christine-ford-appears-lament-metoo/1500306002/,,2018-10-03 14:15:00 UTC,fdlreporter.com,False,#MeToo,#MeToo [Support],1,1,0,True,Support,News/Reporting,United States,2018,OK,1955
https://www.volksstimme.de/schlaglichter/nach-metoo-vorwuerfen-domingo-verlaesst-new-yorker-met-oper/1569364982000,Nach MeToo-Vorwürfen: Domingo verlässt New Yorker Met-Oper,2019-09-24 23:45:00 UTC,volksstimme.de,True,#MeToo,#MeToo [Support],1,1,0,True,Support,News/Reporting,Germany,2019,NO_TEXT,0
http://www.nydailynews.com/entertainment/music/cardi-b-hip-hop-isn-metoo-article-1.3884627,,2018-03-19 23:30:00 UTC,nydailynews.com,False,#MeToo,#MeToo [Support],1,1,0,True,Support,News/Reporting,United States,2018,OK,3655
https://www.etc.se/inrikes/veckans-fraga-hur-har-mans-attityder-paverkats-av-metoo,,2018-10-19 10:15:00 UTC,etc.se,False,#MeToo,#MeToo [Support],1,1,0,True,Support,News/Reporting,Sweden,2018,FETCH_FAILED,0
https://www.estrepublicain.fr/edition-de-verdun/2019/03/24/la-mere-invente-un-viol-afin-d-avoir-la-garde-de-son-fils,,2019-03-24 22:15:00 UTC,estrepublicain.fr,False,viol,viol [Support],1,1,0,False,Support,News/Reporting,France,2019,OK,1822
https://www.merkur.de/welt/metoo-debatte-weinsteins-anklaegerin-argento-selbst-sexuellen-angriffs-beschuldigt-zr-10135679.html,,2018-08-20 09:45:00 UTC,merkur.de,False,#MeToo,#MeToo [Support],1,1,0,True,Support,News/Reporting,Germany,2018,FETCH_FAILED,0
https://www.lesoleil.com/actualite/justice-et-faits-divers/sondage-moiaussi-pour-91--des-gens-il-est-grand-temps-de-denoncer-et-de-punir-fa9a56337c58f22d3eadac25e4d48b80,,2018-10-11 10:00:00 UTC,lesoleil.com,False,#MoiAussi,#MoiAussi [Support],1,1,0,True,Support,News/Reporting,UNKNOWN,2018,OK,3149
http://www.hn.se/n%C3%B6je/efter-metoo-oscarsakademin-antar-ny-policy-1.5107023,,2018-01-28 14:15:00 UTC,hn.se,False,#MeToo,#MeToo [Support],1,1,0,True,Support,News/Reporting,Sweden,2018,OK,1022
https://jambi.tribunnews.com/2019/12/13/erick-thohir-soal-kasus-pelecehan-seksual-pramugari-garuda-perempuan-itu-mohon-maaf,"Erick Thohir Soal Kasus Pelecehan Seksual Pramugari Garuda, ""Perempuan Itu Mohon Maaf. . .""",2019-12-13 03:15:00 UTC,tribunnews.com,False,pelecehan seksual,pelecehan seksual [Support],1,1,0,False,Support,News/Reporting,Indonesia,2019,FETCH_FAILED,0
https://www.deccanchronicle.com/entertainment/bollywood/040319/metoo-vinta-pulls-up-elnaaz-norouzi.html,,2019-03-04 06:15:00 UTC,deccanchronicle.com,False,#MeToo,#MeToo [Support],1,1,0,True,Support,News/Reporting,India,2019,OK,2352
https://hellobeautiful.com/2997600/listen-to-black-women-episode-5-do-we-really-want-metoo-for-us-too/,,2018-05-02 14:30:00 UTC,hellobeautiful.com,False,#MeToo,#MeToo [Support],1,1,0,True,Support,News/Reporting,United States,2018,OK,1644
https://www.siasat.com/news/6th-anniversary-nirbhaya-case-her-mother-advises-girls-not-consider-themselves-weak-1446123/,,2018-12-16 09:30:00 UTC,siasat.com,False,Nirbhaya,Nirbhaya [Support],1,1,0,False,Support,News/Reporting,India,2018,FETCH_FAILED,0
https://www.business-standard.com/article/current-affairs/as-metoo-gains-pace-experts-call-for-wider-background-check-of-employees-118110400269_1.html,,2018-11-04 12:00:00 UTC,business-standard.com,False,#MeToo,#MeToo [Support],1,1,0,True,Support,News/Reporting,India,2018,FETCH_FAILED,0
https://usa.debate.com.mx/policiaca/feminicidio-arrestan-exnovio-california-20181103-0007.html,,2018-11-04 19:15:00 UTC,debate.com.mx,False,feminicidio,feminicidio [Support],1,1,0,False,Support,News/Reporting,Mexico,2018,FETCH_FAILED,0
https://meaww.com/the-morning-show-episode-4-review-recap-abortion-laws-woke-twitter-me-too-scandal-reese-witherspoon,'The Morning Show' episode 4 tackles abortion laws and braves 'woke Twitter' in the wake of #MeToo row,2019-11-08 11:00:00 UTC,meaww.com,False,#MeToo,#MeToo [Support],1,1,0,True,Support,News/Reporting,UNKNOWN,2019,OK,2904
https://www.planet.fr/actualites-chris-brown-vise-par-une-plainte-pour-viol-le-parquet-de-paris-ouvre-une-enquete.1702884.764616.html,,2019-01-22 07:45:00 UTC,planet.fr,False,viol,viol [Support],1,1,0,False,Support,News/Reporting,France,2019,FETCH_FAILED,0
https://lajornadasanluis.com.mx/politica-y-sociedad/ordena-scjn-reponer-investigacion-del-feminicidio-de-karla-pontigo/,Ordena SCJN reponer investigación del feminicidio de Karla Pontigo -,2019-11-14 03:15:00 UTC,lajornadasanluis.com.mx,True,feminicidio,feminicidio [Support],1,1,0,False,Support,News/Reporting,Mexico,2019,OK,1764
https://www.dw.com/hi/%E0%A4%AC%E0%A4%A1%E0%A4%BC%E0%A5%87-%E0%A4%A8%E0%A4%BE%E0%A4%AE%E0%A5%8B%E0%A4%82-%E0%A4%95%E0%A5%80-%E0%A4%AB%E0%A5%87%E0%A4%B9%E0%A4%B0%E0%A4%BF%E0%A4%B8%E0%A5%8D%E0%A4%A4-%E0%A4%AC%E0%A4%A8%E0%A4%BE-metoo/g-45903797,,2018-10-16 09:30:00 UTC,dw.com,False,#MeToo,#MeToo [Support],1,1,0,True,Support,News/Reporting,Germany,2018,OK,4250
https://www.dagsavisen.no/oslo/ny-metoo-sak-i-arbeiderpartiet-1.1109191,,2018-03-03 00:15:00 UTC,dagsavisen.no,False,#MeToo,#MeToo [Support],1,1,0,True,Support,News/Reporting,Norway,2018,OK,1785
http://www.indexstiri.ro/individ-urmarit-pentru-tentativa-de-viol-prins-in-lipova.html,,2019-07-09 04:30:00 UTC,indexstiri.ro,False,viol,viol [Support],1,1,0,False,Support,News/Reporting,Romania,2019,FETCH_FAILED,0
http://zeenews.india.com/tags/nirbhaya.html,,2017-12-15 17:00:00 UTC,india.com,False,Nirbhaya,Nirbhaya [Support],1,1,0,False,Support,News/Reporting,India,2017,OK,4585
https://www.wcbe.org/post/first-lawmaker-trigger-new-metoo-era-conduct-rules-female-freshman,First Lawmaker To Trigger New MeToo Era Conduct Rules Is A Female Freshman,2019-10-24 18:45:00 UTC,wcbe.org,False,#MeToo,#MeToo [Support],1,1,0,True,Support,News/Reporting,United States,2019,OK,3779
https://www.gazetaonline.com.br/noticias/policia/2019/06/preso-um-dos-10-mais-procurados-do-es-por-feminicidio-1014184935.html,,2019-06-12 00:00:00 UTC,gazetaonline.com.br,False,feminicidio,feminicidio [Support],1,1,0,False,Support,News/Reporting,UNKNOWN,2019,OK,1595
https://www.sdpnoticias.com/local/edomex/2018/10/16/vinculan-a-proceso-por-feminicidio-a-pareja-de-ecatepec-contemplan-prision-vitalicia,,2018-10-17 04:00:00 UTC,sdpnoticias.com,False,feminicidio,feminicidio [Support],1,1,0,False,Support,News/Reporting,Mexico,2018,OK,1072
https://nsd.se/kultur-noje/filmbolag-far-metoo-kritik-efter-varvning-nm5003241.aspx,,2019-01-10 12:15:00 UTC,nsd.se,False,#MeToo,#MeToo [Support],1,1,0,True,Support,News/Reporting,Sweden,2019,FETCH_FAILED,0
http://entertainment.inquirer.net/287883/ap-exclusive-casey-affleck-opens-wake-metoo,,2018-08-10 04:15:00 UTC,inquirer.net,False,#MeToo,#MeToo [Support],1,1,0,True,Support,News/Reporting,Philippines,2018,FETCH_FAILED,0
http://www.maz-online.de/Ratgeber/Beruf-Bildung/Aktuelles/MeToo-Wie-man-bei-sexueller-Belaestigung-im-Job-reagiert,,2017-10-18 13:30:00 UTC,maz-online.de,False,#MeToo,#MeToo [Support],1,1,0,True,Support,News/Reporting,Germany,2017,FETCH_FAILED,0
http://www.hegnar.no/Nyheter/Politikk/2017/11/SV-og-Roedt-foreslaar-metoo-tiltak,,2017-11-27 06:00:00 UTC,hegnar.no,False,#MeToo,#MeToo [Support],1,1,0,True,Support,News/Reporting,Norway,2017,FETCH_FAILED,0
http://jeudi.lu/festival-film-de-berlin-signe-de-metoo/,,2018-02-06 19:00:00 UTC,jeudi.lu,False,#MeToo,#MeToo [Support],1,1,0,True,Support,News/Reporting,Luxembourg,2018,FETCH_FAILED,0
https://weekend.levif.be/lifestyle/news/le-chanteur-drake-a-paye-350-000-dollars-pour-etouffer-une-plainte-pour-viol/article-news-1157145.html,,2019-06-21 09:30:00 UTC,weekend.levif.be,False,viol,viol [Support],1,1,0,False,Support,News/Reporting,Belgium,2019,FETCH_FAILED,0
https://www.tribuneindia.com/news/nation/metoo-woman-accuses-painter-jatin-das-sexual-harassment/669092.html,,2018-10-16 13:30:00 UTC,tribuneindia.com,False,#MeToo,#MeToo [Support],1,1,0,True,Support,News/Reporting,India,2018,FETCH_FAILED,0
http://www.lr21.com.uy/mujeres/1392446-las-siguen-matando-el-femicidio-durante-2018-en-los-paises-latinoamericanos,,2019-02-13 19:30:00 UTC,lr21.com.uy,False,femicidio,femicidio [Support],1,1,0,False,Support,News/Reporting,Uruguay,2019,NO_TEXT,0
https://nos.nl/artikel/2210851-wie-wint-vanavond-bij-golden-globes-the-shape-of-water-of-metoo.html,,2018-01-07 12:30:00 UTC,nos.nl,False,#MeToo,#MeToo [Support],1,1,0,True,Support,News/Reporting,Netherlands,2018,OK,4235
https://www.usatoday.com/story/life/entertainthis/2018/01/08/not-one-male-golden-globes-winner-mentioned-metoo-times-up-their-speeches/1012066001/,,2018-01-08 07:00:00 UTC,usatoday.com,False,#MeToo,#MeToo [Support],1,1,0,True,Support,News/Reporting,United States,2018,OK,2241
http://www.courrier-picard.fr/173951/article/2019-03-25/accuse-de-viol-condamne-pour-vol-amiens,,2019-03-25 23:30:00 UTC,courrier-picard.fr,False,viol,viol [Support],1,1,0,False,Support,News/Reporting,France,2019,FETCH_FAILED,0
http://www.dailyadvance.com/National-Entertainment/2018/01/18/Aziz-Ansari-story-sparks-heated-debate-over-MeToo-Movement.html,,2018-01-18 08:45:00 UTC,dailyadvance.com,False,#MeToo,#MeToo [Support],1,1,0,True,Support,News/Reporting,United States,2018,FETCH_FAILED,0
https://www.theweek.in/wire-updates/national/2019/02/10/des10-par-nirbhaya.html,,2019-02-10 10:00:00 UTC,theweek.in,False,Nirbhaya,Nirbhaya [Support],1,1,0,False,Support,News/Reporting,India,2019,NO_TEXT,0
http://www.europe1.fr/societe/mis-en-en-examen-pour-viol-marc-machin-retourne-en-prison-3657884,,2018-05-20 21:15:00 UTC,europe1.fr,False,viol,viol [Support],1,1,0,False,Support,News/Reporting,France,2018,OK,2035
https://g1.globo.com/rj/sul-do-rio-costa-verde/noticia/2019/05/28/policiais-prendem-foragidos-por-homicidio-e-feminicidio-em-barra-mansa.ghtml,,2019-05-28 16:00:00 UTC,globo.com,False,feminicidio,feminicidio [Support],1,1,0,False,Support,News/Reporting,Brazil,2019,OK,1294
https://www.nairaland.com/5280570/justin-coza-not-member,,2019-07-03 23:00:00 UTC,nairaland.com,False,COZA,COZA [Support],1,1,0,False,Support,News/Reporting,Nigeria,2019,FETCH_FAILED,0
http://www.reflex.cz/clanek/kultura/85453/bez-favoritu-a-ve-stinu-metoo-prectete-si-vse-co-potrebujete-vedet-o-udileni-letosnich-oscaru.html,,2018-03-02 16:30:00 UTC,reflex.cz,False,#MeToo,#MeToo [Support],1,1,0,True,Support,News/Reporting,Czech Republic,2018,OK,4252
https://www.minutouno.com/notas/5013332-el-hombre-buscado-el-femicidio-bariloche-tenia-una-denuncia-abuso-sexual,,2019-01-30 16:30:00 UTC,minutouno.com,False,femicidio,femicidio [Support],1,1,0,False,Support,News/Reporting,Argentina,2019,OK,1739
http://www.leparisien.fr/essonne-91/essonne-l-animateur-soupconne-de-viol-victime-d-une-cabale-01-10-2019-8164122.php,Essonne : l'animateur soupçonné de viol victime d'une cabale,2019-10-01 17:45:00 UTC,leparisien.fr,True,viol,viol [Support],1,1,0,False,Support,News/Reporting,France,2019,FETCH_FAILED,0
http://www.wemu.org/post/amid-metoo-new-york-employers-face-strict-new-sexual-harassment-laws,,2018-10-09 21:45:00 UTC,wemu.org,False,#MeToo,#MeToo [Support],1,1,0,True,Support,News/Reporting,United States,2018,TOO_SHORT,143
http://www.msn.com/it-it/intrattenimento/notizie/sfiorata-la-rissa-tra-asia-argento-e-vincenzo-cruciani/ar-BBY1nSZ,Sfiorata la rissa tra Asia Argento e Vincenzo Cruciani,2019-12-10 11:45:00 UTC,msn.com,False,Asia Argento,Asia Argento [Support],1,1,0,False,Support,News/Reporting,United States,2019,NO_TEXT,0
http://www.kvlu.org/mosquemetoo-gives-muslim-women-a-voice-about-sexual-misconduct-at-mecca-2/,,2018-02-26 22:00:00 UTC,kvlu.org,False,#MosqueMeToo,#MosqueMeToo [Support],1,1,0,True,Support,News/Reporting,United States,2018,FETCH_FAILED,0
https://www.caribbeanherald.com/news/258108637/india-metoo-moment-roils-entertainment-media-industries,,2018-10-10 14:45:00 UTC,caribbeanherald.com,False,#MeToo,#MeToo [Support],1,1,0,True,Support,News/Reporting,United States,2018,FETCH_FAILED,0
http://www.11alive.com/article/news/nation-now/not-one-male-golden-globes-winner-mentioned-metoo-or-times-up-in-their-speeches/465-67073882-495e-4127-b62f-6c269ee93d02,,2018-01-08 07:30:00 UTC,11alive.com,False,#MeToo,#MeToo [Support],1,1,0,True,Support,News/Reporting,United States,2018,FETCH_FAILED,0
http://www.sn-online.de/Nachrichten/Panorama/Uebersicht/MeToo-laesst-Monica-Lewinsky-neu-ueber-ihre-Affaere-mit-Clinton-denken,,2018-02-28 17:30:00 UTC,sn-online.de,False,#MeToo,#MeToo [Support],1,1,0,True,Support,News/Reporting,Germany,2018,FETCH_FAILED,0
https://periodicocentral.mx/2019/pagina-negra/feminicidios/item/1994-feminicidio-8-apunalan-mas-de-25-veces-a-una-mujer-en-calles-de-huixcolotla-muere-poco-despues-en-el-hospital,,2019-01-29 02:00:00 UTC,periodicocentral.mx,False,feminicidio,feminicidio [Support],1,1,0,False,Support,News/Reporting,Mexico,2019,OK,3467
https://www.panamaamerica.com.pa/provincias/presentan-recurso-de-nulidad-por-fallo-que-condeno-26-anos-de-prision-por-femicidio,,2019-09-03 19:30:00 UTC,panamaamerica.com.pa,False,femicidio,femicidio [Support],1,1,0,False,Support,News/Reporting,Panama,2019,OK,1986
https://www.ziuanews.ro/revista-presei/viol-si-crima-sub-ochii-autoritatilor-romane-discu-ia-fetei-cu-poli-i-tii-m-a-violat-sunt-legata-cu-sarma-1222135,,2019-07-26 19:45:00 UTC,ziuanews.ro,False,viol,viol [Support],1,1,0,False,Support,News/Reporting,Romania,2019,FETCH_FAILED,0
https://hr.blr.com/HR-news/Discrimination/Sexual-Harassment/Metoo-Movement-Hurt-Employers-Sexual-Harassment,,2018-09-21 14:30:00 UTC,blr.com,False,#MeToo,#MeToo [Support],1,1,0,True,Support,News/Reporting,United States,2018,TOO_SHORT,251
http://www.lavoz.com.ar/ciudadanos/comienza-juicio-por-femicidio-en-tapias,,2018-08-13 04:15:00 UTC,lavoz.com.ar,False,femicidio,femicidio [Support],1,1,0,False,Support,News/Reporting,Argentina,2018,OK,2148
https://www.parismatch.com/Actu/Faits-divers/Trahi-par-un-papier-de-bonbon-un-homme-accuse-d-un-viol-commis-il-y-a-21-ans-1652941,"Trahi par un papier de bonbon, un homme accusé d'un viol commis il y a 21 ans",2019-10-15 19:15:00 UTC,parismatch.com,True,viol,viol [Support],1,1,0,False,Support,News/Reporting,France,2019,OK,1606
https://taz.de/MeToo-in-den-USA/!5649431/,#MeToo in den USA: Weinstein einigt sich mit Klägerinnen,2019-12-12 09:45:00 UTC,taz.de,True,#MeToo,#MeToo [Support],1,1,0,True,Support,News/Reporting,Germany,2019,OK,3193
http://www.newsnow.in/news/qwrap-sc-rejects-nirbhaya-rapists-plea-mumbai-rains-to-continue,,2018-07-09 17:30:00 UTC,newsnow.in,False,Nirbhaya,Nirbhaya [Support],1,1,0,False,Support,News/Reporting,India,2018,FETCH_FAILED,0
http://periodicocentral.mx/2018/pagina-negra/feminicidios/item/1413-feminicidio-alejandra-tamayo-desaparecio-en-octubre-y-encontraron-sus-restos-el-16-de-enero-en-atlixco,,2018-01-19 20:00:00 UTC,periodicocentral.mx,False,feminicidio,feminicidio [Support],1,1,0,False,Support,News/Reporting,Mexico,2018,FETCH_FAILED,0
https://www.udayavani.com/english/news/national/279313/metoo-story-mps-wife-sparks-political-row-kerala,,2018-03-19 08:00:00 UTC,udayavani.com,False,#MeToo,#MeToo [Support],1,1,0,True,Support,News/Reporting,UNKNOWN,2018,TOO_SHORT,180
https://www.aufeminin.com/news-societe/metoo-5-autres-femmes-accusent-luc-besson-d-abus-sexuels-s2963695.html,,2018-11-29 14:15:00 UTC,aufeminin.com,False,#MeToo,#MeToo [Support],1,1,0,True,Support,News/Reporting,France,2018,OK,2529
https://www.joplinglobe.com/region/metoo-leader-launches-new-hashtag-to-mobilize-voters/article_1991c0ce-6f75-54f4-b437-2820dbffb553.html,#MeToo leader launches new hashtag to mobilize voters,2019-10-15 15:30:00 UTC,joplinglobe.com,False,#MeToo,#MeToo [Support],1,1,0,True,Support,News/Reporting,United States,2019,FETCH_FAILED,0
http://www.deccanherald.com/content/638427/konkona-radhika-apte-support-metoo.html,,2017-10-19 12:15:00 UTC,deccanherald.com,False,#MeToo,#MeToo [Support],1,1,0,True,Support,News/Reporting,India,2017,OK,2443
https://corren.se/nyheter/hon-avslojade-kulturprofilen-kan-prisas-om5547263.aspx,,2018-11-06 13:45:00 UTC,corren.se,False,Kulturprofilen,Kulturprofilen [Support],1,1,0,False,Support,News/Reporting,Sweden,2018,FETCH_FAILED,0
https://timesofindia.indiatimes.com/city/kochi/metoo-rahul-easwar-rejects-allegation-says-this-is-radical-feminist-conspiracy/articleshow/66414830.cms,,2018-10-29 12:45:00 UTC,indiatimes.com,False,#MeToo,#MeToo [Support],1,1,0,True,Support,News/Reporting,India,2018,OK,2031
http://larepublica.pe/sociedad/1165180-santa-anita-pnp-capturo-a-sujeto-requisitoriado-por-feminicidio,,2018-01-01 21:30:00 UTC,larepublica.pe,False,feminicidio,feminicidio [Support],1,1,0,False,Support,News/Reporting,Peru,2018,TOO_SHORT,367
https://www.mypanhandle.com/news/national/anita-hill-kavanaugh-hearing-isnt-a-referendum-on-metoo/1476314236,,2018-09-26 10:30:00 UTC,mypanhandle.com,False,#MeToo,#MeToo [Support],1,1,0,True,Support,News/Reporting,United States,2018,FETCH_FAILED,0
https://larochesuryon.maville.com/cinema/cinemam_detail_-elle-accuse-luc-besson-de-viol.-l-actrice-sand-van-roy-temoigne_38846-3490485_actu.Htm,,2018-07-14 16:00:00 UTC,maville.com,False,viol,viol [Support],1,1,0,False,Support,News/Reporting,France,2018,OK,1905
https://www.news-mail.com.au/news/oscar-winner-slams-metoo-movement-poisonous-witch-/3332957/,,2018-02-12 01:00:00 UTC,news-mail.com.au,False,#MeToo,#MeToo [Support],1,1,0,True,Support,News/Reporting,Australia,2018,FETCH_FAILED,0
https://www.salon.com/2018/01/16/aziz-ansari-and-metoo-backlash-we-wont-stop-talking-about-consent/,,2018-01-16 20:30:00 UTC,salon.com,False,#MeToo,#MeToo [Support],1,1,0,True,Support,News/Reporting,United States,2018,OK,7099
http://www.leprogres.fr/france-monde/2018/04/25/un-gourou-indien-condamne-a-la-prison-a-perpetuite-pour-viol,,2018-04-25 13:30:00 UTC,leprogres.fr,False,viol,viol [Support],1,1,0,False,Support,News/Reporting,France,2018,OK,2367
"https://www.marieclaire.fr/cinema-d-animation-sexisme-temoignages,1295708.asp",,2019-03-01 14:30:00 UTC,marieclaire.fr,False,sexisme,sexisme [Support],1,1,0,False,Support,News/Reporting,France,2019,OK,8725
https://www.enewspf.com/latest-news/latest-local-news/park-forest-women-say-metoo-we-believe-dr-christine-blasey-ford/,,2018-09-28 06:30:00 UTC,enewspf.com,False,#MeToo,#MeToo [Support],1,1,0,True,Support,News/Reporting,United States,2018,NO_TEXT,0
https://www.timeslive.co.za/tshisa-live/tshisa-live/2019-09-03-siv-ngesi-drives-sashutdown-im-angry-hurt-numb/,,2019-09-03 06:15:00 UTC,timeslive.co.za,False,#SAShutdown,#SAShutdown [Support],1,1,0,True,Support,News/Reporting,South Africa,2019,OK,1653
http://www.timpul.md/articol/rezultatele-sondajului-socio-politic-fop---daca-duminica-ar-avea-loc-alegeri-psrm---503-pas--259-pdm---62-ppda---41-i-pcrm-37-123209.html,,2017-11-06 21:00:00 UTC,timpul.md,False,PPDA,PPDA [Support],1,1,0,False,Support,News/Reporting,Moldova,2017,FETCH_FAILED,0
https://pagesix.com/2018/01/11/julianna-margulies-wonders-how-good-wife-would-have-handled-metoo/,,2018-01-12 02:30:00 UTC,pagesix.com,False,#MeToo,#MeToo [Support],1,1,0,True,Support,News/Reporting,United States,2018,TOO_SHORT,316
http://www.asianage.com/entertainment/hollywood/231018/metoo-woody-allen-wont-stop-writing-despite-hollywood-condemnation.html,,2018-10-23 06:00:00 UTC,asianage.com,False,#MeToo,#MeToo [Support],1,1,0,True,Support,News/Reporting,India,2018,OK,1230
https://www.24matins.fr/topnews/une/des-milliers-de-chiliennes-dans-la-rue-pour-denoncer-inegalites-et-sexisme-798126,,2018-06-06 21:30:00 UTC,24matins.fr,False,sexisme,sexisme [Support],1,1,0,False,Support,News/Reporting,France,2018,FETCH_FAILED,0
http://www.haribhoomi.com/news/mosquemetoo-campaign-hajj-yatra-women-get-sexual-assault-muslim,,2018-02-15 12:30:00 UTC,haribhoomi.com,False,#MosqueMeToo,#MosqueMeToo [Support],1,1,0,True,Support,News/Reporting,India,2018,FETCH_FAILED,0
https://www.laestrella.com.pa/internacional/america/191125/cepal-3-529-mujeres-victimas-feminicidio-america-latina-2018,Cepal: 3.529 mujeres fueron víctimas de feminicidio en América Latina en 2018,2019-11-25 17:30:00 UTC,laestrella.com.pa,True,feminicidio,feminicidio [Support],1,1,0,False,Support,News/Reporting,Panama,2019,FETCH_FAILED,0
https://www.independent.ie/entertainment/movies/metoo-activist-asia-argento-settles-lawsuit-filed-by-young-actor-37231958.html,,2018-08-20 07:30:00 UTC,independent.ie,False,#MeToo,#MeToo [Support],1,1,0,True,Support,News/Reporting,Ireland,2018,FETCH_FAILED,0
https://www.romandie.com/news/ZOOM-Pakistan-10-hommes-arretes-pour-avoir-ordonne-un-viol-de-represailles/903177.rom,,2018-03-27 14:45:00 UTC,romandie.com,False,viol,viol [Support],1,1,0,False,Support,News/Reporting,United States,2018,FETCH_FAILED,0
https://www.journaldutchad.com/suede-le-parquet-abandonne-les-poursuites-pour-viol-contre-julian-assange/,Suède: le parquet abandonne les poursuites pour viol contre Julian Assange,2019-11-19 17:45:00 UTC,journaldutchad.com,True,viol,viol [Support],1,1,0,False,Support,News/Reporting,Chad,2019,FETCH_FAILED,0
https://www.tvshow.com.uy/personajes/lindsay-lohan-disculpa-polemicos-comentarios-movimiento-metoo.html,,2018-08-14 08:15:00 UTC,tvshow.com.uy,False,#MeToo,#MeToo [Support],1,1,0,True,Support,News/Reporting,Uruguay,2018,FETCH_FAILED,0
http://cincoradio.com.mx/noticia/esclarece-fge-feminicidio-y-violacion-de-nazaria-irais,,2017-10-02 23:15:00 UTC,cincoradio.com.mx,False,feminicidio,feminicidio [Support],1,1,0,False,Support,News/Reporting,UNKNOWN,2017,FETCH_FAILED,0
http://www.virginiamn.com/around_the_web/news/jane-seymour-talks-playboy-shoot-metoo/html_f52c1b3f-9820-5305-bb1c-8a9eafdc4475.html,,2018-03-11 06:00:00 UTC,virginiamn.com,False,#MeToo,#MeToo [Support],1,1,0,True,Support,News/Reporting,United States,2018,FETCH_FAILED,0
http://www.general-anzeiger-bonn.de/news/panorama/Orlando-Bloom-h%C3%A4lt-Metoo-Debatte-f%C3%BCr-notwendig-article3796501.html,,2018-03-01 12:45:00 UTC,general-anzeiger-bonn.de,False,#MeToo,#MeToo [Support],1,1,0,True,Support,News/Reporting,Germany,2018,OK,616
http://www.rewmi.com/rdc-depute-juge-viol-insurrection-crime-contre-lhumanite.html,,2017-11-09 16:30:00 UTC,rewmi.com,False,viol,viol [Support],1,1,0,False,Support,News/Reporting,Senegal,2017,FETCH_FAILED,0
http://www.999thefoxrocks.com/news/nbcuniversal-says-it-is-releasing-former-employees-from-non-disclosure-agreements-about-sexual-harassment/,NBCUniversal says it is releasing former employees from non-disclosure agreements about sexual harassment,2019-10-26 13:00:00 UTC,999thefoxrocks.com,False,sexual harassment,sexual harassment [Support],1,1,0,False,Support,News/Reporting,UNKNOWN,2019,FETCH_FAILED,0
https://www.quadratin.com.mx/justicia/capturan-a-2-presuntos-involucrados-en-feminicidio-en-uruapan/,,2019-02-09 04:15:00 UTC,quadratin.com.mx,False,feminicidio,feminicidio [Support],1,1,0,False,Support,News/Reporting,Mexico,2019,OK,2287
https://www.nu.nl/metoo/5461187/makers-house-of-cards-zagen-beschuldigingen-kevin-spacey-niet-aankomen.html,,2018-09-13 16:15:00 UTC,nu.nl,False,#MeToo,#MeToo [Support],1,1,0,True,Support,News/Reporting,Netherlands,2018,NO_TEXT,0
http://www.ilprimatonazionale.it/esteri/terry-gilliam-metoo-81662/,,2018-03-19 17:00:00 UTC,ilprimatonazionale.it,False,#MeToo,#MeToo [Support],1,1,0,True,Support,News/Reporting,Italy,2018,OK,2542
https://bdnews24.com/people/2018/01/19/growing-pains-for-metoo-as-ansari-tale-sparks-backlash-talk,,2018-01-19 12:15:00 UTC,bdnews24.com,False,#MeToo,#MeToo [Support],1,1,0,True,Support,News/Reporting,Bangladesh,2018,FETCH_FAILED,0
https://www.jsonline.com/story/news/2018/04/11/metoo-wisconsin-legislators-justice-elect-dallet-other-leaders-say-they-were-victims/389202002/,,2018-09-26 02:45:00 UTC,jsonline.com,False,#MeToo,#MeToo [Support],1,1,0,True,Support,News/Reporting,United States,2018,OK,15846
https://www.indiatoday.in/television/top-stories/story/metoo-alok-nath-accused-of-rape-by-writer-producer-vinta-nanda-1358998-2018-10-09,,2018-10-09 03:30:00 UTC,indiatoday.in,False,#MeToo,#MeToo [Support],1,1,0,True,Support,News/Reporting,UNKNOWN,2018,OK,8321
https://www.siasat.com/news/shuttler-sindhu-welcomes-metoo-movement-1418810/,,2018-10-10 11:15:00 UTC,siasat.com,False,#MeToo,#MeToo [Support],1,1,0,True,Support,News/Reporting,India,2018,OK,1916
https://www.economist.com/united-states/2018/09/22/kavanaugh-and-metoo,,2018-09-20 20:30:00 UTC,economist.com,False,#MeToo,#MeToo [Support],1,1,0,True,Support,News/Reporting,United States,2018,FETCH_FAILED,0
https://www.bakersfield.com/ap/news/metoo-movement-sends-hollywood-figures-into-exile-not-jail/article_c1cd9d19-9da7-5b82-bf54-5a1215ed2327.html,,2018-10-06 21:00:00 UTC,bakersfield.com,False,#MeToo,#MeToo [Support],1,1,0,True,Support,News/Reporting,United States,2018,FETCH_FAILED,0
http://canariasactual.com/2013/05/21/fuerteventura-firma-con-el-gobierno-de-canarias-el-convenio-para-garantizar-la-atencion-a-las-victimas-de-violencia-de-genero/,Fuerteventura firma con el Gobierno de Canarias el convenio para garantizar la atención a las víctimas de violencia de género,2019-12-18 01:45:00 UTC,canariasactual.com,True,violencia de género,violencia de género [Support],1,1,0,False,Support,News/Reporting,Spain,2019,FETCH_FAILED,0
https://thehill.com/homenews/senate/469635-senate-talks-on-stalled-violence-against-women-act-reauthorization-unravel,Senate talks on stalled Violence Against Women Act reauthorization unravel,2019-11-08 19:45:00 UTC,thehill.com,False,violence against women,violence against women [Support],1,1,0,False,Support,News/Reporting,United States,2019,FETCH_FAILED,0
"http://www.pernambuco.com/app/noticia/divirtase/45,28,46,61/2018/09/17/internas_viver,762933/metoo-trump-netflix-veja-no-que-se-deve-prestar-atencao-no-emmy.shtml",,2018-09-17 14:30:00 UTC,pernambuco.com,False,#MeToo,#MeToo [Support],1,1,0,True,Support,News/Reporting,UNKNOWN,2018,FETCH_FAILED,0
https://www.wvasfm.org/post/biden-finding-new-rules-apply-himtoo,,2019-04-02 15:15:00 UTC,wvasfm.org,False,#HimToo,#HimToo [Backlash],1,0,1,True,Backlash,News/Reporting,United States,2019,OK,7354
https://www.vir.com.vn/nobel-figure-quits-after-swedish-bodys-metoo-scandal-66046.html,,2019-02-27 04:00:00 UTC,vir.com.vn,False,#MeToo,#MeToo [Support],1,1,0,True,Support,News/Reporting,Vietnam,2019,OK,3838
"https://www.correiobraziliense.com.br/app/noticia/mundo/2018/10/17/interna_mundo,713228/metoo-forca-renuncia-de-ministro-adjunto-indiano-acusado-de-assedio.shtml",,2018-10-17 19:45:00 UTC,correiobraziliense.com.br,False,#MeToo,#MeToo [Support],1,1,0,True,Support,News/Reporting,Brazil,2018,OK,1265
http://tech.sina.com.cn/csj/2019-11-20/doc-iihnzahi2064482.shtml,失去的胜利：张勇与刘强东的第一次交锋_创事记_新浪科技_新浪网,2019-11-20 01:30:00 UTC,sina.com.cn,True,刘强东,刘强东 [Support],1,1,0,False,Support,News/Reporting,China,2019,OK,15757
https://www.registercitizen.com/technology/businessinsider/article/Trump-mocks-MeToo-movement-in-derogatory-rant-13053150.php,,2018-07-06 05:00:00 UTC,registercitizen.com,False,#MeToo,#MeToo [Support],1,1,0,True,Support,News/Reporting,United States,2018,FETCH_FAILED,0
http://www.blazin923.com/news/elton-john-supports-metoo-movement-but-denounces-lack-of-due-process/,,2018-01-25 22:45:00 UTC,blazin923.com,False,#MeToo,#MeToo [Support],1,1,0,True,Support,News/Reporting,UNKNOWN,2018,FETCH_FAILED,0
https://www.nu.nl/metoo/5940801/advocaat-harvey-weinstein-vraagt-rechtbank-hem-van-zaak-af-te-halen.html,,2019-06-18 06:30:00 UTC,nu.nl,False,#MeToo,#MeToo [Support],1,1,0,True,Support,News/Reporting,Netherlands,2019,NO_TEXT,0
https://www.outlookindia.com/website/story/rajnath-singh-makes-a-metoo-analogy-to-ridicule-congress/319143,,2018-10-28 05:45:00 UTC,outlookindia.com,False,#MeToo,#MeToo [Support],1,1,0,True,Support,News/Reporting,India,2018,OK,2555
https://www.iustel.com/diario_del_derecho/noticia.asp?ref_iustel=1191653,Dolores Delgado propone al consejero de Justicia de Madrid ampliar el alcance territorial de los juzgados de violencia de género de la región,2019-09-26 15:30:00 UTC,iustel.com,True,violencia de género,violencia de género [Support],1,1,0,False,Support,News/Reporting,Spain,2019,OK,2310
https://www.lacapital.com.ar/politica/macri-anuncio-propuestas-combatir-la-violencia-genero-n2532334.html,Macri anunció propuestas para combatir la violencia de género,2019-10-03 02:30:00 UTC,lacapital.com.ar,True,violencia de género,violencia de género [Support],1,1,0,False,Support,News/Reporting,Argentina,2019,OK,4455
https://www.today.ng/news/nigeria/44205/majek-fashek-daddy-freeze-trade-coza-concert,,2017-12-24 15:15:00 UTC,today.ng,False,COZA,COZA [Support],1,1,0,False,Support,News/Reporting,UNKNOWN,2017,FETCH_FAILED,0
https://www.iol.co.za/news/south-africa/i-experienced-sexual-harassment-racism-first-hand-ex-sabc-workers-job-ordeal-38865661,"'I experienced sexual harassment, racism first-hand': Ex-SABC worker's job ordeal",2019-12-08 14:45:00 UTC,iol.co.za,False,sexual harassment,sexual harassment [Support],1,1,0,False,Support,News/Reporting,South Africa,2019,FETCH_FAILED,0
http://www.nuevodiarioweb.com.ar/noticias/2019/12/10/222255-investigan-a-un-oficial-de-policia-santiagueno-por-acoso-sexual,Investigan a un oficial de policía santiagueño por acoso sexual,2019-12-10 10:15:00 UTC,nuevodiarioweb.com.ar,True,acoso sexual,acoso sexual [Support],1,1,0,False,Support,News/Reporting,Argentina,2019,NO_TEXT,0
https://www.sudouest.fr/2019/11/05/adele-haenel-cinq-cles-pour-comprendre-la-nouvelle-affaire-metoo-du-cinema-francais-6786195-4697.php,Adèle Haenel : cinq clés pour comprendre la nouvelle affaire #MeToo du cinéma français,2019-11-05 14:45:00 UTC,sudouest.fr,True,#MeToo | Adèle Haenel,#MeToo [Support] | Adèle Haenel [Support],2,2,0,True,Support,News/Reporting,France,2019,OK,11841
https://www.idahostatejournal.com/news/national/metoo-inspires-wave-of-old-misconduct-reports-to-colleges/article_744795a3-30af-5f05-b895-e015c6e64552.html,,2018-10-13 18:45:00 UTC,idahostatejournal.com,False,#MeToo,#MeToo [Support],1,1,0,True,Support,News/Reporting,United States,2018,FETCH_FAILED,0
https://kelo.com/news/articles/2018/sep/26/supreme-courts-ginsburg-voices-support-for-metoo-on-eve-of-kavanaugh-hearing/,,2018-09-27 01:00:00 UTC,kelo.com,False,#MeToo,#MeToo [Support],1,1,0,True,Support,News/Reporting,United States,2018,FETCH_FAILED,0
https://q95.iheart.com/content/2018-09-13-ann-wilson-says-metoo-is-coming-to-the-music-industry/,,2018-09-13 18:30:00 UTC,iheart.com,False,#MeToo,#MeToo [Support],1,1,0,True,Support,News/Reporting,United States,2018,OK,1670
"https://www.correiobraziliense.com.br/app/noticia/cidades/2019/05/08/interna_cidadesdf,753755/em-audio-enviado-a-vitima-autor-de-feminicidio-admitiu-amor-doentio.shtml",,2019-05-08 16:45:00 UTC,correiobraziliense.com.br,False,feminicidio,feminicidio [Support],1,1,0,False,Support,News/Reporting,Brazil,2019,OK,4066
https://www.registercitizen.com/entertainment/article/Milan-Fashion-Week-opens-with-metoo-moment-of-12631029.php,,2018-02-21 21:00:00 UTC,registercitizen.com,False,#MeToo,#MeToo [Support],1,1,0,True,Support,News/Reporting,United States,2018,FETCH_FAILED,0
https://www.haaretz.com/israel-news/culture/MAGAZINE-metoo-and-meat-the-links-between-feminism-and-animal-rights-1.5886654,,2018-03-08 15:15:00 UTC,haaretz.com,False,#MeToo,#MeToo [Support],1,1,0,True,Support,News/Reporting,Israel,2018,OK,5648
http://www.metrovaartha.com/news/13580/minister-maneka-gandhi-probe-against-mj-akbar-metoo-movement,,2018-10-10 05:15:00 UTC,metrovaartha.com,False,#MeToo,#MeToo [Support],1,1,0,True,Support,News/Reporting,India,2018,FETCH_FAILED,0
http://www.dagsavisen.no/rogalandsavis/teater-norge-markerer-metoo-kampanjen-1.1067305,,2017-12-06 19:30:00 UTC,dagsavisen.no,False,#MeToo,#MeToo [Support],1,1,0,True,Support,News/Reporting,Norway,2017,OK,940
https://www.noroeste.com.mx/publicaciones/view/feminicidio-de-sugey-refleja-la-falta-de-prevencion-de-la-violencia-en-sinaloa-senala-priscila-salas-1152703,,2019-01-11 01:45:00 UTC,noroeste.com.mx,False,feminicidio,feminicidio [Support],1,1,0,False,Support,News/Reporting,Mexico,2019,NO_TEXT,0
https://www.lifego.de/blog/172446/metoo-debatte-familienministerin-barley-fordert-schrfe-gesetze-gegen-sexuelle-belstigung-104146/,,2017-10-22 09:15:00 UTC,lifego.de,False,#MeToo,#MeToo [Support],1,1,0,True,Support,Opinion/Editorial,Germany,2017,FETCH_FAILED,0
https://www.diariodejerez.es/andalucia/denuncias-victimas-Andalucia-abril-junio_0_1400560258.html,Violencia de género Menos denuncias y víctimas en Andalucía de abril a junio de 2019,2019-10-14 14:30:00 UTC,diariodejerez.es,True,violencia de género,violencia de género [Support],1,1,0,False,Support,News/Reporting,UNKNOWN,2019,OK,4319
https://hyeres.maville.com/actu/actudet_--becassine-vache-folle-super-nanny-...segolene-royal-denonce-le-sexisme-en-politique-dans-son-livre_fil-3565337_actu.Htm,,2018-10-31 14:00:00 UTC,maville.com,False,sexisme,sexisme [Support],1,1,0,False,Support,News/Reporting,France,2018,OK,3787
https://www.az-online.de/politik/ex-chefin-petry-beklagt-hexenjagd-auf-ihre-anhaenger-in-afd-zr-8733131.html,,2017-10-01 06:30:00 UTC,az-online.de,False,Hexenjagd,Hexenjagd [Backlash],1,0,1,False,Backlash,News/Reporting,Germany,2017,OK,2102
https://www.business-standard.com/article/news-ani/metoo-molestation-complaint-filed-against-subhash-ghai-118101400038_1.html,,2018-10-14 04:30:00 UTC,business-standard.com,False,#MeToo,#MeToo [Support],1,1,0,True,Support,News/Reporting,India,2018,FETCH_FAILED,0
https://tribune.com.pk/story/1784993/4-metoo-leader-paid-hush-money-man-accused-sexual-harassment/,,2018-08-20 06:30:00 UTC,tribune.com.pk,False,#MeToo,#MeToo [Support],1,1,0,True,Support,News/Reporting,Pakistan,2018,FETCH_FAILED,0
https://indianexpress.com/article/entertainment/hollywood/pamela-anderson-calls-feminism-boring-criticises-metoo-movement-5437291/,,2018-11-08 05:15:00 UTC,indianexpress.com,False,#MeToo,#MeToo [Support],1,1,0,True,Support,News/Reporting,India,2018,OK,1283
http://www.wvlkam.com/news/jane-fonda-on-living-to-see-the-metoo-movement/,,2018-09-25 19:45:00 UTC,wvlkam.com,False,#MeToo,#MeToo [Support],1,1,0,True,Support,News/Reporting,UNKNOWN,2018,FETCH_FAILED,0
https://www.zorgvisie.nl/zorgpersoneel-ook-gebaat-bij-beleid-na-metoo/,,2019-03-29 17:30:00 UTC,zorgvisie.nl,False,#MeToo,#MeToo [Support],1,1,0,True,Support,News/Reporting,Netherlands,2019,TOO_SHORT,299
http://www.dailymail.co.uk/tvshowbiz/article-5849687/Who-Chloe-Dykstra-Chris-Hardwicks-ex-girlfriend-revealed-MeToo-essay.html,,2018-06-15 19:30:00 UTC,dailymail.co.uk,False,#MeToo,#MeToo [Support],1,1,0,True,Support,News/Reporting,United Kingdom,2018,FETCH_FAILED,0
http://www.roanoke.com/news/wire_headlines/cosby-sexual-assault-retrial-getting-underway-in-metoo-era/article_1a5f5dd3-28e2-50d7-b9fb-3c1c2a808b0d.html,,2018-04-09 12:45:00 UTC,roanoke.com,False,#MeToo,#MeToo [Support],1,1,0,True,Support,News/Reporting,United States,2018,FETCH_FAILED,0
http://www.weatherforddemocrat.com/cnhi_network/palestinian-american-brings-metoo-campaign-to-west-bank/article_1956ff91-7e1e-5849-ad7b-ef2cf9489d8a.html,,2018-02-03 09:15:00 UTC,weatherforddemocrat.com,False,#MeToo,#MeToo [Support],1,1,0,True,Support,News/Reporting,United States,2018,FETCH_FAILED,0
https://www.24heures.ch/geneve/Le-viol-presume-de-Henda-Ayari-par-Ramadan-vacille/story/24975753,,2018-07-19 13:30:00 UTC,24heures.ch,False,viol,viol [Support],1,1,0,False,Support,News/Reporting,Switzerland,2018,FETCH_FAILED,0
http://www.parismatch.com/Actu/Faits-divers/Il-organise-le-viol-de-son-fils-autiste-persuade-qu-il-est-gay-1487801,,2018-03-29 13:00:00 UTC,parismatch.com,False,viol,viol [Support],1,1,0,False,Support,News/Reporting,France,2018,OK,2160
https://www.nicematin.com/justice/soupconne-de-viol-a-st-tropez-le-chanteur-marocain-saad-lamjarred-libere-283361,,2018-12-06 09:30:00 UTC,nicematin.com,False,viol,viol [Support],1,1,0,False,Support,News/Reporting,France,2018,OK,3051
http://www.elgrafico.mx/la-roja/condenan-40-anos-de-carcel-pareja-de-ecatepec-por-feminicidio,,2019-06-20 01:15:00 UTC,elgrafico.mx,False,feminicidio,feminicidio [Support],1,1,0,False,Support,News/Reporting,Mexico,2019,FETCH_FAILED,0
http://www.laprensa.com.bo/nacional/20171106/encuentran-mujer-muerta-santa-cruz-presumen-feminicidio,,2017-11-06 14:30:00 UTC,laprensa.com.bo,False,feminicidio,feminicidio [Support],1,1,0,False,Support,News/Reporting,Bolivia,2017,TOO_SHORT,15
https://www.prisonplanet.com/commencement-speaker-slammed-for-criticizing-metoo-movement.html,,2018-05-16 18:00:00 UTC,prisonplanet.com,False,#MeToo,#MeToo [Support],1,1,0,True,Support,News/Reporting,United States,2018,FETCH_FAILED,0
http://www.conchovalleyhomepage.com/news/national/womens-foundation-launches-fund-to-support-metoo-movement/1170433166,,2018-05-10 01:45:00 UTC,conchovalleyhomepage.com,False,#MeToo,#MeToo [Support],1,1,0,True,Support,News/Reporting,United States,2018,FETCH_FAILED,0
https://infonet.com.br/noticias/cidade/suspeito-de-matar-ex-companheira-e-indiciado-por-feminicidio/,,2018-10-03 01:00:00 UTC,infonet.com.br,False,feminicidio,feminicidio [Support],1,1,0,False,Support,News/Reporting,Brazil,2018,OK,782
https://www.mediaite.com/election-2020/klobuchar-defends-metoo-movement-questioning-of-kavanaugh-at-fox-news-town-hall/,,2019-05-09 01:15:00 UTC,mediaite.com,False,#MeToo,#MeToo [Support],1,1,0,True,Support,News/Reporting,United States,2019,FETCH_FAILED,0
https://www.curbed.com/2018/5/21/17361022/architecture-metoo-list,,2018-05-21 17:30:00 UTC,curbed.com,False,#MeToo,#MeToo [Support],1,1,0,True,Support,News/Reporting,United States,2018,FETCH_FAILED,0
http://www.sunny977.com/2018/08/10/casey-affleck-apologizes-for-unprofessional-behavior-after-metoo-backlash/,,2018-08-10 10:15:00 UTC,sunny977.com,False,#MeToo,#MeToo [Support],1,1,0,True,Support,News/Reporting,UNKNOWN,2018,FETCH_FAILED,0
https://www.sakshi.com/news/family/interview-psychologist-kiranmai-metoo-movement-1136090,,2018-11-18 22:00:00 UTC,sakshi.com,False,#MeToo,#MeToo [Support],1,1,0,True,Support,News/Reporting,India,2018,OK,7252
http://www.diarioelargentino.com.ar/noticias/180463/Femicidio-de-Villarruel-declararon-familiares-y-allegados-a-la-v%C3%ADctima,,2017-11-02 05:45:00 UTC,diarioelargentino.com.ar,False,femicidio,femicidio [Support],1,1,0,False,Support,News/Reporting,Argentina,2017,FETCH_FAILED,0
https://wbex.iheart.com/content/2017-12-12-journalist-highlights-not-so-obvious-threat-the-metoo-movement-poses-to-women/,,2017-12-12 17:00:00 UTC,iheart.com,False,#MeToo,#MeToo [Support],1,1,0,True,Support,News/Reporting,United States,2017,OK,2771
http://www.guadeloupe.franceantilles.fr/actualite/france/soupconne-de-viol-le-chanteur-marocain-saad-lamjarred-en-garde-a-vue-a-saint-tropez-500600.php,,2018-08-27 10:30:00 UTC,guadeloupe.franceantilles.fr,False,viol,viol [Support],1,1,0,False,Support,News/Reporting,France,2018,TOO_SHORT,270
https://www.diariocambio.com.mx/2018/regiones/tehuacan/item/33466-feminicidio-85-hallan-cuerpo-podrido-de-mujer-en-tehuacan,,2018-11-12 14:15:00 UTC,diariocambio.com.mx,False,feminicidio,feminicidio [Support],1,1,0,False,Support,News/Reporting,Mexico,2018,OK,1187
https://www.hd.se/2017-11-25/medieprofilerna-gjorde-metoo-stort,,2017-11-25 11:00:00 UTC,hd.se,False,#MeToo,#MeToo [Support],1,1,0,True,Support,News/Reporting,Sweden,2017,OK,541
https://www.dispatchlive.co.za/news/2019-10-20-intsika-yethu-mayor-in-court-for-alleged-sexual-harassment/,Intsika Yethu mayor in court for alleged sexual harassment,2019-10-21 09:45:00 UTC,dispatchlive.co.za,False,sexual harassment,sexual harassment [Support],1,1,0,False,Support,News/Reporting,UNKNOWN,2019,OK,1012
https://actu17.fr/paris-accuse-de-viol-chris-brown-a-ete-remis-en-liberte-a-lissue-de-sa-garde-a-vue-sans-poursuites/,,2019-01-23 05:30:00 UTC,actu17.fr,False,viol,viol [Support],1,1,0,False,Support,News/Reporting,UNKNOWN,2019,OK,1065
http://www.diarionorte.com/article/176708/femicidio-en-misiones-encontraron-muerta-a-una-joven-desaparecida-desde-el-jueves,,2019-03-05 04:15:00 UTC,diarionorte.com,False,femicidio,femicidio [Support],1,1,0,False,Support,News/Reporting,Argentina,2019,FETCH_FAILED,0
http://www.koin.com/entertainment/austrian-director-denounces-metoo-movement/969497940,,2018-02-12 10:30:00 UTC,koin.com,False,#MeToo,#MeToo [Support],1,1,0,True,Support,News/Reporting,United States,2018,FETCH_FAILED,0
http://koulouba.com/societe/quartier-hippodrome-de-bamako-un-autre-cas-de-viol-collectif-revele,,2018-02-09 20:15:00 UTC,koulouba.com,False,viol,viol [Support],1,1,0,False,Support,News/Reporting,Mali,2018,FETCH_FAILED,0
http://sevilla.abc.es/cultura/cultural/abci-fenomeno-metoo-analizado-siete-personalidades-cultura-espana-201801280635_noticia.html,,2018-01-28 06:15:00 UTC,sevilla.abc.es,False,#MeToo,#MeToo [Support],1,1,0,True,Support,News/Reporting,Spain,2018,FETCH_FAILED,0
http://www.lefigaro.fr/international/2018/08/22/01003-20180822ARTFIG00215-metoo-une-universitaire-feministe-reconnue-coupable-de-harcelement-sexuel.php,,2018-08-22 17:15:00 UTC,lefigaro.fr,False,#MeToo,#MeToo [Support],1,1,0,True,Support,News/Reporting,France,2018,OK,1554
http://www.kirklandreporter.com/podcasts/black-lives-matter-meets-metoo/,,2018-03-16 17:00:00 UTC,kirklandreporter.com,False,#MeToo,#MeToo [Support],1,1,0,True,Support,News/Reporting,United States,2018,OK,1108
https://www.subrayado.com.uy/hallan-muerta-una-mujer-maldonado-e-investigan-posible-femicidio-n505119,,2018-05-29 18:45:00 UTC,subrayado.com.uy,False,femicidio,femicidio [Support],1,1,0,False,Support,News/Reporting,Uruguay,2018,OK,1710
http://www.epochtimes.com/gb/19/12/12/n11718850.htm,中国高校性丑闻不断 宁波大学副教授也出事 | 性骚扰 | 冯仁杰 | 钱逢胜,2019-12-12 20:30:00 UTC,epochtimes.com,True,性骚扰,性骚扰 [Support],1,1,0,False,Support,News/Reporting,China,2019,OK,771
https://www.wort.lu/de/international/die-reportage-hexenjagd-auf-homosexuelle-5be59e25182b657ad3b992d5,,2018-11-10 06:15:00 UTC,wort.lu,False,Hexenjagd,Hexenjagd [Backlash],1,0,1,False,Backlash,News/Reporting,Luxembourg,2018,FETCH_FAILED,0
http://www.ksdk.com/article/news/nation-now/sex-ed-many-parents-wouldnt-recognize-it-today-and-metoo-may-change-it-even-more/465-91129405-1263-49d5-9450-b828a8f9ebec,,2018-03-23 18:30:00 UTC,ksdk.com,False,#MeToo,#MeToo [Support],1,1,0,True,Support,News/Reporting,United States,2018,FETCH_FAILED,0
https://www.indiagazette.com/news/257959563/dcw-questions-tihar-jail-on-delay-in-executing-nirbhaya-convicts,,2018-09-10 18:00:00 UTC,indiagazette.com,False,Nirbhaya,Nirbhaya [Support],1,1,0,False,Support,News/Reporting,India,2018,OK,4514
https://www.chieftain.com/news/is-cannes-ready-to-adapt-to-the-age-of-metoo/article_d74d96b8-ec3e-5919-a03c-1adcd965dc20.html,,2018-05-06 21:45:00 UTC,chieftain.com,False,#MeToo,#MeToo [Support],1,1,0,True,Support,News/Reporting,United States,2018,FETCH_FAILED,0
https://www.bienpublic.com/faits-divers-justice/2019/08/13/viol-d-une-etudiante-par-un-livreur-uber-eats-un-suspect-interpelle,,2019-08-13 12:00:00 UTC,bienpublic.com,False,viol,viol [Support],1,1,0,False,Support,News/Reporting,France,2019,OK,1376
https://timesofindia.indiatimes.com/entertainment/hindi/bollywood/news/metoo-movement-model-kawaljit-singh-anand-reveals-more-details-about-his-accusations-of-sexual-harassment-against-designer-vijay-arora/articleshow/66383272.cms,,2018-10-26 17:30:00 UTC,indiatimes.com,False,#MeToo,#MeToo [Support],1,1,0,True,Support,News/Reporting,India,2018,OK,3052
https://www.engadget.com/2019/09/06/apple-rewrote-siri-feminism-metoo-controversy-neutral/,,2019-09-06 16:30:00 UTC,engadget.com,False,#MeToo,#MeToo [Support],1,1,0,True,Support,News/Reporting,United States,2019,OK,1731
http://www.krdo.com/entertainment/woody-allen-i-should-be-the-poster-boy-for-the-metoo-movement/749340293,,2018-06-04 20:45:00 UTC,krdo.com,False,#MeToo,#MeToo [Support],1,1,0,True,Support,News/Reporting,United States,2018,FETCH_FAILED,0
https://www.ndtv.com/india-news/nirbhaya-parents-plea-for-immediate-hanging-of-rapists-in-court-next-week-2148197,Nirbhaya Mother Asha Kumari's Plea For Hanging Rapists Immediately In Court Next Week,2019-12-13 08:30:00 UTC,ndtv.com,False,Nirbhaya,Nirbhaya [Support],1,1,0,False,Support,News/Reporting,India,2019,FETCH_FAILED,0
https://www.newstimes.com/technology/businessinsider/article/China-s-MeToo-movement-changes-its-slogan-to-12560887.php,,2018-02-08 10:00:00 UTC,newstimes.com,False,#MeToo,#MeToo [Support],1,1,0,True,Support,News/Reporting,United States,2018,FETCH_FAILED,0
https://www.svd.se/sverige-tog-metoo-pa-storre-allvar-an-danmark,,2019-09-16 09:30:00 UTC,svd.se,False,#MeToo,#MeToo [Support],1,1,0,True,Support,News/Reporting,Sweden,2019,OK,1141
https://www.fuse.tv/2018/01/kesha-grammys-2018-performance-praying-timesup,,2018-01-29 05:45:00 UTC,fuse.tv,False,#TimesUp,#TimesUp [Support],1,1,0,True,Support,News/Reporting,Tuvalu,2018,FETCH_FAILED,0
http://www.star98.net/news/geoffrey-rush-wins-1-9m-payout-on-metoo-defamation-case/,,2019-05-23 15:15:00 UTC,star98.net,False,#MeToo,#MeToo [Support],1,1,0,True,Support,News/Reporting,UNKNOWN,2019,FETCH_FAILED,0
https://kpht955.iheart.com/content/2018-09-13-ann-wilson-says-metoo-is-coming-to-the-music-industry/,,2018-09-13 20:00:00 UTC,iheart.com,False,#MeToo,#MeToo [Support],1,1,0,True,Support,News/Reporting,United States,2018,OK,1670
https://mic.com/articles/189420/more-than-100-models-sign-an-open-letter-calling-for-safer-workplaces-amid-fashions-metoo-moment,,2018-05-17 19:45:00 UTC,mic.com,False,#MeToo,#MeToo [Support],1,1,0,True,Support,News/Reporting,United States,2018,OK,2401
http://eposten.se/asikt/nar-nar-metoo-skolans-varld-unt4851989.aspx,,2017-12-23 08:15:00 UTC,eposten.se,False,#MeToo,#MeToo [Support],1,1,0,True,Support,News/Reporting,UNKNOWN,2017,FETCH_FAILED,0
http://www.badische-zeitung.de/ratgeber/computermedien/metoo-anlaufstelle-taeglich-melden-sich-neue-betroffene,,2018-12-25 10:45:00 UTC,badische-zeitung.de,False,#MeToo,#MeToo [Support],1,1,0,True,Support,News/Reporting,Germany,2018,OK,726
https://france3-regions.francetvinfo.fr/paris-ile-de-france/seine-saint-denis/seine-saint-denis-cinq-adolescents-mis-examen-viol-reunion-cite-pierrefitte-1557704.html,,2018-10-13 19:00:00 UTC,france3-regions.francetvinfo.fr,False,viol,viol [Support],1,1,0,False,Support,News/Reporting,France,2018,OK,1756
https://www.lemonde.fr/idees/article/2019/11/17/harcelement-sexuel-au-travail-au-dela-de-la-sanction-la-prevention-est-aujourd-hui-indispensable_6019484_3232.html,"Harcèlement sexuel au travail : « Au-delà de la sanction, la prévention est aujourd'hui indispensable »",2019-11-17 11:00:00 UTC,lemonde.fr,True,harcèlement | harcèlement sexuel,harcèlement [Support] | harcèlement sexuel [Support],2,2,0,False,Support,Opinion/Editorial,France,2019,OK,1726
https://www.wvtm13.com/article/casey-affleck-metoo-backlash-behaved-really-unprofessional-way/22698618,,2018-08-10 18:30:00 UTC,wvtm13.com,False,#MeToo,#MeToo [Support],1,1,0,True,Support,News/Reporting,United States,2018,OK,2774
http://calgarysun.com/news/world/polanski-slams-metoo-as-collective-hysteria-and-hypocrisy/wcm/28ffe575-6815-4c27-9d93-e4e54ede8be7,,2018-05-09 20:30:00 UTC,calgarysun.com,False,#MeToo,#MeToo [Support],1,1,0,True,Support,News/Reporting,Canada,2018,FETCH_FAILED,0
https://dcmetrotheaterarts.com/2019/10/27/afflicted-daughters-of-salem-at-laurel-mill-playhouse-is-a-haunting-story-of-witch-hunt-origins/,'Afflicted: Daughters Of Salem' at Laurel Mill Playhouse is a haunting story of witch hunt origins,2019-10-28 01:45:00 UTC,dcmetrotheaterarts.com,False,witch hunt,witch hunt [Backlash],1,0,1,False,Backlash,News/Reporting,United States,2019,FETCH_FAILED,0
https://www.granadadigital.es/el-ayuntamiento-de-granada-amplia-el-numero-de-agentes-dedicados-a-victimas-de-violencia-de-genero/,El Ayuntamiento de Granada amplía el número de agentes dedicados a víctimas de violencia de género,2019-10-02 19:30:00 UTC,granadadigital.es,True,violencia de género,violencia de género [Support],1,1,0,False,Support,News/Reporting,Spain,2019,FETCH_FAILED,0
https://www.stamfordadvocate.com/entertainment/article/Milan-Fashion-Week-opens-with-metoo-moment-of-12631029.php,,2018-02-21 21:15:00 UTC,stamfordadvocate.com,False,#MeToo,#MeToo [Support],1,1,0,True,Support,News/Reporting,United States,2018,FETCH_FAILED,0
http://www.visir.is/g/2018180219404/metoo-byltingin-othaegileg-og-sarsaukafull-en-til-mikils-gagns,,2018-02-14 16:45:00 UTC,visir.is,False,#MeToo,#MeToo [Support],1,1,0,True,Support,News/Reporting,Iceland,2018,OK,3984
http://www.aachener-zeitung.de/news/politik/weltweiter-aufschrei-trump-zieht-bei-migration-notbremse-1.1922786,,2018-06-20 19:45:00 UTC,aachener-zeitung.de,False,#Aufschrei | #aufschrei,#Aufschrei [Support] | #aufschrei [Support],2,2,0,True,Support,News/Reporting,Germany,2018,FETCH_FAILED,0
http://www.laopiniondezamora.es/internacional/2018/05/08/fiscal-metoo-dimite-acusaciones-abusos/1082616.html,,2018-05-08 07:15:00 UTC,laopiniondezamora.es,False,#MeToo,#MeToo [Support],1,1,0,True,Support,News/Reporting,Spain,2018,OK,2882
https://lancasteronline.com/news/politics/watch-diamond-and-silk-schlapps-take-the-stage-at-halloween/article_35236676-fb6b-11e9-86ba-0b869cc83c9a.html,"Watch: Diamond and Silk, Schlapps take the stage at Halloween Witch Hunt party [video]",2019-10-31 01:30:00 UTC,lancasteronline.com,False,witch hunt,witch hunt [Backlash],1,0,1,False,Backlash,News/Reporting,United States,2019,FETCH_FAILED,0
https://thestarphoenix.com/news/world/kutoo-japanese-minister-says-high-heels-are-appropriate/wcm/58ac0cb9-89c9-4bc9-8e16-8b1fc1e77795,,2019-06-06 22:30:00 UTC,thestarphoenix.com,False,#KuToo,#KuToo [Support],1,1,0,True,Support,News/Reporting,Canada,2019,FETCH_FAILED,0
https://www.usatoday.com/story/news/nation/2018/11/16/tarana-burke-metoo-movement/2023593002/,,2018-11-16 15:00:00 UTC,usatoday.com,False,#MeToo,#MeToo [Support],1,1,0,True,Support,News/Reporting,United States,2018,OK,4107
http://www.theledger.com/zz/news/20180118/has-metoo-gone-too-far-ansari-story-sparks-debate,,2018-01-19 01:30:00 UTC,theledger.com,False,#MeToo,#MeToo [Support],1,1,0,True,Support,News/Reporting,United States,2018,FETCH_FAILED,0
https://www.vg.no/nyheter/utenriks/i/4dJkGo/bill-clinton-hyller-metoo-kampanjen-men-ber-ikke-om-unnskyldning,,2018-06-04 17:15:00 UTC,vg.no,False,#MeToo,#MeToo [Support],1,1,0,True,Support,News/Reporting,Norway,2018,OK,1113
https://www.therecord.com/news-story/8046056-cambridge-drama-students-bring-metoo-into-local-focus/,,2018-01-11 17:00:00 UTC,therecord.com,False,#MeToo,#MeToo [Support],1,1,0,True,Support,News/Reporting,Canada,2018,FETCH_FAILED,0
http://www.actionnewsjax.com/news/national/metoo-movement-named-time-magazines-person-of-the-year/659460462,,2017-12-06 23:30:00 UTC,actionnewsjax.com,False,#MeToo,#MeToo [Support],1,1,0,True,Support,News/Reporting,United States,2017,FETCH_FAILED,0
https://www.sudouest.fr/2018/05/12/soudan-indignation-apres-la-condamnation-a-mort-d-une-adolescente-victime-de-viol-5051638-4803.php,,2018-05-12 17:30:00 UTC,sudouest.fr,False,viol,viol [Support],1,1,0,False,Support,News/Reporting,France,2018,OK,2758
https://www.letelegramme.fr/finistere/douarnenez/noustoutes-en-route-avec-le-planning-familial-21-11-2018-12140480.php,,2018-11-21 19:00:00 UTC,letelegramme.fr,False,#NousToutes,#NousToutes [Support],1,1,0,True,Support,News/Reporting,France,2018,FETCH_FAILED,0
https://www.diariodecuyo.com.ar/argentina/Femicidio-una-excandidata-del-Frente-de-Todos-fue-asesinada-por-su-marido-20191220-0016.html,Femicidio: una excandidata del Frente de Todos fue asesinada por su marido,2019-12-20 13:45:00 UTC,diariodecuyo.com.ar,False,femicidio,femicidio [Support],1,1,0,False,Support,News/Reporting,Argentina,2019,FETCH_FAILED,0
https://www.20minutos.es/noticia/3670478/0/el-ciclo-els-juliols-de-la-universitat-de-barcelona-programa-cursos-sobre-el-movimiento-metoo-o-el-fact-checking/,,2019-06-14 13:30:00 UTC,20minutos.es,False,#MeToo,#MeToo [Support],1,1,0,True,Support,News/Reporting,Spain,2019,OK,2108
http://www.smp.se/tt-feature/efter-metoo-stjarnor-samlas-i-stor-protest/,,2018-01-01 17:30:00 UTC,smp.se,False,#MeToo,#MeToo [Support],1,1,0,True,Support,News/Reporting,Sweden,2018,OK,1093
https://revistaforum.com.br/tag/assedio-sexual/,assédio sexual | Revista Fórum,2019-10-03 16:30:00 UTC,revistaforum.com.br,True,assédio sexual,assédio sexual [Support],1,1,0,False,Support,News/Reporting,Brazil,2019,FETCH_FAILED,0
https://www.zazoom.it/2019-05-30/ecco-il-metoo-scolastico-che-non-e-cosi-diverso-dalla-democrazia-diretta/5567681/,,2019-05-30 15:30:00 UTC,zazoom.it,False,#MeToo,#MeToo [Support],1,1,0,True,Support,News/Reporting,Italy,2019,FETCH_FAILED,0
https://www.huffingtonpost.fr/2018/09/28/cristiano-ronaldo-accuse-de-viol-lamericaine-kathryn-mayorga-temoigne-dans-la-presse_a_23545004/,,2018-09-28 17:15:00 UTC,huffingtonpost.fr,False,viol,viol [Support],1,1,0,False,Support,News/Reporting,France,2018,OK,2554
https://www.ziare-pe-net.ro/stiri/un-nou-caz-de-pedofilie-zguduie-romania-doua-fetite-au-fost-atacate-in-scara-unui-bloc-din-husi-de-un-barbat-care-a-mai-fost-condamnat-pentru-viol-5860842.html,,2018-04-16 17:15:00 UTC,ziare-pe-net.ro,False,viol,viol [Support],1,1,0,False,Support,News/Reporting,Romania,2018,FETCH_FAILED,0
https://www.nicematin.com/faits-de-societe/la-deputee-du-var-cecile-muschotti-cosignataire-dune-tribune-appelant-a-mettre-un-terme-a-lhomophobie-et-au-sexisme-au-sein-de-de-lrem-304695,,2019-03-09 12:30:00 UTC,nicematin.com,False,sexisme,sexisme [Support],1,1,0,False,Support,News/Reporting,France,2019,OK,2703
http://bpr.org/post/metoo-rallies-wnc-seek-end-stigma-being-victim,,2018-05-03 22:00:00 UTC,bpr.org,False,#MeToo,#MeToo [Support],1,1,0,True,Support,News/Reporting,UNKNOWN,2018,FETCH_FAILED,0
https://www.yahoo.com/news/alyssa-milanos-metoo-hashtag-proves-shocking-amount-women-sexually-harassed-assaulted-154249582.html,,2017-10-16 17:45:00 UTC,yahoo.com,False,#MeToo,#MeToo [Support],1,1,0,True,Support,News/Reporting,United States,2017,OK,3333
https://elaragueno.com.ve/manifestacion-en-francia-contra-la-violencia-de-genero-y-los-feminicidios/,Manifestación en Francia contra la violencia de género y los feminicidios – El Aragueño,2019-11-24 10:15:00 UTC,elaragueno.com.ve,True,violencia de género,violencia de género [Support],1,1,0,False,Support,News/Reporting,Venezuela,2019,FETCH_FAILED,0
https://journalstar.com/news/national/govt-and-politics/trump-accuser-s-election-bid-is-about-more-than-metoo/article_4f98d3f9-b3d1-54ab-b858-64183245aa86.html,,2018-11-01 18:00:00 UTC,journalstar.com,False,#MeToo,#MeToo [Support],1,1,0,True,Support,News/Reporting,United States,2018,FETCH_FAILED,0
https://www.northbaynipissing.com/news-story/8958980--metoo-encouraging-for-young-canadian-females/,,2018-10-11 12:15:00 UTC,northbaynipissing.com,False,#MeToo,#MeToo [Support],1,1,0,True,Support,News/Reporting,Canada,2018,FETCH_FAILED,0
https://www.news957.com/world/2019/04/12/amazon-woody-allens-metoo-comments-wrecked-movie-deal/,,2019-04-12 21:45:00 UTC,news957.com,False,#MeToo,#MeToo [Support],1,1,0,True,Support,News/Reporting,United States,2019,OK,961
http://www.woodstocksentinelreview.com/2018/01/11/cosby-references-metoo-movement-after-meal-in-philadelphia,,2018-01-11 19:00:00 UTC,woodstocksentinelreview.com,False,#MeToo,#MeToo [Support],1,1,0,True,Support,News/Reporting,Canada,2018,FETCH_FAILED,0
http://mammi.blogautore.espresso.repubblica.it/2019/01/02/ovidio-ai-tempi-del-metoo/,,2019-01-02 16:45:00 UTC,espresso.repubblica.it,False,#MeToo,#MeToo [Support],1,1,0,True,Support,News/Reporting,Italy,2019,FETCH_FAILED,0
https://www.timesnownews.com/entertainment/news/bollywood-news/article/metoo-vikas-bahl-files-a-rs-10-crore-defamation-case-against-anurag-kashyap-and-vikramaditya-motwane/300897,,2018-10-17 18:15:00 UTC,timesnownews.com,False,#MeToo,#MeToo [Support],1,1,0,True,Support,News/Reporting,UNKNOWN,2018,OK,2699
http://www.saamana.com/chetan-bhagat-questions-woman-who-has-made-allegations-metoo-india-sexual-harassment/,,2018-10-10 10:15:00 UTC,saamana.com,False,#MeToo,#MeToo [Support],1,1,0,True,Support,News/Reporting,UNKNOWN,2018,FETCH_FAILED,0
https://www.solinger-tageblatt.de/leute/metoo-aktivistin-laeutet-jahr-2018-am-times-square-ein-zr-9464912.html,,2017-12-19 21:15:00 UTC,solinger-tageblatt.de,False,#MeToo,#MeToo [Support],1,1,0,True,Support,News/Reporting,UNKNOWN,2017,FETCH_FAILED,0
https://www.larazon.es/futbol/20191204/usv33btwtrecfndbaodxwdmuta.html,"Así es el vídeo en el que unos futbolistas se ríen del baile feminista ""El violador eres tú""",2019-12-04 13:45:00 UTC,larazon.es,True,El violador eres tú,El violador eres tú [Support],1,1,0,False,Support,News/Reporting,Spain,2019,OK,1585
https://www.eldiario.com.ar/57226-brutal-femicidio-en-coronel-suarez/,Brutal femicidio en Coronel Suárez | El Diario de Entre Ríos,2019-12-16 15:30:00 UTC,eldiario.com.ar,True,femicidio,femicidio [Support],1,1,0,False,Support,News/Reporting,Argentina,2019,FETCH_FAILED,0
http://www.winchesterstar.com/associated_press/washington/favorites-for-franken-s-minnesota-seat-reflect-metoo-s-rise/article_964161ef-5967-548a-a02c-30ea984cfa39.html,,2018-08-14 06:45:00 UTC,winchesterstar.com,False,#MeToo,#MeToo [Support],1,1,0,True,Support,News/Reporting,United States,2018,FETCH_FAILED,0
https://epocanegocios.globo.com/Vida/noticia/2018/10/apos-um-ano-de-metoo-coordenadora-de-intimidade-passa-integrar-sets-de-filmagens.html,,2018-10-25 18:15:00 UTC,globo.com,False,#MeToo,#MeToo [Support],1,1,0,True,Support,News/Reporting,Brazil,2018,FETCH_FAILED,0
http://mtpr.org/post/tester-working-capture-energy-womens-march-and-metoo-movements,,2018-02-06 00:30:00 UTC,mtpr.org,False,#MeToo,#MeToo [Support],1,1,0,True,Support,News/Reporting,United States,2018,FETCH_FAILED,0
https://wiznation.com/2591026/muterkelly-the-pied-piper-dropped-from-chicago-concert-lineup/,,2018-04-30 08:30:00 UTC,wiznation.com,False,#MuteRKelly,#MuteRKelly [Support],1,1,0,True,Support,News/Reporting,United States,2018,OK,2322
https://www.richmondregister.com/cnhi_network/pamela-anderson-slams-metoo-movement-says-it-paralyzes-men/article_2070737a-bd12-5545-b072-001d37a843bc.html,,2018-11-07 13:30:00 UTC,richmondregister.com,False,#MeToo,#MeToo [Support],1,1,0,True,Support,News/Reporting,United States,2018,FETCH_FAILED,0
http://www.milenio.com/policia/feminicidio-reforma_222-proceso-mujer-asesinato-cdmx_0_1152484992.html,,2018-04-06 23:00:00 UTC,milenio.com,False,feminicidio,feminicidio [Support],1,1,0,False,Support,News/Reporting,Mexico,2018,FETCH_FAILED,0
https://www.worldjournal.com/5543579/article-just-do-it-%E6%85%98%E8%AE%8A-metoo-%E8%80%90%E5%90%89%E5%8F%97%E9%A8%B7%E6%93%BE%E5%A5%B3%E5%93%A1%E5%B7%A5%E8%B6%95%E8%B5%B0%E7%94%B7%E9%AB%98%E5%B1%A4/,,2018-04-30 03:00:00 UTC,worldjournal.com,False,#MeToo,#MeToo [Support],1,1,0,True,Support,News/Reporting,China,2018,FETCH_FAILED,0
http://www.asianage.com/india/all-india/220119/metoo-accused-mj-akbar-features-on-govt-booklet-centre-explains.html,,2019-01-22 06:15:00 UTC,asianage.com,False,#MeToo,#MeToo [Support],1,1,0,True,Support,News/Reporting,India,2019,OK,2155
https://www.cronica.com.ar/policiales/Muere-una-mujer-quemada-e-investigan-si-se-trato-de-un-femicidio-20191020-0013.html,Muere una mujer quemada e investigan si se trató de un femicidio,2019-10-21 00:30:00 UTC,cronica.com.ar,True,femicidio,femicidio [Support],1,1,0,False,Support,News/Reporting,Argentina,2019,OK,1279
https://www.efe.com/efe/america/sociedad/de-un-feminicidio-cada-30-horas-a-cero-el-grito-las-mujeres-en-argentina/20000013-3449469,,2017-11-25 15:30:00 UTC,efe.com,False,feminicidio,feminicidio [Support],1,1,0,False,Support,News/Reporting,Spain,2017,OK,886
https://www.france24.com/en/mediawatch/20190530-metoo-burkina-faso-africa,,2019-05-30 23:00:00 UTC,france24.com,False,#MeToo,#MeToo [Support],1,1,0,True,Support,News/Reporting,France,2019,OK,1388
https://www.msn.com/en-au/news/australia/tracey-spicer-accuses-three-women-of-defamation-after-abc-supernumbermetoo-documentary/ar-BBXCDsr,Tracey Spicer accuses three women of defamation after ABC #MeToo documentary,2019-12-02 19:45:00 UTC,msn.com,False,#MeToo,#MeToo [Support],1,1,0,True,Support,News/Reporting,United States,2019,NO_TEXT,0
http://vgr.by/2019/07/08/voprosyi-po-obyomu-gosstandart-proveril-skolko-na-samom-dele-podsolnechnogo-masla-prodayotsya-v-butyilkah-itog-neuteshitelnyiy/,,2019-07-08 16:30:00 UTC,vgr.by,False,masla,masla [Backlash],1,0,1,False,Backlash,News/Reporting,Belarus,2019,OK,1818
https://www.estrepublicain.fr/france-monde/2019/11/13/accusations-de-viol-contre-polanski-et-sortie-de-j-accuse-qui-le-soutient-qui-le-boycotte,"France - Monde | Accusations de viol contre Polanski et sortie de ""J'accuse"" : qui le soutient, qui le boycotte",2019-11-13 16:30:00 UTC,estrepublicain.fr,False,viol,viol [Support],1,1,0,False,Support,News/Reporting,France,2019,OK,3570
https://www.freenet.de/unterhaltung/promis/nach-aufschrei-youtubepause-fuer-logan-paul_6419130_4729180.html,,2018-01-05 00:15:00 UTC,freenet.de,False,#Aufschrei | #aufschrei,#Aufschrei [Support] | #aufschrei [Support],2,2,0,True,Support,News/Reporting,Germany,2018,OK,1997
https://www.postregister.com/news/national/report-metoo-activist-argento-settled-sex-assault-complaint/article_51c7e9f9-9705-5a29-af6a-d00d425885c5.html,,2018-08-20 10:30:00 UTC,postregister.com,False,#MeToo,#MeToo [Support],1,1,0,True,Support,News/Reporting,United States,2018,FETCH_FAILED,0
https://www.ktvz.com/entertainment/geoffrey-rush-wins-metoo-defamation-case/1068013076,,2019-04-11 13:45:00 UTC,ktvz.com,False,#MeToo,#MeToo [Support],1,1,0,True,Support,News/Reporting,United States,2019,FETCH_FAILED,0
http://www.kobfm.com/news/israeli-production-company-launches-undercover-reality-tv-show-for-the-metoo-era/,,2018-03-22 06:00:00 UTC,kobfm.com,False,#MeToo,#MeToo [Support],1,1,0,True,Support,News/Reporting,UNKNOWN,2018,FETCH_FAILED,0
https://www.931wnox.com/news/national/metoo-congress-has-yet-to-pass-bill-that-protects-workers-on-the-hill-against-sexual-harassment,,2018-09-26 05:15:00 UTC,931wnox.com,False,#MeToo,#MeToo [Support],1,1,0,True,Support,News/Reporting,UNKNOWN,2018,FETCH_FAILED,0
https://www.dailybulletin.com/2018/04/23/the-metoo-push-could-lead-to-limits-on-binding-arbitration-in-california/,,2018-04-23 13:30:00 UTC,dailybulletin.com,False,#MeToo,#MeToo [Support],1,1,0,True,Support,News/Reporting,United States,2018,FETCH_FAILED,0
https://www.timesnownews.com/india/article/mj-akbar-pon-radhakrishnan-metoo-movement-india-perverts-bjp-sexual-harassment-molestation-chennai-tamil-nadu-politics/301118,,2018-10-18 11:15:00 UTC,timesnownews.com,False,#MeToo,#MeToo [Support],1,1,0,True,Support,News/Reporting,UNKNOWN,2018,OK,1641
http://live959.com/jimmy-kimmel-will-address-metoo-at-the-oscars-after-all/,,2018-03-03 15:00:00 UTC,live959.com,False,#MeToo,#MeToo [Support],1,1,0,True,Support,News/Reporting,UNKNOWN,2018,OK,2307
http://noticieros.televisa.com/ultimas-noticias/cdmx/2017-10-19/tribunal-reclasifica-homicidio-lesvy-berlin-feminicidio/,,2017-10-19 05:45:00 UTC,televisa.com,False,feminicidio,feminicidio [Support],1,1,0,False,Support,News/Reporting,Mexico,2017,FETCH_FAILED,0
https://hi-news.ru/medicina/kakie-efirnye-masla-uskoryayut-zazhivlenie-ran.html,Какие эфирные масла ускоряют заживление ран?,2019-12-23 10:00:00 UTC,hi-news.ru,True,masla,masla [Backlash],1,0,1,False,Backlash,News/Reporting,Russia,2019,OK,3149
http://www.nuevodiarioweb.com.ar/noticias/2018/12/06/177579-masivo-repudio-al-fallo-por-el-femicidio-de-lucia-perez,,2018-12-06 10:15:00 UTC,nuevodiarioweb.com.ar,False,femicidio,femicidio [Support],1,1,0,False,Support,News/Reporting,Argentina,2018,NO_TEXT,0
http://www.canindia.com/ranvir-shorey-trolled-for-joking-about-metoo-in-context-of-caa-stir/,Ranvir Shorey trolled for joking about #MeToo in context of CAA stir,2019-12-18 11:15:00 UTC,canindia.com,False,#MeToo,#MeToo [Support],1,1,0,True,Support,News/Reporting,India,2019,FETCH_FAILED,0
http://www.helagotland.se/opinioninsandare/metoo-visar-problemet-14930907.aspx,,2017-10-18 04:00:00 UTC,helagotland.se,False,#MeToo,#MeToo [Support],1,1,0,True,Support,News/Reporting,Sweden,2017,OK,3141
https://www.haberler.com/papa-cinsel-taciz-davalarinda-papalik-sirri-12727710-haberi/,"Papa, cinsel taciz davalarında 'papalık sırrı' uygulamasını kaldırdı",2019-12-17 16:45:00 UTC,haberler.com,True,cinsel taciz,cinsel taciz [Support],1,1,0,False,Support,News/Reporting,Turkey,2019,OK,2837
https://zeenews.india.com/marathi/india/telangana-hyderabad-rape-case-nirbhaya-mother-express-her-gratitude-towards-the-police-for-killing-4-accused-killed-in-police-encounter/499416,'Hyderabad एन्काऊंटरप्रकरणी पोलिसांवर कोणतीही कारवाई नको',2019-12-06 05:00:00 UTC,india.com,True,Nirbhaya,Nirbhaya [Support],1,1,0,False,Support,News/Reporting,India,2019,OK,2269
https://www.sott.net/article/422485-Project-Veritas-latest-bombshell-report-reveals-MeToo-coverup-at-CNN,Project Veritas' latest bombshell report reveals #MeToo coverup at CNN -- Society's Child -- Sott.net,2019-10-23 19:30:00 UTC,sott.net,False,#MeToo,#MeToo [Support],1,1,0,True,Support,News/Reporting,United States,2019,OK,2365
http://www.inforegion.com.ar/2019/04/13/elevaron-a-juicio-la-causa-por-el-femicidio-de-stella-maris/,,2019-04-13 23:45:00 UTC,inforegion.com.ar,False,femicidio,femicidio [Support],1,1,0,False,Support,News/Reporting,Argentina,2019,OK,3679
http://entertainment.inquirer.net/269002/lynda-carter-gets-star-supports-metoo,,2018-04-06 18:00:00 UTC,inquirer.net,False,#MeToo,#MeToo [Support],1,1,0,True,Support,News/Reporting,Philippines,2018,FETCH_FAILED,0
https://listindiario.com/la-republica/2019/12/23/597000/una-mujer-fue-ultimada-de-un-disparo-por-un-sobrino-de-su-esposo-en-santiago,FEMINICIDIO - Una mujer fue ultimada de un disparo por un sobrino de su esposo en Santiago,2019-12-23 19:15:00 UTC,listindiario.com,False,feminicidio,feminicidio [Support],1,1,0,False,Support,News/Reporting,United States,2019,OK,1258
https://www.elintransigente.com/sociedad/2019/3/8/numeros-que-duelen-hay-un-femicidio-cada-cuatro-dias-en-buenos-aires-546673.html,,2019-03-08 20:30:00 UTC,elintransigente.com,False,femicidio,femicidio [Support],1,1,0,False,Support,News/Reporting,Argentina,2019,OK,792
http://zeenews.india.com/people/dont-think-theres-any-woman-who-doesnt-have-a-metoo-story-renuka-shahane-2149327.html,,2018-10-18 16:00:00 UTC,india.com,False,#MeToo,#MeToo [Support],1,1,0,True,Support,News/Reporting,India,2018,OK,4879
http://www.thevanguard.ca/opinion/columnists/metoo-knowing-youre-not-alone-helps-sexual-assault-survivors-move-towards-healing-245998/,,2018-10-01 17:00:00 UTC,thevanguard.ca,False,#MeToo,#MeToo [Support],1,1,0,True,Support,Opinion/Editorial,Canada,2018,FETCH_FAILED,0
https://www.varmatin.com/justice/acquitte-daccusations-de-viol-georges-tron-sera-rejuge-en-appel-278871,,2018-11-20 17:30:00 UTC,varmatin.com,False,viol,viol [Support],1,1,0,False,Support,News/Reporting,France,2018,OK,4411
https://www.kiro7.com/news/world/mexicans-hit-streets-to-demand-end-to-violence-against-women/1011821204,Mexicans hit streets to demand end to violence against women,2019-11-24 03:15:00 UTC,kiro7.com,False,violence against women,violence against women [Support],1,1,0,False,Support,News/Reporting,UNKNOWN,2019,FETCH_FAILED,0
http://www.bradfordera.com/lifestyle/entertainment/no-dress-code-but-plenty-of-references-to-metoo-at/article_082ec0ae-3ef6-5ca9-93cc-4ee3f4bb816b.html,,2018-03-05 04:45:00 UTC,bradfordera.com,False,#MeToo,#MeToo [Support],1,1,0,True,Support,News/Reporting,United States,2018,FETCH_FAILED,0
https://www.lanoticia1.com/noticia/femicidio-en-escobar-fallecio-una-mujer-de-35-anos-que-fue-prendida-fuego-por-su-pareja-111402.html,,2018-12-02 21:00:00 UTC,lanoticia1.com,False,femicidio,femicidio [Support],1,1,0,False,Support,News/Reporting,Argentina,2018,NO_TEXT,0
https://www.timesnownews.com/mirror-now/crime/article/himachal-pradesh-teacher-sexually-harasses-12-minor-girls-at-school-booked-under-pocso/525683,"Una sexual harassment: Himachal Pradesh: Teacher sexually harasses 12 minor girls at school, booked under POCSO",2019-12-11 04:30:00 UTC,timesnownews.com,False,sexual harassment,sexual harassment [Support],1,1,0,False,Support,News/Reporting,UNKNOWN,2019,OK,487
https://www.business-standard.com/article/pti-stories/metoo-3-000-gurgaon-firm-to-come-under-administrative-scanner-118110101663_1.html,,2018-11-01 18:30:00 UTC,business-standard.com,False,#MeToo,#MeToo [Support],1,1,0,True,Support,News/Reporting,India,2018,FETCH_FAILED,0
https://www.amarujala.com/entertainment/metoo-singer-shweta-pandit-said-anu-malik-asked-her-to-kiss-to-get-work,,2018-10-17 23:00:00 UTC,amarujala.com,False,#MeToo,#MeToo [Support],1,1,0,True,Support,News/Reporting,India,2018,OK,2063
https://hindi.indiatvnews.com/india/national-metoo-campaign-union-minister-m-j-akbar-moves-court-against-journalist-605621,,2018-10-15 11:15:00 UTC,indiatvnews.com,False,#MeToo,#MeToo [Support],1,1,0,True,Support,News/Reporting,India,2018,OK,1632
http://www.latercera.com/opinion/noticia/ppda-santiago-al-mejor-cazador-se-le-va-la-liebre/120314/,,2018-04-03 13:30:00 UTC,latercera.com,False,PPDA,PPDA [Support],1,1,0,False,Support,Opinion/Editorial,Chile,2018,OK,6530
https://www.elgrafico.mx/la-roja/declaran-culpable-hombre-por-feminicidio-de-su-pareja-en-edomex-dijo-que-se-suicido,Declaran culpable a hombre por feminicidio de su pareja en Edomex; dijo que se suicidó,2019-12-04 20:15:00 UTC,elgrafico.mx,True,feminicidio,feminicidio [Support],1,1,0,False,Support,News/Reporting,Mexico,2019,FETCH_FAILED,0
https://www.heraldo.es/noticias/nacional/2019/11/25/una-mujer-de-26-anos-es-asesinada-en-el-sur-tenerife-1345728.html,Violencia de género: Una mujer de 26 años es asesinada en Tenerife,2019-11-25 09:45:00 UTC,heraldo.es,True,violencia de género,violencia de género [Support],1,1,0,False,Support,News/Reporting,Spain,2019,OK,3744
https://www.elidealgallego.com/articulo/area-metropolitana/arteixo-renovara-protocolos-lucha-violencia-genero/20191211201115422503.html,Arteixo renovará sus protocolos de lucha contra la violencia de género,2019-12-12 06:15:00 UTC,elidealgallego.com,True,violencia de género,violencia de género [Support],1,1,0,False,Support,News/Reporting,Spain,2019,FETCH_FAILED,0
https://au.news.yahoo.com/world/a/38637754/brigitte-bardot-slams-metoo-publicity-seeking-actresses/,,2018-01-17 22:15:00 UTC,yahoo.com,False,#MeToo,#MeToo [Support],1,1,0,True,Support,News/Reporting,United States,2018,FETCH_FAILED,0
https://thehimalayantimes.com/entertainment/mexican-musician-appears-to-kill-himself-after-metoo-claim/,,2019-04-02 05:45:00 UTC,thehimalayantimes.com,False,#MeToo,#MeToo [Support],1,1,0,True,Support,News/Reporting,Nepal,2019,OK,3787
https://ottawasun.com/entertainment/celebrity/russell-simmons-slams-oprah-for-singling-him-out-in-metoo-documentary/wcm/b06889c7-2493-4d18-99f1-fb983422684d,Russell Simmons slams Oprah for 'singling' him out in #MeToo documentary,2019-12-16 16:30:00 UTC,ottawasun.com,False,#MeToo,#MeToo [Support],1,1,0,True,Support,News/Reporting,Canada,2019,FETCH_FAILED,0
https://www.levante-emv.com/marina/2019/10/31/lider-vox-denia-respeta-minuto/1939480.html,Vox violencia de género: el líder de Vox en Dénia no respeta un minuto de silencio,2019-11-01 04:45:00 UTC,levante-emv.com,True,violencia de género,violencia de género [Support],1,1,0,False,Support,News/Reporting,Spain,2019,OK,2419
http://www.publico.es/culturas/metoo-michael-haneke-metoo-nuevo-puritanismo-odia-hombres-me-preocupa.html,,2018-02-11 17:00:00 UTC,publico.es,False,#MeToo,#MeToo [Support],1,1,0,True,Support,News/Reporting,Spain,2018,OK,2176
https://www.brantfordexpositor.ca/entertainment/celebrity/asia-argento-vows-vengeance-on-metoo-rival-rose-mcgowan/wcm/42525819-79f3-4d0f-b4cb-9492ac3fb31e,,2018-10-01 18:30:00 UTC,brantfordexpositor.ca,False,#MeToo,#MeToo [Support],1,1,0,True,Support,News/Reporting,Canada,2018,FETCH_FAILED,0
https://www.totalnews.com.ar/index.php/secciones/61-policiales/73926-chacabuco-asesinan-de-tres-balazos-a-una-mujer-y-por-el-femicidio-buscan-a-su-ex-pareja,,2019-06-13 03:45:00 UTC,totalnews.com.ar,False,femicidio,femicidio [Support],1,1,0,False,Support,News/Reporting,Argentina,2019,OK,3260
https://www.20minutos.es/noticia/3802077/0/psoe-critica-que-junta-anule-jornadas-violencia-genero-tras-conocer-al-plantel-expertos/,"PSOE critica que la Junta ""anule"" unas jornadas de violencia de género tras conocer al ""plantel de expertos""",2019-10-15 18:15:00 UTC,20minutos.es,True,violencia de género,violencia de género [Support],1,1,0,False,Support,News/Reporting,Spain,2019,OK,2862
https://www.businessinsider.in/politics/news/ninth-woman-accuses-former-sen-al-franken-of-sexual-harassment-as-he-steps-back-into-the-public-eye/articleshow/71379761.cms,Ninth woman accuses former Sen. Al Franken of sexual harassment as he steps back into the public eye,2019-09-30 18:30:00 UTC,businessinsider.in,False,sexual harassment,sexual harassment [Support],1,1,0,False,Support,News/Reporting,India,2019,FETCH_FAILED,0
https://www.sofokleousin.gr/reese-witherspoon-gia-ti-seksoualiki-parenoxlisi-i-siopi-itan-pro,"Reese Witherspoon για τη σεξουαλική παρενόχληση: ""Η σιωπή ήταν προϋπόθεση για να έχω δουλειά""",2019-11-09 20:45:00 UTC,sofokleousin.gr,True,σεξουαλική παρενόχληση,σεξουαλική παρενόχληση [Support],1,1,0,False,Support,News/Reporting,Greece,2019,OK,1433
https://www.abendzeitung-muenchen.de/inhalt.nach-vorwuerfen-gegen-asia-argento-metoo-aktivistin-mira-sorvino-ist-erschuettert.af1eb777-e70c-4a48-82ce-67993f83b5b3.html,,2018-08-22 15:15:00 UTC,abendzeitung-muenchen.de,False,#MeToo,#MeToo [Support],1,1,0,True,Support,News/Reporting,Germany,2018,OK,1654
https://www.seattletimes.com/nation-world/tonight-show-cancels-norm-macdonald-after-metoo-comments/,,2018-09-12 13:30:00 UTC,seattletimes.com,False,#MeToo,#MeToo [Support],1,1,0,True,Support,News/Reporting,United States,2018,OK,1794
https://www.rionegro.com.ar/neuquen/doble-femicidio-en-las-ovejas-dos-ministros-se-reuniran-con-familiares-AK4639266,,2018-03-19 17:45:00 UTC,rionegro.com.ar,False,femicidio,femicidio [Support],1,1,0,False,Support,News/Reporting,Argentina,2018,OK,1601
https://www.thehindu.com/news/national/nirbhaya-case-one-of-4-convicts-moves-supreme-court-seeking-review-of-death-penalty/article30266279.ece,Nirbhaya case | One of 4 convicts moves Supreme Court seeking review of death penalty,2019-12-10 10:45:00 UTC,thehindu.com,False,Nirbhaya,Nirbhaya [Support],1,1,0,False,Support,News/Reporting,India,2019,OK,2357
http://www.telam.com.ar/notas/201712/228567-comienza-el-juicio-por-femicidio-de-una-joven-en-corrientes-enganada-mediante-el-grooming.html,,2017-12-03 22:45:00 UTC,telam.com.ar,False,femicidio,femicidio [Support],1,1,0,False,Support,News/Reporting,Argentina,2017,FETCH_FAILED,0
http://www.folhavitoria.com.br/geral/noticia/2017/10/professora-se-dedica-a-estudar-e-analisar-dados-de-feminicidio-no-espirito-santo.html,,2017-10-16 14:15:00 UTC,folhavitoria.com.br,False,feminicidio,feminicidio [Support],1,1,0,False,Support,News/Reporting,Brazil,2017,OK,6868
https://www.prnewswire.com/news-releases/behavioral-health-experts-host-open-dialogue-workshop-focused-on-sex-love-power-trauma-and-healing-in-a-metoo-world-300781507.html,,2019-01-21 17:45:00 UTC,prnewswire.com,False,#MeToo,#MeToo [Support],1,1,0,True,Support,News/Reporting,United States,2019,OK,2460
http://www.zazoom.it/2018-02-10/anche-le-donne-arabe-dicono-metoo-contro-le-molestie/3881116/,,2018-02-10 16:30:00 UTC,zazoom.it,False,#MeToo,#MeToo [Support],1,1,0,True,Support,News/Reporting,Italy,2018,FETCH_FAILED,0
https://www.varingen.no/nyheter/sosiale-forhold/metoo/to-av-tre-menn-frykter-falske-anklager-etter-metoo/s/5-92-62258,,2018-10-16 10:15:00 UTC,varingen.no,False,#MeToo,#MeToo [Support],1,1,0,True,Support,News/Reporting,UNKNOWN,2018,OK,1210
http://www.martinique.franceantilles.fr/actualite/france/enquete-pour-viol-le-ministre-gerald-darmanin-entendu-a-paris-455972.php,,2018-02-12 20:15:00 UTC,martinique.franceantilles.fr,False,viol,viol [Support],1,1,0,False,Support,News/Reporting,France,2018,OK,843
https://www.salon.com/2017/12/09/could-the-era-pass-in-the-metoo-era_partner/,,2017-12-09 19:00:00 UTC,salon.com,False,#MeToo,#MeToo [Support],1,1,0,True,Support,News/Reporting,United States,2017,OK,6513
http://www.sify.com/movies/kangana-hits-back-at-sonam-for-judging-her-metoo-story-news-bollywood-skinqMbdfcbig.html,,2018-10-09 08:30:00 UTC,sify.com,False,#MeToo,#MeToo [Support],1,1,0,True,Support,News/Reporting,India,2018,FETCH_FAILED,0
https://www.vosgesmatin.fr/actualite/2018/02/17/plainte-pour-viol-contre-darmanin-une-affaire-classee-sans-suite,,2018-02-17 05:45:00 UTC,vosgesmatin.fr,False,viol,viol [Support],1,1,0,False,Support,News/Reporting,France,2018,OK,486
https://www.francetvinfo.fr/societe/harcelement-sexuel/accusations-de-viol-le-chanteur-saad-lamjarred-conteste-vigoureusement-les-faits-assure-son-avocat_2915681.html,,2018-08-29 05:30:00 UTC,francetvinfo.fr,False,viol,viol [Support],1,1,0,False,Support,News/Reporting,France,2018,OK,2058
https://www.cosmo.com.ua/mimimi-dnya-disney-sozdal-multfilm-v-chest-rozhdeniya-sina-megan-markl-i-princa-garri/,,2019-05-14 09:30:00 UTC,cosmo.com.ua,False,mimimi,mimimi [Backlash],1,0,1,False,Backlash,News/Reporting,Ukraine,2019,OK,1622
https://noticias.uol.com.br/politica/ultimas-noticias/2019/03/28/lider-de-clube-militar-rebate-criticas-por-celebrar-golpe-de-64-e-mimimi.htm,,2019-03-28 17:15:00 UTC,uol.com.br,False,mimimi,mimimi [Backlash],1,0,1,False,Backlash,News/Reporting,Brazil,2019,FETCH_FAILED,0
http://www.eldeber.com.bo/santacruz/Mujer-asesinada-a-golpes-otro-feminicidio-en-Tarija-20190930-9544.html,"Mujer asesinada a golpes, otro feminicidio en Tarija",2019-10-01 14:00:00 UTC,eldeber.com.bo,False,feminicidio,feminicidio [Support],1,1,0,False,Support,News/Reporting,Bolivia,2019,FETCH_FAILED,0
http://www.ksks.com/news/roseanne-barr-goes-after-metoo/,,2019-03-04 21:15:00 UTC,ksks.com,False,#MeToo,#MeToo [Support],1,1,0,True,Support,News/Reporting,UNKNOWN,2019,FETCH_FAILED,0
https://www.theregister.co.uk/2019/11/04/hackers_and_harassment/,"In a world of infosec rockstars, shutting down sexual harassment is hard work for victims",2019-11-04 22:30:00 UTC,theregister.co.uk,False,sexual harassment,sexual harassment [Support],1,1,0,False,Support,News/Reporting,United Kingdom,2019,OK,3501
http://www.dailymail.co.uk/wires/ap/article-5805277/Woody-Allen-I-poster-face-MeToo-movement.html,,2018-06-04 20:45:00 UTC,dailymail.co.uk,False,#MeToo,#MeToo [Support],1,1,0,True,Support,News/Reporting,United Kingdom,2018,FETCH_FAILED,0
https://baomoi.com/metoo-o-han-quoc-quyen-luc-khi-phanh-phui-duoc-nhung-nhan-vat-lon/c/30754690.epi,,2019-05-17 14:45:00 UTC,baomoi.com,False,#MeToo,#MeToo [Support],1,1,0,True,Support,News/Reporting,Vietnam,2019,NO_TEXT,0
https://www.panapress.com/Mauritians-protest-violence-agai-a_630615986-lang2.html,Mauritians protest violence against women,2019-11-23 16:00:00 UTC,panapress.com,False,violence against women,violence against women [Support],1,1,0,False,Support,News/Reporting,UNKNOWN,2019,TOO_SHORT,298
https://www.inforegion.com.ar/2019/11/19/intento-de-femicidio-en-ingeniero-budge-buscan-al-agresor/,Intento de femicidio en Ingeniero Budge: buscan al agresor,2019-11-19 17:15:00 UTC,inforegion.com.ar,False,femicidio,femicidio [Support],1,1,0,False,Support,News/Reporting,Argentina,2019,OK,1359
https://nypost.com/2019/02/19/statue-of-kissing-vj-day-sailor-vandalized-with-metoo-day-after-his-death/,,2019-02-19 21:30:00 UTC,nypost.com,False,#MeToo,#MeToo [Support],1,1,0,True,Support,News/Reporting,United States,2019,OK,1646
https://www.elobservador.com.uy/nota/jared-leto-sobre-ser-musico-y-actor-en-la-era-del-metoo-es-el-mejor-momento-para-ser-artista--201883010440,,2018-09-01 11:15:00 UTC,elobservador.com.uy,False,#MeToo,#MeToo [Support],1,1,0,True,Support,News/Reporting,Uruguay,2018,OK,6950
https://www.prajavani.net/entertainment/cinema/shruthi-hariharan-and-metoo-582634.html,,2018-10-21 21:00:00 UTC,prajavani.net,False,#MeToo,#MeToo [Support],1,1,0,True,Support,News/Reporting,UNKNOWN,2018,OK,8963
https://www.elsoldepuebla.com.mx/local/estado/la-encuentran-muerta-en-casa-de-su-exnovio-puebla-amozoc-guerrero-santa-muerte-fosa-clandestina-sacrificio-feminicidio-homicidio-muerta-mujeres-muertas-3911294.html,,2019-07-17 16:30:00 UTC,elsoldepuebla.com.mx,False,feminicidio,feminicidio [Support],1,1,0,False,Support,News/Reporting,UNKNOWN,2019,OK,2417
http://articles.economictimes.indiatimes.com/magazines/panache/for-a-cause-sona-mohapatra-didnt-have-second-thoughts-while-sharing-metoo-story/articleshow/66476785.cms,,2018-11-02 13:45:00 UTC,indiatimes.com,False,#MeToo,#MeToo [Support],1,1,0,True,Support,News/Reporting,India,2018,OK,14465
http://www.eluniversal.com.co:80/sucesos/feminicidio-historias-que-se-repiten-269599,,2018-01-09 13:00:00 UTC,eluniversal.com.co,False,feminicidio,feminicidio [Support],1,1,0,False,Support,News/Reporting,Colombia,2018,FETCH_FAILED,0
https://www.ntnews.com.au/business/companies/gillette-has-sparked-controversy-with-a-new-ad-about-the-metoo-movement/news-story/9dd8aa58653a55a200cda08b8759151f?nk=c4247b8de060a3d161d9130f7706b649-1547570854,,2019-01-15 17:00:00 UTC,ntnews.com.au,False,#MeToo,#MeToo [Support],1,1,0,True,Support,News/Reporting,Australia,2019,FETCH_FAILED,0
http://entertainment.inquirer.net/270069/metoo-founder-tarana-burke-focus-survivors-not-blaming,,2018-04-15 12:45:00 UTC,inquirer.net,False,#MeToo,#MeToo [Support],1,1,0,True,Support,News/Reporting,Philippines,2018,FETCH_FAILED,0
https://www.romandie.com/news/Un-an-du-MeToo-un-tsunami-americain-de-plus-en-plus-polarisant/959196.rom,,2018-10-04 08:30:00 UTC,romandie.com,False,#MeToo,#MeToo [Support],1,1,0,True,Support,News/Reporting,United States,2018,FETCH_FAILED,0
http://www.wdzz.com/news/as-debates-over-music-in-the-age-of-metoo-rage-on-radio-is-still-about-the-power-of-the-people/,,2018-12-08 12:30:00 UTC,wdzz.com,False,#MeToo,#MeToo [Support],1,1,0,True,Support,News/Reporting,UNKNOWN,2018,FETCH_FAILED,0
https://www.tribuneindia.com/news/life-style/neither-support-nor-oppose-delhi-crime--nirbhaya-s-father/751159.html,,2019-03-31 07:45:00 UTC,tribuneindia.com,False,Nirbhaya,Nirbhaya [Support],1,1,0,False,Support,News/Reporting,India,2019,FETCH_FAILED,0
https://www.hollywoodreporter.com/news/rose-mcgowan-slams-metoo-movement-as-bulls-theyre-douchebags-1150070,,2018-10-08 04:45:00 UTC,hollywoodreporter.com,False,#MeToo,#MeToo [Support],1,1,0,True,Support,News/Reporting,United States,2018,OK,3406
https://www.francetvinfo.fr/societe/violences-faites-aux-femmes/desintox-non-un-refugie-n-a-pas-ete-acquitte-de-viol-parce-quil-navait-pas-les-codes-culturels-suffisants_3084109.html,,2018-12-04 11:00:00 UTC,francetvinfo.fr,False,viol,viol [Support],1,1,0,False,Support,News/Reporting,France,2018,OK,2771
http://www.paginasiete.bo/seguridad/2018/1/6/envan-chonchocoro-hombre-acusado-feminicidio-infanticio-pucarani-165636.html,,2018-01-07 00:30:00 UTC,paginasiete.bo,False,feminicidio,feminicidio [Support],1,1,0,False,Support,News/Reporting,Bolivia,2018,FETCH_FAILED,0
http://www.benefitscanada.com/benefits/health-wellness/what-does-the-film-industrys-metoo-moment-mean-for-employers-109399,,2018-01-17 20:00:00 UTC,benefitscanada.com,False,#MeToo,#MeToo [Support],1,1,0,True,Support,News/Reporting,Canada,2018,FETCH_FAILED,0
http://www.sharonherald.com/cnhi_network/tony-robbins-apologizes-for-saying-metoo-movement-is-about-victimhood/article_fed03946-cb74-5084-9a51-14d97a6826ce.html,,2018-04-09 16:45:00 UTC,sharonherald.com,False,#MeToo,#MeToo [Support],1,1,0,True,Support,News/Reporting,United States,2018,FETCH_FAILED,0
http://www.panamaamerica.com.pa/ey/berlinale-se-inicio-con-proclama-del-metoo-1097392,,2018-02-17 06:45:00 UTC,panamaamerica.com.pa,False,#MeToo,#MeToo [Support],1,1,0,True,Support,News/Reporting,Panama,2018,OK,3737
http://abc7news.com/entertainment/woody-allen-i-should-be-the-positive-face-of-metoo-movement/3565633/,,2018-06-05 22:45:00 UTC,abc7news.com,False,#MeToo,#MeToo [Support],1,1,0,True,Support,News/Reporting,United States,2018,OK,2311
https://www.eleconomistaamerica.com/empresas-eAm-mexico/noticias/9502446/11/18/MeToo-incidiria-en-menos-fiestas-corporativas-a-fin-de-ano.html,,2018-11-06 23:45:00 UTC,eleconomistaamerica.com,False,#MeToo,#MeToo [Support],1,1,0,True,Support,News/Reporting,United States,2018,FETCH_FAILED,0
http://www.diariocambio.com.mx/2017/regiones/la-mixteca/item/30488-feminicidio-6-violan-y-matan-a-nina-en-la-mixteca,,2018-01-15 04:15:00 UTC,diariocambio.com.mx,False,feminicidio,feminicidio [Support],1,1,0,False,Support,News/Reporting,Mexico,2018,OK,1011
https://www.arcinfo.ch/articles/suisse/violences-sexuelles-punir-les-relations-sexuelles-non-consenties-comme-des-viols-887041,Violences sexuelles: punir les relations sexuelles non...,2019-11-28 15:45:00 UTC,arcinfo.ch,False,violences sexuelles,violences sexuelles [Support],1,1,0,False,Support,News/Reporting,Switzerland,2019,FETCH_FAILED,0
https://www.kainuunsanomat.fi/kainuun-sanomat/urheilu/ronaldoa-raiskauksesta-syyttava-nainen-kertoo-metoo-liikkeen-rohkaisseen-hanta-puhumaan/,,2018-10-04 04:45:00 UTC,kainuunsanomat.fi,False,#MeToo,#MeToo [Support],1,1,0,True,Support,News/Reporting,Finland,2018,FETCH_FAILED,0
http://wbt.com/articles/ap-news/year-metoo-scoop-tweet-and-then-reckoning,,2017-12-20 02:15:00 UTC,wbt.com,False,#MeToo,#MeToo [Support],1,1,0,True,Support,News/Reporting,United States,2017,FETCH_FAILED,0
https://makassar.tribunnews.com/2019/12/25/2019-kasus-pelecehan-seksual-anak-dibawah-umur-di-luwu-utara-masih-marak,"2019, Kasus Pelecehan Seksual Anak Dibawah Umur di Luwu Utara Masih Marak",2019-12-25 08:30:00 UTC,tribunnews.com,False,pelecehan seksual,pelecehan seksual [Support],1,1,0,False,Support,News/Reporting,Indonesia,2019,FETCH_FAILED,0
https://www.medias24.com/filafp/afp-101799-L-ex-otage-en-Afghanistan-Joshua-Boyle-raconte-le-meurtre-de-sa-fille-et-le-viol-de-son-epouse.html,,2017-10-14 08:15:00 UTC,medias24.com,False,viol,viol [Support],1,1,0,False,Support,News/Reporting,France,2017,OK,4043
https://www.bielertagblatt.ch/nachrichten/vermischtes/japans-vorkaempferin-der-metoo-bewegung-erringt-sieg-vor-gericht,Japans Vorkämpferin der #MeToo-Bewegung erringt Sieg vor Gericht,2019-12-18 13:30:00 UTC,bielertagblatt.ch,True,#MeToo,#MeToo [Support],1,1,0,True,Support,News/Reporting,Switzerland,2019,TOO_SHORT,63
https://www.satakunnankansa.fi/kotimaa/seksuaalisesta-ahdistelusta-tehdyt-ilmoitukset-poliisille-ovat-nytkahtaneet-kasvuun-metoo-kampanjan-alettua-ihan-varmasti-se-rohkaisee-200850011/,,2018-04-02 05:30:00 UTC,satakunnankansa.fi,False,#MeToo,#MeToo [Support],1,1,0,True,Support,News/Reporting,Finland,2018,FETCH_FAILED,0
http://www.ziarelive.ro/stiri/licitatie-pentru-lucrari-de-refacere-a-apararii-de-mal-a-raului-putna-in-satul-coza-tulnici.html,,2019-08-08 21:30:00 UTC,ziarelive.ro,False,COZA,COZA [Support],1,1,0,False,Support,News/Reporting,UNKNOWN,2019,FETCH_FAILED,0
http://hometown-pasadena.com/kpcc-blogs/the-metoo-effect-new-ca-bill-wants-to-ban-mandatory-arbitration-and-non-disclosure-agreements-in-the-workplace/136650,,2018-04-25 14:45:00 UTC,hometown-pasadena.com,False,#MeToo,#MeToo [Support],1,1,0,True,Support,News/Reporting,United States,2018,NO_TEXT,0
https://bangaloremirror.indiatimes.com/bangalore/crime/law-intern-found-dead-after-metoo-complaint/articleshow/66792833.cms,,2018-11-25 23:00:00 UTC,indiatimes.com,False,#MeToo,#MeToo [Support],1,1,0,True,Support,News/Reporting,India,2018,OK,2477
https://www.wthr.com/article/mit-and-linkedin-co-founder-award-metoo-leaders,,2018-11-27 15:30:00 UTC,wthr.com,False,#MeToo,#MeToo [Support],1,1,0,True,Support,News/Reporting,United States,2018,FETCH_FAILED,0
https://www.publico.es/sociedad/violencia-machista-2019-despide-cifra-alta-asesinatos-violencia-genero-2015.html,Violencia machista: 2019 se despide con la cifra más alta de asesinatos por violencia de género desde 2015,2019-12-31 15:30:00 UTC,publico.es,True,violencia de género,violencia de género [Support],1,1,0,False,Support,News/Reporting,Spain,2019,OK,7828
http://www.ziarelive.ro/stiri/cu-sprijinul-lui-vis-cainele-de-interventie-un-urmarit-pentru-viol-a-fost-depistat-in-baia-mare.html,,2018-10-19 10:00:00 UTC,ziarelive.ro,False,viol,viol [Support],1,1,0,False,Support,News/Reporting,UNKNOWN,2018,FETCH_FAILED,0
https://www.elpais.com.uy/mundo/triple-femicidio-conmociona-espana-asesino-ex-mujer-ex-cunada-ex-suegra.html,,2019-09-17 01:00:00 UTC,elpais.com.uy,False,femicidio,femicidio [Support],1,1,0,False,Support,News/Reporting,Uruguay,2019,FETCH_FAILED,0
https://www.noticiasdel6.com/la-sociedad-la-hacemos-nosotros-jovenes-sobre-la-violencia-de-genero/,"▷ ""La sociedad la hacemos nosotros"": jóvenes sobre la violencia de género",2019-11-11 22:30:00 UTC,noticiasdel6.com,True,violencia de género,violencia de género [Support],1,1,0,False,Support,News/Reporting,Argentina,2019,NO_TEXT,0
https://www.lasexta.com/programas/salvados/noticias/no-le-hagas-caso-el-es-asi-la-indignante-respuesta-que-le-dieron-a-isabel-cuando-denuncio-el-acoso-de-su-jefe-en-el-corte-ingles_201910205daca0410cf252ab40760ff8.html,"Salvados acoso sexual | ""No le hagas caso, él es así"": la indignante respuesta que le dieron a Isabel cuando denunció el acoso de su jefe en el Corte Inglés",2019-10-20 21:00:00 UTC,lasexta.com,True,acoso sexual,acoso sexual [Support],1,1,0,False,Support,News/Reporting,Spain,2019,OK,2893
https://www.pennlive.com/life/2019/04/metoo-movement-inspires-a-new-play-by-former-weinstein-employee.html,,2019-04-30 12:45:00 UTC,pennlive.com,False,#MeToo,#MeToo [Support],1,1,0,True,Support,News/Reporting,United States,2019,FETCH_FAILED,0
http://thenet.ng/protests-rape-allegation-forces-coza-pastor-fatoyinbo-step/,,2019-07-01 15:00:00 UTC,thenet.ng,False,COZA,COZA [Support],1,1,0,False,Support,News/Reporting,Nigeria,2019,OK,1855
https://www.periodistadigital.com/periodismo/tv/2019/02/07/el-palo-de-santi-abascal-vox-a-la-feminazi-leticia-dolera-en-los-goya-que-censuro-tve.shtml,,2019-02-07 10:45:00 UTC,periodistadigital.com,False,feminazi,feminazi [Backlash],1,0,1,False,Backlash,News/Reporting,Spain,2019,OK,2532
http://kuer.org/post/metoo-movement-person-year-time-says,,2017-12-06 17:00:00 UTC,kuer.org,False,#MeToo,#MeToo [Support],1,1,0,True,Support,News/Reporting,United States,2017,FETCH_FAILED,0
"https://www.nwzonline.de/panorama/metoo-freeman-moechte-nicht-mit-weinstein-gleichgesetzt-werden_a_50,1,2867794817.html",,2018-05-27 11:45:00 UTC,nwzonline.de,False,#MeToo,#MeToo [Support],1,1,0,True,Support,News/Reporting,Germany,2018,FETCH_FAILED,0
https://www.cronica.com.ar/policiales/Absuelven-a-acusados-por-abuso-sexual-y-femicidio-de-Lucia-Perez-20181126-0026.html,,2018-11-26 20:30:00 UTC,cronica.com.ar,False,femicidio,femicidio [Support],1,1,0,False,Support,News/Reporting,Argentina,2018,OK,2888
http://ciudadccs.info/dictan-orden-aprehension-autor-del-femicidio-mayell-hernandez/,,2018-09-28 23:15:00 UTC,ciudadccs.info,False,femicidio,femicidio [Support],1,1,0,False,Support,News/Reporting,Venezuela,2018,FETCH_FAILED,0
https://elcomercio.pe/peru/dictan-nueve-meses-prision-preventiva-presunto-autor-feminicidio-noticia-506231,,2018-03-21 21:30:00 UTC,elcomercio.pe,False,feminicidio,feminicidio [Support],1,1,0,False,Support,News/Reporting,Peru,2018,OK,1179
https://www.hindustantimes.com/india-news/4-member-committee-of-retired-judges-to-conduct-public-hearings-of-metoo-cases-maneka-gandhi/story-sKhA2pJmOtOwNZpRJ9PBBP.html,,2018-10-12 11:30:00 UTC,hindustantimes.com,False,#MeToo,#MeToo [Support],1,1,0,True,Support,News/Reporting,India,2018,OK,2813
https://www.challenges.fr/monde/destitution-l-administration-trump-denonce-le-harcelement-des-democrates_678279,"Destitution: l'administration Trump dénonce le ""harcèlement"" des démocrates",2019-10-05 19:45:00 UTC,challenges.fr,True,harcèlement,harcèlement [Support],1,1,0,False,Support,News/Reporting,France,2019,OK,5216
https://www.informador.mx/jalisco/Avalan-reforma-para-mejorar-atencion-a-hijos-de-victimas-de-feminicidio-20171206-0153.html,,2017-12-07 03:15:00 UTC,informador.mx,False,feminicidio,feminicidio [Support],1,1,0,False,Support,News/Reporting,UNKNOWN,2017,OK,2137
http://www.hollywoodreporter.com/news/metoo-survivors-march-take-place-sunday-hollywood-1057319,,2017-11-11 21:30:00 UTC,hollywoodreporter.com,False,#MeToo,#MeToo [Support],1,1,0,True,Support,News/Reporting,United States,2017,OK,1127
https://ww2.elmercurio.com.ec/2019/09/22/pena-maxima-para-autor-del-femicidio-perpetrado-en-ibarra/,Pena máxima para autor del femicidio perpetrado en Ibarra,2019-09-22 18:30:00 UTC,elmercurio.com.ec,True,femicidio,femicidio [Support],1,1,0,False,Support,News/Reporting,Ecuador,2019,FETCH_FAILED,0
https://www.24heures.ch/vaud-regions/chuv-sensibilise-sexisme/story/13699852,,2018-11-26 12:30:00 UTC,24heures.ch,False,sexisme,sexisme [Support],1,1,0,False,Support,News/Reporting,Switzerland,2018,FETCH_FAILED,0
http://www.elle.fr/Societe/News/Enceinte-apres-un-viol-a-l-hopital-l-infirmier-plaide-non-coupable-3753888,,2019-02-06 20:15:00 UTC,elle.fr,False,viol,viol [Support],1,1,0,False,Support,News/Reporting,France,2019,FETCH_FAILED,0
http://www.kmaj1440.com/news/alyssa-milano-adds-her-voice-to-whyididntreport-movement/,,2018-09-24 02:00:00 UTC,kmaj1440.com,False,#WhyIDidntReport,#WhyIDidntReport [Support],1,1,0,True,Support,News/Reporting,UNKNOWN,2018,FETCH_FAILED,0
https://redon.maville.com/actu/actudet_-viol-a-rennes.-un-macon-temoin-de-l-agression-previent-la-police_fil-3377107_actu.Htm,,2018-02-07 21:45:00 UTC,maville.com,False,viol,viol [Support],1,1,0,False,Support,News/Reporting,France,2018,OK,2476
http://www.music-news.com/news/UK/112473/Rita-Ora-rules-out-feuding-with-peers-after-MeToo-movement,,2018-04-18 12:30:00 UTC,music-news.com,False,#MeToo,#MeToo [Support],1,1,0,True,Support,News/Reporting,United Kingdom,2018,OK,1478
http://kuow.org/post/local-metoo-allegations-facebook-holocaust-deniers-and-heated-congressional-race,,2018-07-21 00:30:00 UTC,kuow.org,False,#MeToo,#MeToo [Support],1,1,0,True,Support,News/Reporting,United States,2018,FETCH_FAILED,0
http://www.lifo.gr/now/people/195531/goynti-alen-tha-eprepe-na-imoyn-protagonistis-toy-kinimatos-metoo,,2018-06-05 10:45:00 UTC,lifo.gr,False,#MeToo,#MeToo [Support],1,1,0,True,Support,News/Reporting,Greece,2018,OK,2572
https://www.kcentv.com/article/news/nation-world/amid-metoo-states-debate-teaching-consent-to-kids/500-c451c0e0-b900-40a5-b1f9-296731a435fe,,2019-05-20 13:15:00 UTC,kcentv.com,False,#MeToo,#MeToo [Support],1,1,0,True,Support,News/Reporting,United States,2019,FETCH_FAILED,0
https://www.24matins.fr/egypte-trois-ans-de-prison-avocat-appelait-viol-femmes-aux-jeans-troues-devoir-national-656351,,2017-12-04 16:00:00 UTC,24matins.fr,False,viol,viol [Support],1,1,0,False,Support,News/Reporting,France,2017,OK,3396
https://www.bangkokpost.com/lifestyle/social-and-lifestyle/1496538/-metoo-made-materially-manifest,,2018-07-03 04:45:00 UTC,bangkokpost.com,False,#MeToo,#MeToo [Support],1,1,0,True,Support,News/Reporting,Thailand,2018,OK,2169
https://apnews.com/c072eb333dec4d158fbdb6e101c46f46,Nevada regents report shows spike in sexual violence,2019-12-03 23:30:00 UTC,apnews.com,False,sexual violence,sexual violence [Support],1,1,0,False,Support,News/Reporting,UNKNOWN,2019,OK,2173
http://power959.com/emma-watson-timesup-tattoo-2018-oscars/,,2018-03-06 00:00:00 UTC,power959.com,False,#TimesUp,#TimesUp [Support],1,1,0,True,Support,News/Reporting,UNKNOWN,2018,OK,1352
http://jewishjournal.com/newsroom/family/raise-boys-metoo-era/,,2018-09-28 15:30:00 UTC,jewishjournal.com,False,#MeToo,#MeToo [Support],1,1,0,True,Support,News/Reporting,United States,2018,OK,2706
https://www.ouest-france.fr/pays-de-la-loire/angers-49000/info-ouest-france-un-policier-angevin-mis-en-examen-pour-viol-et-harcelement-sexuel-6556486,INFO OUEST-FRANCE. Un policier angevin mis en examen pour viol et harcèlement sexuel,2019-10-09 06:00:00 UTC,ouest-france.fr,True,harcèlement | harcèlement sexuel | viol,harcèlement [Support] | harcèlement sexuel [Support] | viol [Support],3,3,0,False,Support,News/Reporting,France,2019,FETCH_FAILED,0
https://ojo.pe/policial/perfil-psicologo-sandro-villegas-arevalo-mato-expareja-mercado-callao-feminicidio-269922/,,2019-01-11 01:15:00 UTC,ojo.pe,False,feminicidio,feminicidio [Support],1,1,0,False,Support,News/Reporting,Peru,2019,FETCH_FAILED,0
"https://www.rnz.de/politik/newsticker-dpa_artikel,-schauspielerin-tabatabai-verteidigt-metoo-debatte-_arid,339441.html",,2018-02-19 16:30:00 UTC,rnz.de,False,#MeToo,#MeToo [Support],1,1,0,True,Support,News/Reporting,Germany,2018,OK,724
http://time.mk/c/e2211c3b4a/kombinacijata-na-ricinusovo-maslo-so-drugi-masla-vetuva-zdrava-i-neguvana-koza.html,,2018-02-06 13:00:00 UTC,time.mk,False,masla,masla [Backlash],1,0,1,False,Backlash,News/Reporting,Macedonia,2018,NO_TEXT,0
https://www.nbcnews.com/news/education/amid-metoo-more-colleges-host-women-graduation-speakers-n872631,,2018-05-09 15:00:00 UTC,nbcnews.com,False,#MeToo,#MeToo [Support],1,1,0,True,Support,News/Reporting,United States,2018,OK,5365
https://www.debate.com.mx/mundo/Queman-vivo-en-la-carcel-a-detenido-por-feminicidio-en-Argentina-20190414-0141.html,,2019-04-14 22:30:00 UTC,debate.com.mx,False,feminicidio,feminicidio [Support],1,1,0,False,Support,News/Reporting,Mexico,2019,FETCH_FAILED,0
https://www.pagina12.com.ar/238042-el-violador-eres-tu-se-hizo-oir-en-atenas,"""El violador eres tú"" se hizo oír en Atenas | El nu...",2019-12-23 04:30:00 UTC,pagina12.com.ar,True,El violador eres tú,El violador eres tú [Support],1,1,0,False,Support,News/Reporting,Argentina,2019,OK,4268
https://www.kccu.org/post/many-metoo-accusers-speaking-just-beginning,"For Many #MeToo Accusers, Speaking Up Is Just The Beginning",2019-11-05 17:15:00 UTC,kccu.org,False,#MeToo,#MeToo [Support],1,1,0,True,Support,News/Reporting,United States,2019,OK,5881
https://www.independent.co.uk/independentpremium/harvey-weinstein-sexual-harassment-the-assistant-bombshell-she-said-bitter-wheat-the-loudest-voice-a9184126.html,"Hollywood is experiencing a new wave of post-Weinstein films about sexual harassment, but will they change anything?",2019-11-08 14:45:00 UTC,independent.co.uk,False,sexual harassment,sexual harassment [Support],1,1,0,False,Support,News/Reporting,United Kingdom,2019,OK,10078
https://zeenews.india.com/tamil/india/nirbhaya-rape-case-supreme-court-dismissed-the-review-petition-filed-by-akshay-kumar-singh-327287,Supreme Court of India | நிர்பயா பாலியல் வழக்கில் குற்றவாளிகளுக்கு தூக்கு தண்டனை உறுதி: உச்ச நீதிமன்றம் |,2019-12-18 08:45:00 UTC,india.com,True,Nirbhaya,Nirbhaya [Support],1,1,0,False,Support,News/Reporting,India,2019,OK,4865
https://www.informador.mx/jalisco/Vinculan-a-oficial-y-chofer-de-Uber-por-presunto-feminicidio-20180228-0116.html,,2018-02-28 23:00:00 UTC,informador.mx,False,feminicidio,feminicidio [Support],1,1,0,False,Support,News/Reporting,UNKNOWN,2018,OK,2489
https://www.ara.cat/internacional/MeToo-any-pero-que-canviat_0_2101589986.html,,2018-10-06 00:45:00 UTC,ara.cat,False,#MeToo,#MeToo [Support],1,1,0,True,Support,News/Reporting,Spain,2018,OK,986
https://www.thewrap.com/casey-affleck-metoo-the-old-man-and-the-gun/,,2018-08-09 22:45:00 UTC,thewrap.com,False,#MeToo,#MeToo [Support],1,1,0,True,Support,News/Reporting,United States,2018,OK,2686
https://www.dr.dk/nyheder/tema/metoo-sagen,,2017-10-23 11:00:00 UTC,dr.dk,False,#MeToo,#MeToo [Support],1,1,0,True,Support,News/Reporting,Denmark,2017,OK,4965
https://www.24heures.ch/monde/accusations-viol-ramadan-contreattaque/story/14834176,,2017-11-16 19:15:00 UTC,24heures.ch,False,viol,viol [Support],1,1,0,False,Support,News/Reporting,Switzerland,2017,FETCH_FAILED,0
http://www.ttela.se/n%C3%B6je/kultur-och-n%C3%B6jesnytt/kulturprofilen-det-%C3%A4r-absurt-1.10697437,,2018-11-14 12:15:00 UTC,ttela.se,False,Kulturprofilen,Kulturprofilen [Support],1,1,0,False,Support,News/Reporting,Sweden,2018,OK,5213
https://www.wsoctv.com/news/trending-now/asia-argento-metoo-activist-settled-sex-assault-claim-against-her-report-says/816650700,,2018-08-20 10:15:00 UTC,wsoctv.com,False,#MeToo,#MeToo [Support],1,1,0,True,Support,News/Reporting,United States,2018,OK,2264
https://www.anred.org/2019/08/30/memoria-feminista-para-giuliana-susana-y-nicolas-cuando-el-femicidio-desarma-una-familia/,,2019-08-30 23:15:00 UTC,anred.org,False,femicidio,femicidio [Support],1,1,0,False,Support,News/Reporting,UNKNOWN,2019,FETCH_FAILED,0
http://www.1090kaay.com/news/from-fellow-soldier-to-monster-in-uniform-metoo-in-the-military/,,2018-02-07 13:15:00 UTC,1090kaay.com,False,#MeToo,#MeToo [Support],1,1,0,True,Support,News/Reporting,UNKNOWN,2018,FETCH_FAILED,0
http://www.lt10.com.ar/noticia/203368--el-crimen-de-la-maestra-fue-un-femicidio&display=popup,,2017-10-17 15:00:00 UTC,lt10.com.ar,False,femicidio,femicidio [Support],1,1,0,False,Support,News/Reporting,Argentina,2017,OK,3270
http://www.aachener-nachrichten.de/news/newsticker/hollywood-star-liam-neeson-metoo-debatte-geht-auch-auf-trump-zurueck-1.1798277,,2018-01-09 00:00:00 UTC,aachener-nachrichten.de,False,#MeToo,#MeToo [Support],1,1,0,True,Support,News/Reporting,Germany,2018,FETCH_FAILED,0
https://www.filmibeat.com/tamil/news/2018/metoo-amala-paul-accuses-susi-ganesan-harassment-claims-he-has-low-respect-278687.html,,2018-10-24 15:30:00 UTC,filmibeat.com,False,#MeToo,#MeToo [Support],1,1,0,True,Support,News/Reporting,India,2018,OK,1660
https://www.tribuna.com.mx/El-movimiento-MeToo-cobra-la-vida-de-otro-musico-en-Mexico-l201906110002.html,,2019-06-11 16:45:00 UTC,tribuna.com.mx,False,#MeToo,#MeToo [Support],1,1,0,True,Support,News/Reporting,UNKNOWN,2019,FETCH_FAILED,0
https://mediahub.cz/media/1741209-znasilneni-jako-nevhodne-chovani-v-cine-jsou-zatim-odhaleni-z-kampane-metoo-cenzurovana,,2018-05-08 11:00:00 UTC,mediahub.cz,False,#MeToo,#MeToo [Support],1,1,0,True,Support,News/Reporting,Czech Republic,2018,FETCH_FAILED,0
http://www.unimexicali.com/noticias/bajacalifornia/558665/buscan-a-sujeto-por-feminicidio-vinculado-a-caso-de-fernanda-gonzalez.html,,2019-03-05 19:15:00 UTC,unimexicali.com,False,feminicidio,feminicidio [Support],1,1,0,False,Support,News/Reporting,Mexico,2019,NO_TEXT,0
http://www.ziarelive.ro/stiri/document-bomba-in-procesul-de-viol-intentat-lui-cristiano-ronaldo-declaratia-care-poate-declansa-furtuna-pentru-starul-portughez-detaliile-esentiale-admise-de-cr7-in-fata-acuzarii.html,,2018-12-01 08:30:00 UTC,ziarelive.ro,False,viol,viol [Support],1,1,0,False,Support,News/Reporting,UNKNOWN,2018,FETCH_FAILED,0
http://www.kltv.com/story/37563644/california-senator-quits-as-legislature-grapples-with-metoo,,2018-02-23 03:30:00 UTC,kltv.com,False,#MeToo,#MeToo [Support],1,1,0,True,Support,News/Reporting,United States,2018,FETCH_FAILED,0
https://www.middlewichguardian.co.uk/news/national/17010843.lord-hain-under-fire-for-naming-sir-philip-green-amid-metoo-allegations/,,2018-10-26 16:30:00 UTC,middlewichguardian.co.uk,False,#MeToo,#MeToo [Support],1,1,0,True,Support,News/Reporting,United Kingdom,2018,OK,4721
http://www.adnradio.cl/noticias/nacional/ministra-pla-por-femicidio-en-renca-tenia-presiones-de-su-entorno-para-volver-con-su-agresor/20180621/nota/3765080.aspx,,2018-06-21 20:45:00 UTC,adnradio.cl,False,femicidio,femicidio [Support],1,1,0,False,Support,News/Reporting,Chile,2018,FETCH_FAILED,0
https://new.qq.com/omn/20191227/20191227A0BMCR00.html,民法典细化性骚扰规定，用人单位如何担责尚存争议_腾讯新闻,2019-12-27 07:15:00 UTC,qq.com,True,性骚扰,性骚扰 [Support],1,1,0,False,Support,News/Reporting,China,2019,FETCH_FAILED,0
https://www.capenews.net/bourne/news/residents-defend-metoo-campaign-at-county-commission-meeting/article_cc717cab-6ca7-5ccb-a71f-b6be260f761e.html,,2017-11-09 01:30:00 UTC,capenews.net,False,#MeToo,#MeToo [Support],1,1,0,True,Support,News/Reporting,United States,2017,OK,2109
http://www.nt.se/kultur-noje/kulturprofilen-atalas-for-valdtakt-om5331646.aspx,,2018-06-12 09:45:00 UTC,nt.se,False,Kulturprofilen,Kulturprofilen [Support],1,1,0,False,Support,News/Reporting,Sweden,2018,FETCH_FAILED,0
https://www.sudinfo.be/id96494/article/2019-01-16/viol-au-36-quai-des-orfevres-emily-raconte-cette-nuit-ou-sa-vie-bascule,,2019-01-16 21:45:00 UTC,sudinfo.be,False,viol,viol [Support],1,1,0,False,Support,News/Reporting,Belgium,2019,FETCH_FAILED,0
http://www.lanouvellegazette.be/238639/article/2018-06-02/anderlues-deux-amies-piegees-par-la-drogue-du-viol-en-boite,,2018-06-02 07:00:00 UTC,lanouvellegazette.be,False,viol,viol [Support],1,1,0,False,Support,News/Reporting,Belgium,2018,FETCH_FAILED,0
https://www.sudouest.fr/2018/10/22/tariq-ramadan-reconnait-des-relations-sexuelles-consenties-avec-deux-femmes-qui-l-accusent-de-viol-5501983-4697.php,,2018-10-22 14:45:00 UTC,sudouest.fr,False,viol,viol [Support],1,1,0,False,Support,News/Reporting,France,2018,OK,2281
https://www.eluniversal.com.mx/columna/hector-de-mauleon/nacion/el-primer-feminicidio-de-2019-no-tardo-en-llegar,,2019-01-08 10:30:00 UTC,eluniversal.com.mx,False,feminicidio,feminicidio [Support],1,1,0,False,Support,Opinion/Editorial,Mexico,2019,OK,4353
https://www.siasat.com/news/kangana-hits-back-sonam-judging-her-metoo-story-1417687/,,2018-10-08 06:45:00 UTC,siasat.com,False,#MeToo,#MeToo [Support],1,1,0,True,Support,News/Reporting,India,2018,OK,1935
http://www.wmal.com/news/metoo-founder-says-there-is-no-model-survivor-after-asia-argento-report/,,2018-08-21 02:00:00 UTC,wmal.com,False,#MeToo,#MeToo [Support],1,1,0,True,Support,News/Reporting,United States,2018,FETCH_FAILED,0
http://wfae.org/post/metoo-movement-has-gone-too-far-catherine-deneuve-says,,2018-01-10 17:45:00 UTC,wfae.org,False,#MeToo,#MeToo [Support],1,1,0,True,Support,News/Reporting,United States,2018,FETCH_FAILED,0
https://wartakota.tribunnews.com/2019/12/16/pelecehan-seksual-diduga-terjadi-zaman-ari-askhara-direksi-garuda-pilih-pramugari-bertubuh-indah,"Pelecehan Seksual Diduga Terjadi Zaman Ari Askhara, Direksi Garuda Pilih Pramugari Bertubuh Indah",2019-12-16 01:15:00 UTC,tribunnews.com,False,pelecehan seksual,pelecehan seksual [Support],1,1,0,False,Support,News/Reporting,Indonesia,2019,FETCH_FAILED,0
https://www.journalisten.se/nyheter/lottie-cronestrand-metoo-blev-en-viktig-katalysator,,2018-10-09 14:00:00 UTC,journalisten.se,False,#MeToo,#MeToo [Support],1,1,0,True,Support,News/Reporting,Sweden,2018,OK,6026
https://www.firstpost.com/india/metoo-in-india-yougov-survey-show-over-50-of-people-aged-30-and-above-are-now-careful-in-dealing-with-opposite-sex-5442761.html,,2018-10-25 07:30:00 UTC,firstpost.com,False,#MeToo,#MeToo [Support],1,1,0,True,Support,News/Reporting,India,2018,FETCH_FAILED,0
http://www.dhnet.be/actu/faits/ahmed-impose-un-cunnilingus-a-une-jeune-cliente-de-son-night-shop-est-ce-considere-comme-un-viol-5bb65c4fcd70a16d813736e5,,2018-10-05 06:00:00 UTC,dhnet.be,False,viol,viol [Support],1,1,0,False,Support,News/Reporting,Belgium,2018,FETCH_FAILED,0
https://www.joplinglobe.com/region/ginsburg-in-book-questions-confidential-metoo-agreements/article_7b6725b9-216d-59e2-9adf-35f11be5f643.html,"Ginsburg, in book, questions confidential #MeToo agreements",2019-11-07 07:15:00 UTC,joplinglobe.com,False,#MeToo,#MeToo [Support],1,1,0,True,Support,News/Reporting,United States,2019,FETCH_FAILED,0
https://m105.ca/actualite/moiaussi-hausse-des-denonciations-dagressions-sexuelles-chez-les-enfants/,,2018-04-15 13:15:00 UTC,m105.ca,False,#MoiAussi,#MoiAussi [Support],1,1,0,True,Support,News/Reporting,UNKNOWN,2018,FETCH_FAILED,0
https://www.elcomercio.com/tendencias/kutoo-japonesas-colectivo-contras-tacones.html,,2019-06-03 17:15:00 UTC,elcomercio.com,False,#KuToo,#KuToo [Support],1,1,0,True,Support,News/Reporting,Ecuador,2019,NO_TEXT,0
https://www.newsx.com/national/school-teacher-makes-cringeworthy-comments-against-nirbhaya-says-she-could-saved-herself-by-not-venturing-out-late-at-night,,2018-01-30 12:45:00 UTC,newsx.com,False,Nirbhaya,Nirbhaya [Support],1,1,0,False,Support,News/Reporting,India,2018,FETCH_FAILED,0
http://articles.economictimes.indiatimes.com/magazines/panache/catherine-zeta-jones-stands-behind-husband-michael-douglas-says-he-is-a-metoo-supporter/articleshow/62517819.cms,,2018-01-16 06:15:00 UTC,indiatimes.com,False,#MeToo,#MeToo [Support],1,1,0,True,Support,News/Reporting,India,2018,OK,14465
http://fox42kptm.com/news/entertainment/metoo-movement-named-time-magazines-person-of-the-year,,2017-12-06 14:45:00 UTC,fox42kptm.com,False,#MeToo,#MeToo [Support],1,1,0,True,Support,News/Reporting,United States,2017,OK,2649
http://www.scmp.com/news/world/united-states-canada/article/2119571/hundreds-join-hollywood-metoo-march-against-sexual,,2017-11-13 02:00:00 UTC,scmp.com,False,#MeToo,#MeToo [Support],1,1,0,True,Support,News/Reporting,China,2017,OK,1263
http://www.cbc.ca/news/canada/british-columbia/raising-strong-daughters-metoo-and-social-media-1.4549308,,2018-02-23 22:45:00 UTC,cbc.ca,False,#MeToo,#MeToo [Support],1,1,0,True,Support,News/Reporting,Canada,2018,FETCH_FAILED,0
https://www.estrepublicain.fr/france-monde/2019/11/16/violences-sexuelles-enfin-un-metoo-du-cinema-francais,France - Monde | Violences sexuelles : enfin un #MeToo du cinéma français ?,2019-11-16 05:45:00 UTC,estrepublicain.fr,True,#MeToo | violences sexuelles,#MeToo [Support] | violences sexuelles [Support],2,2,0,True,Support,News/Reporting,France,2019,OK,5586
http://www.paraguay.com/nacionales/anciano-se-suicida-lanzandose-a-un-pozo-tras-cometer-feminicidio-188291,,2019-04-29 17:45:00 UTC,paraguay.com,False,feminicidio,feminicidio [Support],1,1,0,False,Support,News/Reporting,Paraguay,2019,FETCH_FAILED,0
http://www.huffingtonpost.fr/2017/11/11/vise-par-deux-plaintes-pour-viol-tariq-ramadan-appelle-a-rester-sage-et-digne_a_23274171/,,2017-11-11 16:30:00 UTC,huffingtonpost.fr,False,viol,viol [Support],1,1,0,False,Support,News/Reporting,France,2017,OK,2306
https://vijesti.rtl.hr/novosti/hrvatska/3356915/poceo-prosvjed-spasime-tomislavov-trg-u-zagrebu-pun-ljudi-dosao-i-plenkovic/,,2019-03-16 13:45:00 UTC,vijesti.rtl.hr,False,#SpasiMe,#SpasiMe [Support],1,1,0,True,Support,News/Reporting,Croatia,2019,FETCH_FAILED,0
http://kron4.com/ap/trump-accuser-takes-metoo-message-to-voters-in-ohio/,,2018-02-09 17:45:00 UTC,kron4.com,False,#MeToo,#MeToo [Support],1,1,0,True,Support,News/Reporting,United States,2018,FETCH_FAILED,0
https://france3-regions.francetvinfo.fr/hauts-de-france/diocese-lille-reagit-apres-mise-examen-viol-abbe-sterckeman-1429613.html,,2018-02-24 14:45:00 UTC,france3-regions.francetvinfo.fr,False,viol,viol [Support],1,1,0,False,Support,News/Reporting,France,2018,OK,2587
https://www.japantimes.co.jp/news/2017/11/25/national/media-national/metoo-movement-confuses-media-japan/,,2017-11-25 19:00:00 UTC,japantimes.co.jp,False,#MeToo,#MeToo [Support],1,1,0,True,Support,News/Reporting,Japan,2017,OK,1641
https://www.volkskrant.nl/magazine/begrijpt-u-de-metoo-discussie-nog-niet-aaf-heeft-een-ezelsbruggetje-bedacht~a4525602/,,2017-10-29 19:00:00 UTC,volkskrant.nl,False,#MeToo,#MeToo [Support],1,1,0,True,Support,News/Reporting,Netherlands,2017,NO_TEXT,0
https://www.wykop.pl/link/4154007/po-metoo-potroila-sie-liczba-mezczyzn-ktorzy-nie-chca-szkolic-kobiet/,,2018-02-07 18:15:00 UTC,wykop.pl,False,#MeToo,#MeToo [Support],1,1,0,True,Support,News/Reporting,Poland,2018,OK,5436
http://www.aachener-nachrichten.de/news/newsticker/metoo-aktivistin-argento-weist-missbrauchsvorwuerfe-zurueck-1.1967153,,2018-08-21 16:30:00 UTC,aachener-nachrichten.de,False,#MeToo,#MeToo [Support],1,1,0,True,Support,News/Reporting,Germany,2018,FETCH_FAILED,0
https://infocielo.com/nota/106275/un-femicidio-seguido-de-suicidio-conmueve-a-lincoln-todo-ocurrio-en-un-centro-de-jubilados/,,2019-06-24 19:15:00 UTC,infocielo.com,False,femicidio,femicidio [Support],1,1,0,False,Support,News/Reporting,Argentina,2019,OK,434
https://www.ksat.com/entertainment/celebrity-pakistani-women-add-voices-to-metoo-movement,,2018-01-16 23:45:00 UTC,ksat.com,False,#MeToo,#MeToo [Support],1,1,0,True,Support,News/Reporting,United States,2018,FETCH_FAILED,0
https://www.tdg.ch/geneve/actu-genevoise/esclandre-sexisme-ordinaire-municipal/story/26612756,,2019-06-06 08:30:00 UTC,tdg.ch,False,sexisme,sexisme [Support],1,1,0,False,Support,News/Reporting,Switzerland,2019,FETCH_FAILED,0
http://www.zocalo.com.mx/new_site/articulo/detienen-a-medico-acusado-de-feminicidio-en-san-luis-potosi,,2017-11-30 03:15:00 UTC,zocalo.com.mx,False,feminicidio,feminicidio [Support],1,1,0,False,Support,News/Reporting,Mexico,2017,OK,1888
http://www.live5news.com/story/37694684/metoo-is-fresh-backdrop-in-lawsuit-over-haiti-abuse-claims,,2018-03-10 20:30:00 UTC,live5news.com,False,#MeToo,#MeToo [Support],1,1,0,True,Support,News/Reporting,United States,2018,FETCH_FAILED,0
https://www.chieftain.com/entertainment/post-metoo-opportunity-still-a-mixed-bag-for-women-in/article_e416766e-07ab-5776-a937-bcd5107882e3.html,,2018-10-09 17:15:00 UTC,chieftain.com,False,#MeToo,#MeToo [Support],1,1,0,True,Support,News/Reporting,United States,2018,FETCH_FAILED,0
https://www.onlinenigeria.com/site/stories/447032-metoo-movement-long-overdue-says-chimamanda-adichie.html,,2018-01-27 02:00:00 UTC,onlinenigeria.com,False,#MeToo,#MeToo [Support],1,1,0,True,Support,News/Reporting,Nigeria,2018,FETCH_FAILED,0
https://jagbani.punjabkesari.in/punjab/news/metoo-captain-minister-woman-wing-performance-960143,,2018-10-25 13:15:00 UTC,jagbani.punjabkesari.in,False,#MeToo,#MeToo [Support],1,1,0,True,Support,News/Reporting,UNKNOWN,2018,OK,636
http://www.t13.cl/noticia/tendencias/bbc/por-que-la-gente-esta-compartiendo-en-redes-sociales-fotos-de-cuando-tenian-14-anos-junto-al-hashtag-meat14,,2017-11-14 05:00:00 UTC,t13.cl,False,#MeAt14,#MeAt14 [Support],1,1,0,True,Support,News/Reporting,Chile,2017,OK,3254
http://www.yourstephenvilletx.com/news/20180612/metoo-cases-in-spotlight-as-southern-baptists-convene,,2018-06-12 15:00:00 UTC,yourstephenvilletx.com,False,#MeToo,#MeToo [Support],1,1,0,True,Support,News/Reporting,United States,2018,FETCH_FAILED,0
https://aajtak.intoday.in/story/metoo-vikas-bahl-case-victim-refused-to-take-leagal-action-in-case-tmov-1-1036107.html,,2018-10-20 06:00:00 UTC,aajtak.intoday.in,False,#MeToo,#MeToo [Support],1,1,0,True,Support,News/Reporting,India,2018,OK,2120
https://www.dailytelegraph.com.au/rendezview/a-letter-to-my-girls-in-the-time-of-metoo/news-story/3b18f9ff57399f59e71e5113d2ed35a1?nk=ce3cefd62a29ef4ccb50f6c66e71ba12-1518871591,,2018-02-17 13:00:00 UTC,dailytelegraph.com.au,False,#MeToo,#MeToo [Support],1,1,0,True,Support,News/Reporting,Australia,2018,FETCH_FAILED,0
http://www.argusleader.com/story/opinion/readers/2017/12/11/letter-respect-women-finding-voice-via-metoo/108526706/,,2017-12-12 06:15:00 UTC,argusleader.com,False,#MeToo,#MeToo [Support],1,1,0,True,Support,Opinion/Editorial,United States,2017,OK,1181
http://www.arklatexhomepage.com/news/outspoken-california-metoo-advocate-accused-of-misconduct/962227319,,2018-02-10 00:30:00 UTC,arklatexhomepage.com,False,#MeToo,#MeToo [Support],1,1,0,True,Support,News/Reporting,United States,2018,FETCH_FAILED,0
https://www.demorgen.be/binnenland/advocaat-joris-van-cauter-de-metoo-slinger-slaat-door-anonieme-beulen-zijn-aan-de-macht-be74c2ea/,,2017-11-10 10:15:00 UTC,demorgen.be,False,#MeToo,#MeToo [Support],1,1,0,True,Support,News/Reporting,Belgium,2017,NO_TEXT,0
https://brignoles.maville.com/actu/actudet_-sandra-muller-balancetonporc-c-est-la-revolte-des-briseurs-de-silence-_fil-3361526_actu.Htm,,2018-01-17 10:15:00 UTC,maville.com,False,#BalanceTonPorc,#BalanceTonPorc [Support],1,1,0,True,Support,News/Reporting,France,2018,OK,3132
https://andaluciainformacion.es/andalucia/861498/la-joven-que-acusa-a-la-manada-se-muestra-clara-en-su-denuncia/,"La joven que acusa a 'La Manada' se muestra ""clara"" en su denuncia",2019-11-19 15:00:00 UTC,andaluciainformacion.es,False,La Manada,La Manada [Support],1,1,0,False,Support,News/Reporting,Spain,2019,OK,7689
http://georgetownvoice.com/2018/01/19/georgetown-advisory-board-member-steps-down-after-metoo-tweet-controversy/,,2018-01-20 00:15:00 UTC,georgetownvoice.com,False,#MeToo,#MeToo [Support],1,1,0,True,Support,News/Reporting,United States,2018,OK,3524
https://www.thenews.com.pk/print/468868-storm-continues-metoo-claims-against-india-s-top-judge,,2019-05-09 03:15:00 UTC,thenews.com.pk,False,#MeToo,#MeToo [Support],1,1,0,True,Support,News/Reporting,Pakistan,2019,OK,4175
https://variety.com/2019/tv/news/showtime-roger-ailes-miniseries-metoo-1203247001/,,2019-06-19 22:45:00 UTC,variety.com,False,#MeToo,#MeToo [Support],1,1,0,True,Support,News/Reporting,United States,2019,OK,4486
https://www.eveningtelegraph.co.uk/2018/05/09/roman-polanski-calls-metoo-movement-collective-hysteria/,,2018-05-09 12:00:00 UTC,eveningtelegraph.co.uk,False,#MeToo,#MeToo [Support],1,1,0,True,Support,News/Reporting,United Kingdom,2018,FETCH_FAILED,0
https://larepublica.pe/sociedad/2019/08/08/conmocion-por-el-feminicidio-de-una-peruana-en-espana/,,2019-08-08 09:00:00 UTC,larepublica.pe,False,feminicidio,feminicidio [Support],1,1,0,False,Support,News/Reporting,Peru,2019,OK,5715
http://www.newspressnow.com/life/st_joe_live/ap/david-copperfield-voices-support-for-metoo-after-accusation/article_2523977a-956c-5ab5-8440-4be742e5b1e9.html,,2018-01-25 22:00:00 UTC,newspressnow.com,False,#MeToo,#MeToo [Support],1,1,0,True,Support,News/Reporting,United States,2018,FETCH_FAILED,0
https://www.11alive.com/article/entertainment/music/radio-station-pulls-baby-its-cold-outside-from-airwaves-amid-metoo-movement/85-618996081,,2018-12-03 13:00:00 UTC,11alive.com,False,#MeToo,#MeToo [Support],1,1,0,True,Support,News/Reporting,United States,2018,FETCH_FAILED,0
http://republica.com.uy/investigan-intento-de-femicidio-el-agresor-se-ahorco-id670710/,,2018-08-13 23:45:00 UTC,republica.com.uy,False,femicidio,femicidio [Support],1,1,0,False,Support,News/Reporting,Uruguay,2018,FETCH_FAILED,0
http://www.eldiario.ec/noticias-manabi-ecuador/461352-papa-invita-a-luchar-contra-el-femicidio/,,2018-01-21 10:15:00 UTC,eldiario.ec,False,femicidio,femicidio [Support],1,1,0,False,Support,News/Reporting,Ecuador,2018,FETCH_FAILED,0
http://news.wypr.org/post/commuter-pushes-dc-metro-get-board-metoo,,2018-02-06 12:15:00 UTC,wypr.org,False,#MeToo,#MeToo [Support],1,1,0,True,Support,News/Reporting,United States,2018,NO_TEXT,0
https://www.paris-normandie.fr/actualites/faits-divers/le-parquet-general-de-caen-fait-appel-d-un-acquittement-pour-viol-controverse-FH14203457,,2018-11-28 18:30:00 UTC,paris-normandie.fr,False,viol,viol [Support],1,1,0,False,Support,News/Reporting,France,2018,FETCH_FAILED,0
https://www.republica.com/2019/09/24/pp-y-vox-piden-que-el-ejido-salga-del-sistema-de-seguimiento-de-violencia-de-genero/,PP y Vox piden que El Ejido salga del sistema de seguimiento de violencia de género,2019-09-24 13:30:00 UTC,republica.com,True,violencia de género,violencia de género [Support],1,1,0,False,Support,News/Reporting,Spain,2019,FETCH_FAILED,0
https://www.stamfordadvocate.com/news/crime/article/In-age-of-MeToo-can-there-be-forgiveness-12835897.php,,2018-04-15 19:15:00 UTC,stamfordadvocate.com,False,#MeToo,#MeToo [Support],1,1,0,True,Support,News/Reporting,United States,2018,FETCH_FAILED,0
https://elpais.com/politica/2019/12/03/actualidad/1575404781_586132.html,"Pilar Llop: ""No permitiremos que se rompa el consenso sobre la violencia de género"" | España",2019-12-04 00:15:00 UTC,elpais.com,True,violencia de género,violencia de género [Support],1,1,0,False,Support,News/Reporting,Spain,2019,OK,5614
https://yourstory.com:443/herstory/2019/12/seven-remedies-sexual-harassment-at-workplace,Top  7 remedies for sexual harassment at the workplace,2019-12-09 13:45:00 UTC,yourstory.com,False,sexual harassment,sexual harassment [Support],1,1,0,False,Support,News/Reporting,India,2019,OK,4903
https://www.vtvgujarati.com/news-details/anu-malik-quits-indian-idol-11-metoo-sony-tv,"અનુ મલિકને MeTooના આરોપો પર કામ ન આવ્યો ઓપન લેટર, છોડવો પડ્યો આ શૉ",2019-11-21 16:45:00 UTC,vtvgujarati.com,True,#MeToo,#MeToo [Support],1,1,0,True,Support,News/Reporting,India,2019,NO_TEXT,0
https://931freshradio.ca/news/4154420/male-sexual-assault-victims-metoo-left-behind/,,2018-04-19 14:45:00 UTC,931freshradio.ca,False,#MeToo,#MeToo [Support],1,1,0,True,Support,News/Reporting,UNKNOWN,2018,FETCH_FAILED,0
https://www.hoy.com.py/nacionales/autopsia-confirma-feminicidio-golpes-en-la-cabeza-el-cuerpo-y-signos-de-estrangulacion,"HOY / Autopsia confirma feminicidio: golpes en la cabeza, el cuerpo y signos de estrangulación",2019-11-04 16:00:00 UTC,hoy.com.py,True,feminicidio,feminicidio [Support],1,1,0,False,Support,News/Reporting,Paraguay,2019,OK,7488
http://www.bursadabugun.com/haber/feyzioglu-emine-bulut-un-ailesinin-avukatligini-yapacak-1221438.html,"Feyzioğlu, Emine Bulut'un ailesinin avukatlığını yapacak",2019-12-12 10:00:00 UTC,bursadabugun.com,True,Emine Bulut,Emine Bulut [Support],1,1,0,False,Support,News/Reporting,Turkey,2019,FETCH_FAILED,0
https://www.theindychannel.com/lifestyle/holiday/-baby-it-s-cold-outside-pulled-from-cleveland-radio-station-citing-metoo-movement,,2018-12-01 18:00:00 UTC,theindychannel.com,False,#MeToo,#MeToo [Support],1,1,0,True,Support,News/Reporting,United States,2018,FETCH_FAILED,0
https://tn.com.ar/policiales/juicio-por-el-femicidio-de-erica-soriano-lagostena-declaro-que-la-relacion-era-normal-buena-y_873379,,2018-06-05 11:15:00 UTC,tn.com.ar,False,femicidio,femicidio [Support],1,1,0,False,Support,News/Reporting,Argentina,2018,OK,2475
https://brignoles.maville.com/actu/actudet_-ces-personnalites-qui-condamnent-le-sexisme-visant-brigitte-macron_fil-3830752_actu.Htm,,2019-09-10 17:45:00 UTC,maville.com,False,sexisme,sexisme [Support],1,1,0,False,Support,News/Reporting,France,2019,OK,3099
https://www.ripplesnigeria.com/daddy-freeze-claims-hes-heard-sordid-tales-of-coza-pastor-called-out-by-timi-dakolo/,,2019-05-31 11:00:00 UTC,ripplesnigeria.com,False,COZA,COZA [Support],1,1,0,False,Support,News/Reporting,UNKNOWN,2019,NO_TEXT,0
https://www.nwahomepage.com/news/national/financially-hardup-women-get-help-in-pursuing-metoo-cases/1496853787,,2018-10-04 10:30:00 UTC,nwahomepage.com,False,#MeToo,#MeToo [Support],1,1,0,True,Support,News/Reporting,United States,2018,FETCH_FAILED,0
https://news.hangzhou.com.cn/shxw/content/2019-12/07/content_7317609.htm,上海财经大学一副教授性骚扰女学生？校方：已展开调查_杭州网,2019-12-07 12:30:00 UTC,hangzhou.com.cn,True,性骚扰,性骚扰 [Support],1,1,0,False,Support,News/Reporting,China,2019,OK,2296
https://timesofindia.indiatimes.com/tv/news/hindi/metoo-is-not-just-for-women-its-also-for-men/articleshow/66367192.cms,,2018-10-26 05:15:00 UTC,indiatimes.com,False,#MeToo,#MeToo [Support],1,1,0,True,Support,News/Reporting,India,2018,OK,2971
http://www.mdjonline.com/news/national/aziz-ansari-story-sparks-heated-debate-over-metoo-movement/article_085bad79-bd60-50b3-9003-c5611e2528a3.html,,2018-01-18 07:30:00 UTC,mdjonline.com,False,#MeToo,#MeToo [Support],1,1,0,True,Support,News/Reporting,United States,2018,FETCH_FAILED,0
http://www.femina.ch/people/news-people/tout-argent-monde-mark-wahlberg-paye-1500-plus-michelle-williams-ridley-scott-inegalites-salariales-sexisme-hollywood,,2018-01-11 12:30:00 UTC,femina.ch,False,sexisme,sexisme [Support],1,1,0,False,Support,News/Reporting,Switzerland,2018,FETCH_FAILED,0
http://www.dailymail.co.uk/news/article-5410857/Mary-Beard-MeToo-hashtag-does-not-solve-problem.html,,2018-02-20 09:30:00 UTC,dailymail.co.uk,False,#MeToo,#MeToo [Support],1,1,0,True,Support,News/Reporting,United Kingdom,2018,FETCH_FAILED,0
https://www.alcalorpolitico.com/informacion/hay-insensibilidad-politica-para-tipificar-feminicidio-como-delito-no-grave-reprochan-279344.html,,2019-01-19 02:30:00 UTC,alcalorpolitico.com,False,feminicidio,feminicidio [Support],1,1,0,False,Support,News/Reporting,Mexico,2019,OK,2586
http://www.blt.se/okategoriserade/fortalsmal-mot-cissi-wallin-inleds/,Förtalsmål mot Cissi Wallin inleds - Blekinge Läns Tidning,2019-11-21 06:45:00 UTC,blt.se,True,Cissi Wallin,Cissi Wallin [Support],1,1,0,False,Support,News/Reporting,UNKNOWN,2019,OK,3326
https://www.greenwichtime.com/technology/businessinsider/article/Monica-Lewinsky-says-the-MeToo-movement-has-12709720.php,,2018-02-26 20:15:00 UTC,greenwichtime.com,False,#MeToo,#MeToo [Support],1,1,0,True,Support,News/Reporting,United States,2018,FETCH_FAILED,0
https://www.wowktv.com/news/ohio/-metoo-movement-causes-ohio-radio-station-to-stop-playing-baby-its-cold-outside-/1629356393,,2018-11-30 18:15:00 UTC,wowktv.com,False,#MeToo,#MeToo [Support],1,1,0,True,Support,News/Reporting,United States,2018,FETCH_FAILED,0
http://www.deccanchronicle.com/entertainment/tollywood/060619/shalu-shamu-reveals-her-metoo-incident-to-fans.html,,2019-06-06 01:00:00 UTC,deccanchronicle.com,False,#MeToo,#MeToo [Support],1,1,0,True,Support,News/Reporting,India,2019,OK,1199
http://www.kinston.com/zz/news/20180118/has-metoo-gone-too-far-ansari-story-sparks-debate,,2018-01-19 00:15:00 UTC,kinston.com,False,#MeToo,#MeToo [Support],1,1,0,True,Support,News/Reporting,United States,2018,FETCH_FAILED,0
https://www.informnny.com/news/state-responses-to-metoo-lean-toward-transparency-fairness/1396692737,,2018-08-26 09:15:00 UTC,informnny.com,False,#MeToo,#MeToo [Support],1,1,0,True,Support,News/Reporting,United States,2018,FETCH_FAILED,0
https://fr.metrotime.be/2017/11/22/actualite/media/nick-carter-star-backstreet-boys-accuse-de-viol/,,2017-11-22 18:15:00 UTC,fr.metrotime.be,False,viol,viol [Support],1,1,0,False,Support,News/Reporting,Belgium,2017,FETCH_FAILED,0
https://radio945fm.iheart.com/content/2017-11-12-thousands-join-hollywood-metoo-march-against-sexual-abuse/,,2017-11-12 23:15:00 UTC,iheart.com,False,#MeToo,#MeToo [Support],1,1,0,True,Support,News/Reporting,United States,2017,OK,1591
https://www.nu.nl/metoo/5051729/harvey-weinstein-zette-actrices-mira-sorvino-en-ashley-judd-zwarte-lijst.html,,2017-12-15 21:15:00 UTC,nu.nl,False,#MeToo,#MeToo [Support],1,1,0,True,Support,News/Reporting,Netherlands,2017,NO_TEXT,0
http://www.elcomercio.com/actualidad/femicidio-estudiante-medicina-quebrada-quito.html,,2018-02-22 19:30:00 UTC,elcomercio.com,False,femicidio,femicidio [Support],1,1,0,False,Support,News/Reporting,Ecuador,2018,NO_TEXT,0
https://www.pentictonwesternnews.com/opinion/auntie-says-the-metoo-movement-is-now-hetoo-take-a-stand/,,2018-11-26 09:00:00 UTC,pentictonwesternnews.com,False,#MeToo,#MeToo [Support],1,1,0,True,Support,Opinion/Editorial,UNKNOWN,2018,FETCH_FAILED,0
https://www.economist.com/leaders/2018/09/27/metoo-one-year-on,,2018-09-27 15:45:00 UTC,economist.com,False,#MeToo,#MeToo [Support],1,1,0,True,Support,News/Reporting,United States,2018,FETCH_FAILED,0
http://www.vosgesmatin.fr/faits-divers/2017/11/01/viol-d-une-jeune-femme-a-calais-un-homme-interpelle,,2017-11-01 11:15:00 UTC,vosgesmatin.fr,False,viol,viol [Support],1,1,0,False,Support,News/Reporting,France,2017,OK,769
http://www.faxaju.com.br/index.php/2019/07/29/mulheres-negras-marcham-por-direitos-e-contra-o-feminicidio/,,2019-07-29 15:00:00 UTC,faxaju.com.br,False,feminicidio,feminicidio [Support],1,1,0,False,Support,News/Reporting,Brazil,2019,FETCH_FAILED,0
http://www.sunnmoringen.no/npk/innenriks/2018/01/30/Berre-KrFU-fekk-utmeldingar-etter-metoo-15990971.ece,,2018-01-30 07:15:00 UTC,sunnmoringen.no,False,#MeToo,#MeToo [Support],1,1,0,True,Support,News/Reporting,UNKNOWN,2018,FETCH_FAILED,0
http://tolucantimes.info/inside-this-issue/celebrating-womens-history-month-in-the-era-of-metoo/,,2019-03-29 17:45:00 UTC,tolucantimes.info,False,#MeToo,#MeToo [Support],1,1,0,True,Support,News/Reporting,UNKNOWN,2019,FETCH_FAILED,0
https://www.vox.com/2018/10/8/17951260/north-dakota-kevin-cramer-calls-metoo-movement-toward-victimization,,2018-10-08 20:15:00 UTC,vox.com,False,#MeToo,#MeToo [Support],1,1,0,True,Support,News/Reporting,United States,2018,OK,4141
http://www.ninjamarketing.it/2018/04/24/china-metoo-beijing-blockchain-woyeshi/,,2018-04-24 10:15:00 UTC,ninjamarketing.it,False,#MeToo,#MeToo [Support],1,1,0,True,Support,News/Reporting,Italy,2018,NO_TEXT,0
https://www.wfsb.com/lawyers-fight-for-everyday-women-bringing-metoo-complaints/article_3e3e5abb-f2cc-572c-a27a-57b8a165f2b3.html,Lawyers fight for everyday women bringing #MeToo complaints,2019-09-30 02:15:00 UTC,wfsb.com,False,#MeToo,#MeToo [Support],1,1,0,True,Support,News/Reporting,United States,2019,OK,9407
https://www.mimorelia.com/dan-a-ex-periodista-de-coahuila-30-anos-de-carcel-por-feminicidio-de-satya/,,2018-07-14 05:00:00 UTC,mimorelia.com,False,feminicidio,feminicidio [Support],1,1,0,False,Support,News/Reporting,Mexico,2018,FETCH_FAILED,0
http://www.nwaonline.com/news/2018/feb/09/latest-california-metoo-case-spurs-confidentiality/,,2018-02-10 01:00:00 UTC,nwaonline.com,False,#MeToo,#MeToo [Support],1,1,0,True,Support,News/Reporting,United States,2018,TOO_SHORT,380
https://www.heute.at/s/cardi-b-sexuell-belastigt-metoo-rapperin-59365367,Cardi B bei Fotoshooting sexuell belästigt - Stars,2019-09-26 10:45:00 UTC,heute.at,True,#MeToo,#MeToo [Support],1,1,0,True,Support,News/Reporting,Austria,2019,OK,1727
http://www.elcorreodeburgos.com/noticias/burgos/burgos-registra-397-denuncias-violencia-genero-junio_203220.html,Burgos registra 397 denuncias por violencia de género hasta junio,2019-11-26 09:30:00 UTC,elcorreodeburgos.com,True,violencia de género,violencia de género [Support],1,1,0,False,Support,News/Reporting,Spain,2019,FETCH_FAILED,0
https://www.vt.se/nyheter/frias-och-falls-for-metoo-program-om6275070.aspx,,2019-09-02 15:30:00 UTC,vt.se,False,#MeToo,#MeToo [Support],1,1,0,True,Support,News/Reporting,Sweden,2019,FETCH_FAILED,0
https://www.informationng.com/2019/07/coza-alibaba-calls-out-pastors-for-keeping-mute-over-rape-allegation.html,,2019-07-01 16:15:00 UTC,informationng.com,False,COZA,COZA [Support],1,1,0,False,Support,News/Reporting,Nigeria,2019,NO_TEXT,0
http://www.blt.se/tt-inrikes/do-inleder-tillsyn-efter-metoo-upprop/,,2017-11-21 12:30:00 UTC,blt.se,False,#MeToo,#MeToo [Support],1,1,0,True,Support,News/Reporting,UNKNOWN,2017,OK,1195
https://abpnews.abplive.in/bollywood/metoo-effect-will-munnabhai-3-be-put-on-hold-till-rajkumar-hirani-1049757,,2019-01-14 15:30:00 UTC,abpnews.abplive.in,False,#MeToo,#MeToo [Support],1,1,0,True,Support,News/Reporting,India,2019,FETCH_FAILED,0
https://www.europe1.fr/societe/proces-du-viol-du-36-la-plaignante-sous-un-feu-nourri-de-questions-3845750,,2019-01-26 09:00:00 UTC,europe1.fr,False,viol,viol [Support],1,1,0,False,Support,News/Reporting,France,2019,OK,3004
https://actu.fr/hauts-de-france/lille_59350/lille-ouverture-dune-enquete-viol-dune-femme-pres-champ-mars_20750858.html,,2019-01-10 12:30:00 UTC,actu.fr,False,viol,viol [Support],1,1,0,False,Support,News/Reporting,UNKNOWN,2019,FETCH_FAILED,0
https://www.orissapost.com/metoo-movement-actress-michelle-pfeiffer-recalls-inappropriate-incident/,#MeToo movement: Actress Michelle Pfeiffer recalls inappropriate incident,2019-10-21 05:15:00 UTC,orissapost.com,False,#MeToo,#MeToo [Support],1,1,0,True,Support,News/Reporting,India,2019,OK,1406
https://www.mid-day.com/articles/a-rebel-before-metoo/19926153,,2018-10-28 02:15:00 UTC,mid-day.com,False,#MeToo,#MeToo [Support],1,1,0,True,Support,News/Reporting,India,2018,OK,2304
https://www.channel24.co.za/Gossip/News/paris-hilton-talks-metoo-marriage-and-becoming-a-mom-20180424,,2018-04-25 01:00:00 UTC,channel24.co.za,False,#MeToo,#MeToo [Support],1,1,0,True,Support,News/Reporting,South Africa,2018,NO_TEXT,0
https://www.deccanchronicle.com/entertainment/kollywood/111018/siddarth-supports-metoo.html,,2018-10-10 22:15:00 UTC,deccanchronicle.com,False,#MeToo,#MeToo [Support],1,1,0,True,Support,News/Reporting,India,2018,OK,1330
http://www.7sur7.be/7s7/fr/1505/Monde/article/detail/3422908/2018/05/12/Une-adolescente-victime-de-viol-condamnee-a-mort-au-Soudan.dhtml,,2018-05-12 16:45:00 UTC,7sur7.be,False,viol,viol [Support],1,1,0,False,Support,News/Reporting,Belgium,2018,NO_TEXT,0
https://www.indiatimes.com/news/world/metoo-conversations-about-environmental-pollution-make-toxic-oxford-s-word-of-the-year-356786.html,,2018-11-16 08:15:00 UTC,indiatimes.com,False,#MeToo,#MeToo [Support],1,1,0,True,Support,News/Reporting,India,2018,OK,3832
https://www.seattletimes.com/nation-world/nation/brazils-women-join-in-anthem-denouncing-sexual-violence/,Brazil's women join in anthem denouncing sexual violence,2019-12-14 05:00:00 UTC,seattletimes.com,False,sexual violence,sexual violence [Support],1,1,0,False,Support,News/Reporting,United States,2019,OK,4511
http://spacecoastdaily.com/2019/01/new-gillette-metoo-ad-sparks-controversy-sends-upset-customers-to-seek-other-brands/,,2019-01-17 21:45:00 UTC,spacecoastdaily.com,False,#MeToo,#MeToo [Support],1,1,0,True,Support,News/Reporting,United States,2019,OK,1009
https://www.diariopanorama.com/noticia/333617/nuevo-femicidio-adolescente-fue-apunalada-novio-23-anos,Nuevo femicidio: una adolescente fue apuñalada por su novio de 23 años,2019-10-17 20:30:00 UTC,diariopanorama.com,True,femicidio,femicidio [Support],1,1,0,False,Support,News/Reporting,Argentina,2019,NO_TEXT,0
https://www.republicain-lorrain.fr/faits-divers/2018/04/04/viol-collectif-dans-un-hotel-onze-personnes-en-garde-a-vue,,2018-04-04 07:45:00 UTC,republicain-lorrain.fr,False,viol,viol [Support],1,1,0,False,Support,News/Reporting,France,2018,OK,656
http://www.lajornadadeoriente.com.mx/2017/11/05/feminicidio-89-puebla/,,2017-11-05 21:15:00 UTC,lajornadadeoriente.com.mx,False,feminicidio,feminicidio [Support],1,1,0,False,Support,News/Reporting,Mexico,2017,NO_TEXT,0
http://www.radiohrn.hn/l/noticias/condenan-20-%C3%B1os-de-prisi%C3%B3n-por-tentativa-de-femicidio-un-ciudadano,,2018-02-14 18:45:00 UTC,radiohrn.hn,False,femicidio,femicidio [Support],1,1,0,False,Support,News/Reporting,Honduras,2018,FETCH_FAILED,0
http://www.fredericksburg.com/entertainment/entertainment-wire/milan-fashion-week-opens-with-metoo-moment-of-reflection/article_637fb9e8-b76f-5700-a80c-ed71874309e8.html,,2018-02-21 23:45:00 UTC,fredericksburg.com,False,#MeToo,#MeToo [Support],1,1,0,True,Support,News/Reporting,United States,2018,FETCH_FAILED,0
http://www.aradon.ro/tentativa-de-viol-in-plina-strada-la-timisoara-oprita-de-cativa-tineri-curajosi/2171880,,2018-12-30 13:30:00 UTC,aradon.ro,False,viol,viol [Support],1,1,0,False,Support,News/Reporting,Romania,2018,FETCH_FAILED,0
http://www.journalnow.com/news/nation_world/metoo-spotlight-increasingly-pointed-at-past-trump-conduct/article_a8341724-2504-5e26-b3f2-c1d6cba88bb6.html,,2017-12-12 08:15:00 UTC,journalnow.com,False,#MeToo,#MeToo [Support],1,1,0,True,Support,News/Reporting,United States,2017,FETCH_FAILED,0
http://www.chicagotribune.com/entertainment/tv/ct-ent-survivor-dan-spilo-metoo-20191115-h4r4tnnpifhvtfhrnjiekwkwfa-story.html,#MeToo came to 'Survivor.' Now come the apologies,2019-11-15 17:00:00 UTC,chicagotribune.com,False,#MeToo,#MeToo [Support],1,1,0,True,Support,News/Reporting,United States,2019,OK,7599
https://www.monacomatin.mc/justice/elle-accuse-son-ancien-employeur-de-viol-sur-youtube-elle-ecope-de-trois-mois-avec-sursis-421376,"Elle accuse son ancien employeur de viol sur Youtube, elle écope de trois mois avec sursis",2019-10-11 09:15:00 UTC,monacomatin.mc,True,viol,viol [Support],1,1,0,False,Support,News/Reporting,Monaco,2019,OK,3605
https://941thebeat.iheart.com/featured/t-roy/content/2018-04-30-r-kelly-timesup-joins-muterkelly-movement/,,2018-05-01 02:45:00 UTC,iheart.com,False,#MuteRKelly | #TimesUp,#MuteRKelly [Support] | #TimesUp [Support],2,2,0,True,Support,News/Reporting,United States,2018,OK,1627
http://rewind1009.com/news/030030-in-metoo-era-cosby-teams-attacks-on-victims-may-have-backfired/,,2018-04-27 12:45:00 UTC,rewind1009.com,False,#MeToo,#MeToo [Support],1,1,0,True,Support,News/Reporting,UNKNOWN,2018,FETCH_FAILED,0
https://www.aftenposten.no/kultur/i/yv4jqJ/19-varsler-i-NRK-etter-metoo-kampanjen,,2018-02-12 17:30:00 UTC,aftenposten.no,False,#MeToo,#MeToo [Support],1,1,0,True,Support,News/Reporting,Norway,2018,OK,509
https://www.wwlp.com/world/radio-station-stops-playing-baby-it-s-cold-outside-because-of-metoo-movement/1633116409,,2018-12-02 01:45:00 UTC,wwlp.com,False,#MeToo,#MeToo [Support],1,1,0,True,Support,News/Reporting,United States,2018,FETCH_FAILED,0
https://www.rtbf.be/info/monde/detail_france-le-depute-gilbert-collard-vise-par-une-plainte-pour-viol?id=9945451,,2018-06-14 13:30:00 UTC,rtbf.be,False,viol,viol [Support],1,1,0,False,Support,News/Reporting,Belgium,2018,TOO_SHORT,399
https://www.theroot.com/unhinged-trump-holds-rally-in-montana-attacks-metoo-m-1827391834,,2018-07-06 16:15:00 UTC,theroot.com,False,#MeToo,#MeToo [Support],1,1,0,True,Support,News/Reporting,United States,2018,FETCH_FAILED,0
http://www.wynn1063.com/news/ann-curry-says-metoo-movement-is-overdue-isnt-surprised-by-matt-lauer-allegations/,,2018-01-18 01:15:00 UTC,wynn1063.com,False,#MeToo,#MeToo [Support],1,1,0,True,Support,News/Reporting,UNKNOWN,2018,FETCH_FAILED,0
https://www.24heures.ch/monde/Un-gourou-condamne-pour-le-viol-de-fideles/story/26939707,,2018-11-22 07:45:00 UTC,24heures.ch,False,viol,viol [Support],1,1,0,False,Support,News/Reporting,Switzerland,2018,FETCH_FAILED,0
https://www.eleconomistaamerica.com.ar/nacional-eAm-mx/noticias/9684724/02/19/A-pesar-de-la-agudizacion-sana-e-incremento-del-feminicidio-autoridades-lo-ocultan-Observatorio-del-Feminicidio.html,,2019-02-06 23:15:00 UTC,eleconomistaamerica.com.ar,False,feminicidio,feminicidio [Support],1,1,0,False,Support,News/Reporting,Argentina,2019,TOO_SHORT,120
https://www.allehanda.se/logga-in/lina-norberg-juuso-om-metoo-kampanjen-nu-far-aven-mannen-se-det-svart-pa-vitt,,2017-10-18 16:30:00 UTC,allehanda.se,False,#MeToo,#MeToo [Support],1,1,0,True,Support,News/Reporting,Sweden,2017,FETCH_FAILED,0
https://ekipa.mk/rajn-nekar-leven-vo-losha-serija-titulata-neizvesna/,,2018-05-24 19:45:00 UTC,ekipa.mk,False,#LoSHA,#LoSHA [Support],1,1,0,True,Support,News/Reporting,UNKNOWN,2018,OK,1111
http://www.lepoint.fr/culture/ppda-sur-scene-pour-faire-aimer-la-musique-classique-au-plus-grand-nombre-27-02-2018-2198123_3.php,,2018-02-27 10:00:00 UTC,lepoint.fr,False,PPDA,PPDA [Support],1,1,0,False,Support,News/Reporting,France,2018,FETCH_FAILED,0
https://www.diariolibre.com/actualidad/internacional/dos-miembros-de-la-manada-penados-a-3-anos-por-grabar-violacion-de-sanfermin-IC15422864,Dos miembros de La Manada penados a 3 años por grabar violación de Sanfermin,2019-11-20 12:00:00 UTC,diariolibre.com,True,La Manada,La Manada [Support],1,1,0,False,Support,News/Reporting,United States,2019,OK,2603
http://www.extra.ec/actualidad/ecuador-daule-marcha-femicidio-amadaruiz-jaimequintero-vanessabarzola-AA2288013,,2018-07-20 21:30:00 UTC,extra.ec,False,femicidio,femicidio [Support],1,1,0,False,Support,News/Reporting,Ecuador,2018,FETCH_FAILED,0
https://www.bignewsnetwork.com/news/258141881/special-committee-to-be-set-up-to-handle-metoo-cases-cintaa,,2018-10-18 02:45:00 UTC,bignewsnetwork.com,False,#MeToo,#MeToo [Support],1,1,0,True,Support,News/Reporting,United States,2018,OK,2453
https://www.diariocambio.com.mx/2019/regiones/valsequillo/item/7078-fiscalia-investiga-linchamiento-y-feminicidio-24-en-nicolas-bravo,,2019-03-05 05:00:00 UTC,diariocambio.com.mx,False,feminicidio,feminicidio [Support],1,1,0,False,Support,News/Reporting,Mexico,2019,OK,1343
http://www.wicz.com/story/38164645/metoo-is-succeeding-where-others-failed-to-mute-r-kelly,,2018-05-10 23:45:00 UTC,wicz.com,False,#MeToo,#MeToo [Support],1,1,0,True,Support,News/Reporting,United States,2018,FETCH_FAILED,0
https://www.panapress.com/UN-rights-chief-expresses-serio-a_630607823-lang2.html,UN rights chief expresses 'serious concerns' over due process,2019-09-28 07:45:00 UTC,panapress.com,False,due process,due process [Backlash],1,0,1,False,Backlash,News/Reporting,UNKNOWN,2019,TOO_SHORT,298
http://www.wvnn.com/news/aziz-ansari-making-comedy-comeback-after-metoo-accusation/,,2018-09-13 21:15:00 UTC,wvnn.com,False,#MeToo,#MeToo [Support],1,1,0,True,Support,News/Reporting,UNKNOWN,2018,FETCH_FAILED,0
http://www.lockportjournal.com/cnhi_network/party-animal-arizona-lawmaker-expelled-after-metoo-movement/article_1f932c1a-3f5f-5827-b1c7-20345099d308.html,,2018-02-02 13:45:00 UTC,lockportjournal.com,False,#MeToo,#MeToo [Support],1,1,0,True,Support,News/Reporting,United States,2018,FETCH_FAILED,0
https://www.hindustantimes.com/bollywood/metoo-movement-shows-india-s-soul-is-decaying-says-mahesh-bhatt/story-4Xc5eefscL33vkmnEBmnjJ.html,,2018-10-16 12:45:00 UTC,hindustantimes.com,False,#MeToo,#MeToo [Support],1,1,0,True,Support,News/Reporting,India,2018,OK,3631
http://www.omaha.com/opinion/mac-margolis-latin-america-is-having-its-own-metoo-moment/article_4a92059a-ee97-11e7-a4f7-db2e4a85f280.html,,2018-01-02 09:45:00 UTC,omaha.com,False,#MeToo,#MeToo [Support],1,1,0,True,Support,Opinion/Editorial,United States,2018,FETCH_FAILED,0
https://www.noticiasnet.com.ar/nota/2019-7-5-11-7-0-confirman-perpetua-por-el-femicidio-de-leticia-gomez-en-roca,,2019-07-05 17:45:00 UTC,noticiasnet.com.ar,False,femicidio,femicidio [Support],1,1,0,False,Support,News/Reporting,Argentina,2019,NO_TEXT,0
https://actualidad.rt.com/actualidad/305263-femicidio-argentina-matar-esposa-suicidarse,,2019-02-12 01:45:00 UTC,rt.com,False,femicidio,femicidio [Support],1,1,0,False,Support,News/Reporting,Russia,2019,OK,2106
https://www.jagran.com/news/national-ncr-supreme-court-statement-on-nirbhaya-case-18179681.html,,2018-07-10 03:15:00 UTC,jagran.com,False,Nirbhaya,Nirbhaya [Support],1,1,0,False,Support,News/Reporting,India,2018,OK,2802
https://radiojornal.ne10.uol.com.br/noticia/2019/02/22/empresaria-vitima-de-tentativa-de-feminicidio-no-rio-deixa-hospital-64547,,2019-02-22 18:45:00 UTC,uol.com.br,False,feminicidio,feminicidio [Support],1,1,0,False,Support,News/Reporting,Brazil,2019,OK,1589
https://thebreakfastclub.iheart.com/featured/breakfast-club/content/2018-05-10-roman-polanski-calls-the-metoo-movement-collective-hysteria/,,2018-05-10 23:45:00 UTC,iheart.com,False,#MeToo,#MeToo [Support],1,1,0,True,Support,News/Reporting,United States,2018,OK,891
https://www.lenouvelliste.ch/articles/lifestyle/people/accusation-de-viol-le-rappeur-americain-chris-brown-a-ete-place-en-garde-a-vue-a-paris-814658,,2019-01-22 16:30:00 UTC,lenouvelliste.ch,False,viol,viol [Support],1,1,0,False,Support,News/Reporting,Switzerland,2019,OK,702
http://ansabrasil.com.br/brasil/noticias/brasil/cultura/2018/05/09/polanski-diz-que-movimento-metoo-e-histeria-coletiva_7935a255-b397-47bf-a97a-17cd4380608d.html,,2018-05-09 20:15:00 UTC,ansabrasil.com.br,False,#MeToo,#MeToo [Support],1,1,0,True,Support,News/Reporting,Brazil,2018,FETCH_FAILED,0
https://www.morgenpost.de/vermischtes/stars-und-promis/article213385671/Claus-Theo-Gaertner-nennt-MeToo-Debatte-richtig.html,,2018-02-10 14:00:00 UTC,morgenpost.de,False,#MeToo,#MeToo [Support],1,1,0,True,Support,News/Reporting,Germany,2018,FETCH_FAILED,0
https://www.thehansindia.com/posts/index/National/2018-12-14/BJP-to-hold-rally-on-horrors-of-Nirbhaya-incident-/458409,,2018-12-14 02:15:00 UTC,thehansindia.com,False,Nirbhaya,Nirbhaya [Support],1,1,0,False,Support,News/Reporting,India,2018,FETCH_FAILED,0
https://www.channelnewsasia.com/news/world/nobel-figure-quits-after-swedish-body-s--metoo-scandal-11291764,,2019-02-26 19:45:00 UTC,channelnewsasia.com,False,#MeToo,#MeToo [Support],1,1,0,True,Support,News/Reporting,United States,2019,FETCH_FAILED,0
http://www.ksks.com/news/jane-fonda-on-living-to-see-the-metoo-movement/,,2018-09-25 18:30:00 UTC,ksks.com,False,#MeToo,#MeToo [Support],1,1,0,True,Support,News/Reporting,UNKNOWN,2018,FETCH_FAILED,0
https://www.lmtonline.com/news/article/Hearing-on-Kavanaugh-allegations-puts-MeToo-to-13257280.php,,2018-09-25 20:15:00 UTC,lmtonline.com,False,#MeToo,#MeToo [Support],1,1,0,True,Support,News/Reporting,United States,2018,FETCH_FAILED,0
http://www.heavy-metal.it/john-corabi-says-metoo-movement-is-getting-a-little-out-of-control/,,2018-09-27 06:00:00 UTC,heavy-metal.it,False,#MeToo,#MeToo [Support],1,1,0,True,Support,News/Reporting,UNKNOWN,2018,OK,2784
https://noticias.uol.com.br/ultimas-noticias/agencia-estado/2019/03/19/santo-andre-no-abc-paulista-registrou-dois-casos-de-feminicidio-nesta-segunda.htm,,2019-03-19 16:45:00 UTC,uol.com.br,False,feminicidio,feminicidio [Support],1,1,0,False,Support,News/Reporting,Brazil,2019,FETCH_FAILED,0
https://www.firstpost.com/india/over-91-of-nirbhaya-fund-unused-says-centre-politicians-fulminating-over-rape-cases-must-put-their-money-where-their-mouth-is-7737271.html,"Over 91% of Nirbhaya Fund unused, says Centre: Politicians fulminating over rape cases must put their money where their mouth is",2019-12-04 17:15:00 UTC,firstpost.com,False,Nirbhaya,Nirbhaya [Support],1,1,0,False,Support,News/Reporting,India,2019,FETCH_FAILED,0
https://www.ideal.es/nacional/vox-declaracion-violencia-genero-20191003112739-ntrc.html,Vox impide que se lea en la Asamblea de Madrid una declaración contra la violencia de género,2019-10-03 11:30:00 UTC,ideal.es,True,violencia de género,violencia de género [Support],1,1,0,False,Support,News/Reporting,Spain,2019,OK,1304
https://www.popsugar.com/celebrity/Emma-Stone-Quotes-MeToo-Time-Up-Oscars-Party-44631839,,2018-03-03 18:15:00 UTC,popsugar.com,False,#MeToo,#MeToo [Support],1,1,0,True,Support,News/Reporting,United States,2018,OK,2419
http://www.wiesbadener-tagblatt.de/ratgeber/leben-und-geniessen/familie/metoo-wie-die-sexismus-debatte-maenner-umtreibt_18294499.htm,,2017-11-03 15:00:00 UTC,wiesbadener-tagblatt.de,False,#MeToo,#MeToo [Support],1,1,0,True,Support,News/Reporting,Germany,2017,FETCH_FAILED,0
http://www.greensboro.com/ap/us_world/in-age-of-metoo-can-there-be-forgiveness-second-chances/article_7cf3dd63-aad0-5708-a6ab-69e1b24abc76.html,,2018-04-15 19:30:00 UTC,greensboro.com,False,#MeToo,#MeToo [Support],1,1,0,True,Support,News/Reporting,United States,2018,FETCH_FAILED,0
https://www.indiatimes.com/entertainment/hrithik-roshan-s-ex-wife-sussanne-khan-opens-up-on-metoo-says-there-are-a-lot-of-false-allegations-354726.html,,2018-10-13 17:00:00 UTC,indiatimes.com,False,#MeToo,#MeToo [Support],1,1,0,True,Support,News/Reporting,India,2018,OK,4847
https://www.voaafrique.com/a/un-pretre-inculpe-pour-viol-en-france/4268912.html,,2018-02-24 16:15:00 UTC,voaafrique.com,False,viol,viol [Support],1,1,0,False,Support,News/Reporting,United States,2018,OK,846
https://www.midiamax.com.br/cotidiano/2019/feminicidio-para-mulheres-leis-brandas-deixam-o-agressor-cada-vez-mais-corajoso/,,2019-03-11 23:45:00 UTC,midiamax.com.br,False,feminicidio,feminicidio [Support],1,1,0,False,Support,News/Reporting,Brazil,2019,FETCH_FAILED,0
http://periodicocentral.mx/2018/pagina-negra/crimen-y-castigo/item/19453-en-audiencia-privada-solo-imputan-desaparicion-de-persona-a-sospechoso-del-feminicidio-de-yaroslava,,2018-08-26 22:00:00 UTC,periodicocentral.mx,False,feminicidio,feminicidio [Support],1,1,0,False,Support,News/Reporting,Mexico,2018,FETCH_FAILED,0
https://news.sky.com/story/metoo-objectified-goldie-hawn-adores-men-but-has-no-compassion-for-abusers-11395721,,2018-06-05 16:30:00 UTC,sky.com,False,#MeToo,#MeToo [Support],1,1,0,True,Support,News/Reporting,United Kingdom,2018,FETCH_FAILED,0
http://theprovince.com/entertainment/celebrity/babes-aziz-ansari-piece-was-a-gift-to-anyone-who-wants-to-derail-metoo/wcm/1cbbf9d6-b6ca-4ef6-aa58-74a7f114609b,,2018-01-16 23:15:00 UTC,theprovince.com,False,#MeToo,#MeToo [Support],1,1,0,True,Support,News/Reporting,Canada,2018,FETCH_FAILED,0
https://www.biobiochile.cl/noticias/nacional/chile/2018/07/21/carabineros-investiga-femicidio-frustrado-y-posterior-suicidio-en-conchali.shtml,,2018-07-22 00:30:00 UTC,biobiochile.cl,False,femicidio,femicidio [Support],1,1,0,False,Support,News/Reporting,Chile,2018,OK,7273
http://180dfo.com/2018/10/retail-boss-philip-green-named-in-parliament-as-businessman-in-uk-metoo-scandal/,,2018-10-25 16:30:00 UTC,180dfo.com,False,#MeToo,#MeToo [Support],1,1,0,True,Support,News/Reporting,United States,2018,NO_TEXT,0
https://deadline.com/2018/10/tarana-burke-tracee-ellis-ross-america-ferrera-show-chrstine-blasey-ford-metoo-brett-kavanaugh-1202480347/,,2018-10-10 19:45:00 UTC,deadline.com,False,#MeToo,#MeToo [Support],1,1,0,True,Support,News/Reporting,United States,2018,OK,3537
https://y100florida.iheart.com/content/2018-01-28-logic-takes-on-suicide-prevention-racism-metoo-movement-at-grammys/,,2018-01-29 07:45:00 UTC,iheart.com,False,#MeToo,#MeToo [Support],1,1,0,True,Support,News/Reporting,United States,2018,OK,1915
https://www.gattonstar.com.au/news/classic-slasher-movie-re-imagined-metoo-era/3898739/,Classic slasher movie re-imagined for the #Metoo era,2019-12-10 21:15:00 UTC,gattonstar.com.au,False,#MeToo,#MeToo [Support],1,1,0,True,Support,News/Reporting,Australia,2019,FETCH_FAILED,0
https://www.idahopress.com/news/world/cuban-singer-becomes-pioneer-of-metoo-movement-on-island/article_74ac5349-14e2-5221-9629-fb657a9ae7c6.html,,2019-07-15 14:15:00 UTC,idahopress.com,False,#MeToo,#MeToo [Support],1,1,0,True,Support,News/Reporting,United States,2019,FETCH_FAILED,0
http://fremonttribune.com/news/national/barbra-streisand-says-no-metoo-moment-marred-her-life/article_853355de-1283-5278-873a-4107b3704968.html,,2018-03-18 18:00:00 UTC,fremonttribune.com,False,#MeToo,#MeToo [Support],1,1,0,True,Support,News/Reporting,United States,2018,FETCH_FAILED,0
"http://www.portalspozywczy.pl/mleko/wiadomosci/brak-masla-we-francji-media-sytuacja-jak-w-czasie-wojny,150653.html",,2017-10-24 09:45:00 UTC,portalspozywczy.pl,False,masla,masla [Backlash],1,0,1,False,Backlash,News/Reporting,Poland,2017,TOO_SHORT,336
http://corren.se/nyheter/tva-av-tre-tror-metoo-gjort-skillnad-om5497231.aspx,,2018-10-04 17:45:00 UTC,corren.se,False,#MeToo,#MeToo [Support],1,1,0,True,Support,News/Reporting,Sweden,2018,FETCH_FAILED,0
https://laopinion.com/2019/12/17/ceo-de-badabun-da-la-cara-y-tilda-de-mentirosos-a-youtubers-mexicanos-que-lo-denuncian-por-abuso-laboral-y-acoso-sexual/,CEO de Badabun da la cara y tilda de mentirosos a youtubers mexicanos que lo denuncian por abuso laboral y acoso sexual,2019-12-17 18:45:00 UTC,laopinion.com,False,acoso sexual,acoso sexual [Support],1,1,0,False,Support,News/Reporting,United States,2019,FETCH_FAILED,0
http://www.handelsblatt.com/panorama/aus-aller-welt/metoo-schauspieler-und-politiker-ueber-sexuelle-belaestigung/20477984.html,,2017-10-19 15:00:00 UTC,handelsblatt.com,False,#MeToo,#MeToo [Support],1,1,0,True,Support,News/Reporting,Germany,2017,FETCH_FAILED,0
https://www.vanityfair.com/news/2019/10/ronan-farrow-on-what-he-left-out-of-catch-and-kill-nbc-me-too,"""There's Absolutely More to Be Disclosed"": Ronan Farrow on #MeToo, NBC, and What He Left Out of Catch and Kill",2019-10-17 21:30:00 UTC,vanityfair.com,False,#MeToo,#MeToo [Support],1,1,0,True,Support,News/Reporting,United States,2019,OK,11915
https://fox45now.com/news/offbeat/beauty-queen-gives-back-crown-because-of-metoo-joke-07-09-2018-181309469,,2018-07-10 02:00:00 UTC,fox45now.com,False,#MeToo,#MeToo [Support],1,1,0,True,Support,News/Reporting,Lebanon,2018,OK,10396
https://www.dr.dk/nyheder/tema/metoo,,2017-12-12 22:30:00 UTC,dr.dk,False,#MeToo,#MeToo [Support],1,1,0,True,Support,News/Reporting,Denmark,2017,OK,4965
https://www.teleprensa.com/granada/el-iam-atendio-en-agosto-un-62-mas-de-mujeres-y-menores-victimas-de-violencia-de-genero-en-centros-de-acogida.html.html,El IAM atendió en agosto un 62% más de mujeres y menores víctimas de violencia de género en centros de acogida,2019-09-24 12:45:00 UTC,teleprensa.com,True,violencia de género,violencia de género [Support],1,1,0,False,Support,News/Reporting,Spain,2019,FETCH_FAILED,0
https://kobi5.com/news/top-stories/metoo-cases-take-spotlight-as-southern-baptists-meet-in-texas-79342/,,2018-06-13 22:30:00 UTC,kobi5.com,False,#MeToo,#MeToo [Support],1,1,0,True,Support,News/Reporting,United States,2018,OK,1500
http://www.guadeloupe.franceantilles.fr/actualite/international/asia-argento-pousse-le-mouvement-metoo-a-l-introspection-499748.php,,2018-08-22 08:00:00 UTC,guadeloupe.franceantilles.fr,False,#MeToo,#MeToo [Support],1,1,0,True,Support,News/Reporting,France,2018,OK,1232
http://www.lesoir.be/143383/article/2018-03-03/oscars-2018-une-trentaine-dhommes-lance-leur-mouvement-de-soutien-metoo,,2018-03-03 22:45:00 UTC,lesoir.be,False,#MeToo,#MeToo [Support],1,1,0,True,Support,News/Reporting,Belgium,2018,FETCH_FAILED,0
"https://www.rnz.de/panorama/leute_artikel,-skandal-oder-pruederie-deutschland-und-die-metoo-debatte-_arid,348497.html",,2018-03-30 11:15:00 UTC,rnz.de,False,#MeToo,#MeToo [Support],1,1,0,True,Support,News/Reporting,Germany,2018,OK,465
https://www.ziare-pe-net.ro/stiri/ion-a-fost-acuzat-de-viol-pentru-ca-a-purtat-haine-inchise-la-culoare-ce-au-descoperit-judecatorii-dupa-sapte-ani-de-ancheta-rusine-colosala-in-justitia-romana-6068960.html,,2018-11-20 10:15:00 UTC,ziare-pe-net.ro,False,viol,viol [Support],1,1,0,False,Support,News/Reporting,Romania,2018,FETCH_FAILED,0
https://www.bignewsnetwork.com/news/261675917/armenias-metoo-aims-to-break-silence-on-sexual-violence,,2019-07-09 15:00:00 UTC,bignewsnetwork.com,False,#MeToo,#MeToo [Support],1,1,0,True,Support,News/Reporting,United States,2019,OK,4707
http://www.paris-normandie.fr/le-havre/condamne-pour-le-viol-d-une-pensionnaire-d-un-institut-medico-educatif-a-nointot-pres-de-bolbec-FG11718915,,2017-12-17 01:45:00 UTC,paris-normandie.fr,False,viol,viol [Support],1,1,0,False,Support,News/Reporting,France,2017,FETCH_FAILED,0
http://www.mix1077albany.com/news/roseanne-barr-goes-after-metoo/,,2019-03-04 21:30:00 UTC,mix1077albany.com,False,#MeToo,#MeToo [Support],1,1,0,True,Support,News/Reporting,UNKNOWN,2019,FETCH_FAILED,0
https://k99fm.iheart.com/featured/johnna/content/2018-01-09-timesup-i-want-your-input/,,2018-01-10 21:15:00 UTC,iheart.com,False,#TimesUp,#TimesUp [Support],1,1,0,True,Support,News/Reporting,United States,2018,FETCH_FAILED,0
http://wkar.org/post/how-recy-taylor-spoke-out-against-her-rape-decades-metoo,,2018-01-09 06:45:00 UTC,wkar.org,False,#MeToo,#MeToo [Support],1,1,0,True,Support,News/Reporting,United States,2018,FETCH_FAILED,0
http://articles.economictimes.indiatimes.com/magazines/panache/woody-allens-wife-breaks-decades-long-silence-on-sexual-assault-charges-against-filmmaker-says-mia-farrow-took-advantage-of-metoo/articleshow/65842926.cms,,2018-09-17 14:45:00 UTC,indiatimes.com,False,#MeToo,#MeToo [Support],1,1,0,True,Support,News/Reporting,India,2018,OK,14465
https://www.dentonrc.com/education/unt-art-professor-to-create-digital-art-using-metoo-data/article_7585eae4-f3f1-566e-9b13-f233bbbc0c81.html,,2018-06-23 02:00:00 UTC,dentonrc.com,False,#MeToo,#MeToo [Support],1,1,0,True,Support,News/Reporting,United States,2018,FETCH_FAILED,0
https://www.ocweekly.com/where-is-the-metoo-movement-for-undocumented-women/,,2018-10-11 00:00:00 UTC,ocweekly.com,False,#MeToo,#MeToo [Support],1,1,0,True,Support,News/Reporting,United States,2018,NO_TEXT,0
https://www.kkuriren.se/nyheter-fran-tt/metoo-minister-manar-man-till-kamp/,,2017-11-19 13:15:00 UTC,kkuriren.se,False,#MeToo,#MeToo [Support],1,1,0,True,Support,News/Reporting,Sweden,2017,FETCH_FAILED,0
http://www.journal-news.com/news/national/trump-accuser-takes-metoo-message-voters-ohio/gSB5JoIrt5QwUij0mGYz1I/,,2018-02-07 20:30:00 UTC,journal-news.com,False,#MeToo,#MeToo [Support],1,1,0,True,Support,News/Reporting,United States,2018,FETCH_FAILED,0
https://www.merkur.de/lokales/erding/dorfen-ort28598/a94-autobahn-bayern-dorfen-erding-isental-laerm-wut-tempolimit-anwohner-beschwerde-13208575.html,A94/Dorfen: Pfusch am Bau? Aufschrei der Lärmgeplagten wird nochmal lauter,2019-11-12 07:00:00 UTC,merkur.de,True,#Aufschrei | #aufschrei,#Aufschrei [Support] | #aufschrei [Support],2,2,0,True,Support,News/Reporting,Germany,2019,OK,4884
https://www.laprovence.com/actu/en-direct/4966705/soudan-amnesty-condamne-la-peine-de-mort-pour-une-adolescente-victime-de-viol.html,,2018-05-11 10:45:00 UTC,laprovence.com,False,viol,viol [Support],1,1,0,False,Support,News/Reporting,France,2018,OK,2840
https://www.omroepwest.nl/nieuws/3828709/Den-Haag-wist-af-van-metoo-affaire-nieuwe-woordvoerder,,2019-05-04 04:45:00 UTC,omroepwest.nl,False,#MeToo,#MeToo [Support],1,1,0,True,Support,News/Reporting,Netherlands,2019,OK,2736
https://www.geo.tv/latest/183424-metoo-sexual-misconduct-claims-and-the-fallout,,2018-02-24 07:00:00 UTC,geo.tv,False,#MeToo,#MeToo [Support],1,1,0,True,Support,News/Reporting,Tuvalu,2018,OK,4093
http://fox23maine.com/news/entertainment/actor-richard-kind-hopes-some-women-arent-using-metoo-campaign-for-fame,,2017-11-01 06:15:00 UTC,fox23maine.com,False,#MeToo,#MeToo [Support],1,1,0,True,Support,News/Reporting,UNKNOWN,2017,FETCH_FAILED,0
http://www.caixin.com/2019-11-08/101480323.html,T早报|刘强东因个人原因请辞政协委员；滴滴顺风车停止所有20：00后服务；三部委牵头开展电子烟危害宣传和规范管理,2019-11-08 01:30:00 UTC,caixin.com,True,刘强东,刘强东 [Support],1,1,0,False,Support,News/Reporting,China,2019,OK,1463
http://www.startribune.com/minnesota-governor-s-race-shook-up-by-metoo-allegations/488739861/,,2018-07-20 18:30:00 UTC,startribune.com,False,#MeToo,#MeToo [Support],1,1,0,True,Support,News/Reporting,United States,2018,FETCH_FAILED,0
https://www.milforddailynews.com/zz/news/20191220/deaths-in-custody-sexual-violence-hunger-strikes-what-we-uncovered-inside-ice-facilities-across-us,Deaths in custody. Sexual violence. Hunger strikes. What we uncovered inside ICE facilities across the US - News - Milford Daily News,2019-12-20 17:45:00 UTC,milforddailynews.com,False,sexual violence,sexual violence [Support],1,1,0,False,Support,News/Reporting,United States,2019,FETCH_FAILED,0
http://d24am.com/amazonas/feminicidio-amazonas-tem-552-processos-sem-sentenca-aponta-cnj/,,2018-06-24 14:15:00 UTC,d24am.com,False,feminicidio,feminicidio [Support],1,1,0,False,Support,News/Reporting,Brazil,2018,FETCH_FAILED,0
http://thenewjournalandguide.com/urban-notebook-slave-women-earned-metoo-status/,,2018-01-11 03:45:00 UTC,thenewjournalandguide.com,False,#MeToo,#MeToo [Support],1,1,0,True,Support,News/Reporting,United States,2018,OK,8010
https://www.thecourier.co.uk/news/uk-world/866456/metoo-leader-says-level-of-harassment-at-universities-is-horrifying/,,2019-04-08 18:30:00 UTC,thecourier.co.uk,False,#MeToo,#MeToo [Support],1,1,0,True,Support,News/Reporting,United Kingdom,2019,FETCH_FAILED,0
https://hindi.oneindia.com/news/india/metoo-is-kissing-sexually-harrassment-476172.html,,2018-10-09 08:30:00 UTC,oneindia.com,False,#MeToo,#MeToo [Support],1,1,0,True,Support,News/Reporting,India,2018,OK,4887
https://www.dailydot.com/irl/sex-industry-metoo/,,2018-04-09 10:30:00 UTC,dailydot.com,False,#MeToo,#MeToo [Support],1,1,0,True,Support,News/Reporting,United States,2018,FETCH_FAILED,0
https://www.noticiasdenavarra.com/2019/11/14/vecinos/navarra-entidades-locales-llaman-a-los-hombres-a-que-se-movilicen-por-una-igualdad-real-y-contra-la-violencia-de-genero,"Más de 80 entidades locales llaman a movilizarse por una ""igualdad real""y contra la violencia de género. Noticias de Navarra",2019-11-14 14:30:00 UTC,noticiasdenavarra.com,True,violencia de género,violencia de género [Support],1,1,0,False,Support,News/Reporting,Spain,2019,FETCH_FAILED,0
http://cbs4local.com/news/entertainment/woody-allen-i-should-be-the-poster-face-for-metoo-movement,,2018-06-05 00:15:00 UTC,cbs4local.com,False,#MeToo,#MeToo [Support],1,1,0,True,Support,News/Reporting,United States,2018,OK,868
https://www.koin.com/news/local/multnomah-county/portland-protests-patriot-prayer-antifa-himtoo-november-17-2018/1603542470,,2018-11-17 17:15:00 UTC,koin.com,False,#HimToo,#HimToo [Backlash],1,0,1,True,Backlash,News/Reporting,United States,2018,FETCH_FAILED,0
http://www.lesoleil.sn/2016-03-22-23-49-47/item/72558-italie-robinho-condamne-a-9-ans-de-prison-pour-viol-en-reunion.html,,2017-11-24 13:30:00 UTC,lesoleil.sn,False,viol,viol [Support],1,1,0,False,Support,News/Reporting,Senegal,2017,FETCH_FAILED,0
https://elaph.com/Web/News/2019/11/1271597.html,تظاهرة مناهضة للتحرش الجنسي تزامنا مع أول جلسة للبرلمان,2019-11-13 15:00:00 UTC,elaph.com,True,تحرش,تحرش [Support],1,1,0,False,Support,News/Reporting,Syria,2019,OK,1385
https://www.closermag.fr/people/accusations-d-adele-haenel-le-parquet-de-paris-ouvre-une-enquete-pour-agressions-1045574,Accusations d'Adèle Haenel : le parquet de Paris ouvre une enquête pour agressions sexuelles sur mineure de moins de 15 ans,2019-11-06 18:45:00 UTC,closermag.fr,True,Adèle Haenel,Adèle Haenel [Support],1,1,0,False,Support,News/Reporting,France,2019,OK,1777
https://www.rawstory.com/2018/09/one-year-since-metoo-penelope-cruz-remembers-weinstein-complicated/,,2018-09-29 14:30:00 UTC,rawstory.com,False,#MeToo,#MeToo [Support],1,1,0,True,Support,News/Reporting,United States,2018,OK,3489
http://www.laregion.es/articulo/sociedad/woody-allen-deberia-ser-rostro-masculino-movimiento-metoo/20180610210851800419.html,,2018-06-10 20:45:00 UTC,laregion.es,False,#MeToo,#MeToo [Support],1,1,0,True,Support,News/Reporting,Spain,2018,OK,2779
https://wbig.iheart.com/content/2018-03-22-gene-simmons-worries-about-collateral-damage-of-metoo-movement/,,2018-03-22 23:15:00 UTC,iheart.com,False,#MeToo,#MeToo [Support],1,1,0,True,Support,News/Reporting,United States,2018,OK,2345
https://pulsoslp.com.mx/opinion/feminicidio-en-el-noreste/,,2019-01-17 10:00:00 UTC,pulsoslp.com.mx,False,feminicidio,feminicidio [Support],1,1,0,False,Support,Opinion/Editorial,Mexico,2019,FETCH_FAILED,0
https://www.bfmtv.com/international/espagne-5-hommes-accuses-de-viol-condamnes-pour-atteinte-sexuelle-car-la-victime-inconsciente-ne-s-est-pas-debattue-1798068.html,Espagne: 5 hommes accusés de viol condamnés pour « atteinte sexuelle » car la victime inconsciente ne s'est pas débattue,2019-11-01 20:15:00 UTC,bfmtv.com,True,viol,viol [Support],1,1,0,False,Support,News/Reporting,France,2019,OK,2820
http://www.ostsee-zeitung.de/Nachrichten/Panorama/MeToo-laesst-Monica-Lewinsky-neu-ueber-ihre-Affaere-mit-Clinton-denken,,2018-02-28 20:30:00 UTC,ostsee-zeitung.de,False,#MeToo,#MeToo [Support],1,1,0,True,Support,News/Reporting,Germany,2018,FETCH_FAILED,0
https://kmcx.iheart.com/content/2018-07-09-beauty-queen-gave-up-her-crown-after-metoo-joke/,,2018-07-09 18:45:00 UTC,iheart.com,False,#MeToo,#MeToo [Support],1,1,0,True,Support,News/Reporting,United States,2018,OK,1372
http://www.reflector.com/National-Entertainment/2017/12/19/The-Year-of-MeToo-A-scoop-a-tweet-and-then-a-reckoning.html,,2017-12-20 01:45:00 UTC,reflector.com,False,#MeToo,#MeToo [Support],1,1,0,True,Support,News/Reporting,United States,2017,FETCH_FAILED,0
https://scroll.in/latest/898266/the-big-news-mj-akbar-says-political-conspiracy-behind-metoo-allegations-and-9-other-top-stories,,2018-10-14 18:45:00 UTC,scroll.in,False,#MeToo,#MeToo [Support],1,1,0,True,Support,News/Reporting,India,2018,NO_TEXT,0
https://www.24heures.ch/monde/viol-collectif-indigne-espagne/story/26559590,,2017-11-23 11:30:00 UTC,24heures.ch,False,viol,viol [Support],1,1,0,False,Support,News/Reporting,Switzerland,2017,FETCH_FAILED,0
https://www.ghanaweb.com/GhanaHomePage/NewsArchive/Government-followed-due-process-in-addressing-PDS-debacle-Energy-Ministry-791856,Government followed due process in addressing PDS debacle – Energy Ministry,2019-10-22 08:30:00 UTC,ghanaweb.com,True,due process,due process [Backlash],1,0,1,False,Backlash,News/Reporting,Ghana,2019,FETCH_FAILED,0
https://jornaldebrasilia.com.br/nahorah/oito-estudantes-denunciam-professor-por-assedio-sexual/,Oito estudantes denunciam professor por assédio sexual,2019-10-03 15:45:00 UTC,jornaldebrasilia.com.br,True,assédio sexual,assédio sexual [Support],1,1,0,False,Support,News/Reporting,Brazil,2019,OK,1155
https://www.washingtonpost.com/world/europe/france-witnesses-back-women-in-post-metoo-defamation-trial/2019/02/07/5e79eeea-2ae8-11e9-906e-9d55b6451eb4_story.html,,2019-02-07 15:30:00 UTC,washingtonpost.com,False,#MeToo,#MeToo [Support],1,1,0,True,Support,News/Reporting,United States,2019,FETCH_FAILED,0
https://www.debate.com.mx/mundo/El-MeToo-no-es-un-movimiento-antihombres-ni-siquiera-de-mujeres-20190121-0112.html,,2019-01-21 23:15:00 UTC,debate.com.mx,False,#MeToo,#MeToo [Support],1,1,0,True,Support,News/Reporting,Mexico,2019,FETCH_FAILED,0
http://www.king5.com/article/news/nation-now/oscars-2018-not-everyone-is-thrilled-with-kobe-bryants-nomination-amid-the-metoo-movement/465-ac259e07-6692-469f-9aea-95840f378aed,,2018-01-23 19:00:00 UTC,king5.com,False,#MeToo,#MeToo [Support],1,1,0,True,Support,News/Reporting,United States,2018,FETCH_FAILED,0
https://navbharattimes.indiatimes.com/india/asaram-got-life-imprisonment-because-of-nirbhaya-rape-case/articleshow/63915759.cms,,2018-04-25 18:15:00 UTC,indiatimes.com,False,Nirbhaya,Nirbhaya [Support],1,1,0,False,Support,News/Reporting,India,2018,OK,1929
https://www.volksstimme.de/fubawm/vorrunde/gruppef/news/nach-handspiel-hexenjagd-auf-spieler-von-suedkorea/1530005769000,,2018-06-26 10:00:00 UTC,volksstimme.de,False,Hexenjagd,Hexenjagd [Backlash],1,0,1,False,Backlash,News/Reporting,Germany,2018,FETCH_FAILED,0
https://www.agerpres.ro/justitie/2019/08/01/dosarele-de-viol-si-lipsire-de-libertate-aflate-la-parchetul-din-caracal-verificate-de-parchetul-general--349746,,2019-08-01 10:00:00 UTC,agerpres.ro,False,viol,viol [Support],1,1,0,False,Support,News/Reporting,Romania,2019,NO_TEXT,0
https://larepublica.pe/sociedad/2019/06/29/caen-3-por-el-feminicidio-de-nimia-lopez-entre-ellos-su-excunado/,,2019-06-29 09:00:00 UTC,larepublica.pe,False,feminicidio,feminicidio [Support],1,1,0,False,Support,News/Reporting,Peru,2019,OK,1834
https://www.nrc.nl/nieuws/2018/10/12/metoo-gaat-door-want-nog-steeds-wordt-er-weggekeken-a2417818,,2018-10-12 23:30:00 UTC,nrc.nl,False,#MeToo,#MeToo [Support],1,1,0,True,Support,News/Reporting,Netherlands,2018,OK,10468
https://www.panorama.am/en/shortNews/2019/10/25/Chinese-MeToo-activist/1424066,"Chinese #MeToo activist and journalist who joined Hong Kong protests detained, friends say",2019-10-25 11:45:00 UTC,panorama.am,False,#MeToo,#MeToo [Support],1,1,0,True,Support,News/Reporting,Armenia,2019,FETCH_FAILED,0
http://abc11.com/entertainment/metoo-and-more-the-biggest-entertainment-stories-of-2017/2833633/,,2017-12-28 15:15:00 UTC,abc11.com,False,#MeToo,#MeToo [Support],1,1,0,True,Support,News/Reporting,United States,2017,OK,575
https://news.yam.md/ro/story/9838976,"Legea care pune miliardul furat pe umerii moldovenilor sa fie suspendata. PPDA propune moratoriu pe o perioada nedeterminata de timp, astfel incat bugetul de stat sa nu mai fie golit anual pentru intoarcerea datoriei - VIDEO",2019-12-03 16:00:00 UTC,news.yam.md,False,PPDA,PPDA [Support],1,1,0,False,Support,News/Reporting,UNKNOWN,2019,FETCH_FAILED,0
http://www.newsradio1440.com/news/moonves-negotiated-exit-shows-the-power-of-timesup/,,2018-09-11 05:30:00 UTC,newsradio1440.com,False,#TimesUp,#TimesUp [Support],1,1,0,True,Support,News/Reporting,UNKNOWN,2018,FETCH_FAILED,0
https://www.aberdeennews.com/news/opinion/cal-thomas-hashtag-metoo-my-daughter-and-granddaughter-too/article_bd231bc1-c964-5ea9-a8f4-61822f5333df.html,,2017-10-24 11:30:00 UTC,aberdeennews.com,False,#MeToo,#MeToo [Support],1,1,0,True,Support,Opinion/Editorial,United States,2017,OK,3383
http://www.klik1240.com/news/keshas-praying-is-grammys-metoo-moment/,,2018-01-29 06:30:00 UTC,klik1240.com,False,#MeToo,#MeToo [Support],1,1,0,True,Support,News/Reporting,UNKNOWN,2018,FETCH_FAILED,0
https://lowvelder.co.za/afp/410623/from-hollywood-god-to-metoo-pariah-the-disgrace-of-weinstein,,2018-05-25 20:15:00 UTC,lowvelder.co.za,False,#MeToo,#MeToo [Support],1,1,0,True,Support,News/Reporting,UNKNOWN,2018,FETCH_FAILED,0
http://www.kptv.com/story/36648216/portland-actress-shares-her-metoo-story-of-sexual-harassment-in-hollywood,,2017-10-21 03:30:00 UTC,kptv.com,False,#MeToo,#MeToo [Support],1,1,0,True,Support,News/Reporting,United States,2017,FETCH_FAILED,0
http://92moose.fm/why-megan-fox-didnt-share-her-metoo-story/,,2018-12-12 02:45:00 UTC,92moose.fm,False,#MeToo,#MeToo [Support],1,1,0,True,Support,News/Reporting,UNKNOWN,2018,FETCH_FAILED,0
https://www.kkuriren.se/nyheter-fran-tt/for-fa-ville-ga-pa-dos-metoo-seminarium/,,2017-11-29 22:45:00 UTC,kkuriren.se,False,#MeToo,#MeToo [Support],1,1,0,True,Support,News/Reporting,Sweden,2017,FETCH_FAILED,0
https://ici.radio-canada.ca/nouvelle/1108318/janet-jackson-depression-maladie-sexisme-racisme-essence,,2018-06-21 00:00:00 UTC,ici.radio-canada.ca,False,sexisme,sexisme [Support],1,1,0,False,Support,News/Reporting,Canada,2018,OK,1809
https://atlantablackstar.com/2019/11/01/florida-principal-given-the-pink-slip-after-he-says-he-couldnt-confirm-holocaust-actually-happened/,'This Is a Textbook Example of a Witch Hunt': Black Florida Principal Fired After Saying He Couldn't Confirm Holocaust Actually Happened,2019-11-01 13:30:00 UTC,atlantablackstar.com,False,witch hunt,witch hunt [Backlash],1,0,1,False,Backlash,News/Reporting,United States,2019,OK,3032
http://www.eluniversal.com.co:80/sucesos/conmocion-en-cerete-por-nuevo-caso-de-feminicidio-284862,,2018-08-11 16:15:00 UTC,eluniversal.com.co,False,feminicidio,feminicidio [Support],1,1,0,False,Support,News/Reporting,Colombia,2018,FETCH_FAILED,0
http://bianet.org/english/women/216271-ihd-the-state-should-abandon-the-policy-of-impunity-for-violence-against-women,İHD: The State Should Abandon the Policy of Impunity for Violence Against Women,2019-11-25 13:45:00 UTC,bianet.org,True,violence against women,violence against women [Support],1,1,0,False,Support,News/Reporting,Turkey,2019,FETCH_FAILED,0
https://globegazette.com/entertainment/bill-cosby-s-appeal-to-review-handling-of-metoo-case/article_4cd55866-57d4-5885-8c15-e60cf11a57a8.html,,2019-08-12 07:00:00 UTC,globegazette.com,False,#MeToo,#MeToo [Support],1,1,0,True,Support,News/Reporting,United States,2019,FETCH_FAILED,0
https://www.chron.com/news/world/article/India-minister-denies-misconduct-after-MeToo-13305944.php,,2018-10-14 15:45:00 UTC,chron.com,False,#MeToo,#MeToo [Support],1,1,0,True,Support,News/Reporting,United States,2018,FETCH_FAILED,0
https://www.criteriohidalgo.com/noticias/plantean-endurecer-penas-por-feminicidio-en-hidalgo,,2018-11-28 16:00:00 UTC,criteriohidalgo.com,False,feminicidio,feminicidio [Support],1,1,0,False,Support,News/Reporting,Mexico,2018,FETCH_FAILED,0
https://rock1017fm.iheart.com/content/2018-09-13-ann-wilson-says-metoo-is-coming-to-the-music-industry/,,2018-09-13 19:15:00 UTC,iheart.com,False,#MeToo,#MeToo [Support],1,1,0,True,Support,News/Reporting,United States,2018,OK,1670
https://www.westmanjournal.com/q-a-casey-affleck-on-new-film-his-oscars-absence-and-metoo-1.23395005,,2018-08-09 17:45:00 UTC,westmanjournal.com,False,#MeToo,#MeToo [Support],1,1,0,True,Support,News/Reporting,United States,2018,FETCH_FAILED,0
https://www.elesquiu.com/deportes/2019/10/10/futbolista-denunciado-por-violencia-de-genero-fue-separado-del-plantel-337458.html,Futbolista denunciado por violencia de género fue separado del plantel,2019-10-10 23:00:00 UTC,elesquiu.com,True,violencia de género,violencia de género [Support],1,1,0,False,Support,News/Reporting,Argentina,2019,OK,1285
https://yourstory.com:443/herstory/2019/09/women-entrepreneurs-safety-metoo-safecity-fighther,,2019-09-17 02:15:00 UTC,yourstory.com,False,#MeToo,#MeToo [Support],1,1,0,True,Support,News/Reporting,India,2019,OK,5559
https://globegazette.com/entertainment/music/soul-searching-in-opera-world-after-tumultuous-metoo-year/article_05704baa-21fe-57ae-9f89-5d89c96ae72f.html,Soul-searching in opera world after tumultuous #MeToo year,2019-12-29 19:45:00 UTC,globegazette.com,False,#MeToo,#MeToo [Support],1,1,0,True,Support,News/Reporting,United States,2019,FETCH_FAILED,0
https://www.thenews.com.pk/latest/380871-metoo-in-india-14-powerful-men-accused-of-sexual-misconduct,,2018-10-14 12:30:00 UTC,thenews.com.pk,False,#MeToo,#MeToo [Support],1,1,0,True,Support,News/Reporting,Pakistan,2018,OK,6233
https://www.irishexaminer.com/breakingnews/world/ashley-judd-takes-metoo-message-to-south-sudan-851971.html,,2018-06-29 12:15:00 UTC,irishexaminer.com,False,#MeToo,#MeToo [Support],1,1,0,True,Support,News/Reporting,Ireland,2018,FETCH_FAILED,0
https://www.japantimes.co.jp/news/2019/01/18/business/detroit-auto-show-models-human-ones-embrace-changing-role-metoo-era/,,2019-01-18 11:45:00 UTC,japantimes.co.jp,False,#MeToo,#MeToo [Support],1,1,0,True,Support,News/Reporting,Japan,2019,FETCH_FAILED,0
http://www.startribune.com/metoo-reaches-into-the-monastery-in-china/493386051/,,2018-09-15 20:45:00 UTC,startribune.com,False,#MeToo,#MeToo [Support],1,1,0,True,Support,News/Reporting,United States,2018,FETCH_FAILED,0
http://www.film-news.co.uk/news/UK/67631/Woody-Allen-thinks-he-s-done-everything-the-MeToo-movement-would-love-to-achieve,,2019-09-08 11:45:00 UTC,film-news.co.uk,False,#MeToo,#MeToo [Support],1,1,0,True,Support,News/Reporting,United Kingdom,2019,OK,924
http://www.nordeclair.fr/103324/article/2017-10-21/tariq-ramadan-vise-par-une-plainte-pour-viol-et-agressions-sexuelles-va-porter,,2017-10-21 15:00:00 UTC,nordeclair.fr,False,viol,viol [Support],1,1,0,False,Support,News/Reporting,France,2017,FETCH_FAILED,0
http://www.bienpublic.com/faits-divers/2018/04/13/une-cinquieme-plainte-pour-viol-deposee-contre-tariq-ramadan,,2018-04-13 18:15:00 UTC,bienpublic.com,False,viol,viol [Support],1,1,0,False,Support,News/Reporting,France,2018,OK,1255
http://wypr.org/post/mosquemetoo-gives-muslim-women-voice-about-sexual-misconduct-mecca,,2018-02-26 20:45:00 UTC,wypr.org,False,#MosqueMeToo,#MosqueMeToo [Support],1,1,0,True,Support,News/Reporting,United States,2018,NO_TEXT,0
http://entretenimento.uol.com.br/noticias/redacao/2018/03/26/como-a-diretora-erika-lust-esta-revolucionando-o-porno-em-tempos-de-metoo.htm,,2018-03-26 07:30:00 UTC,uol.com.br,False,#MeToo,#MeToo [Support],1,1,0,True,Support,News/Reporting,Brazil,2018,OK,3953
https://1360kktx.iheart.com/featured/rush-limbaugh/content/2018-04-02-pbs-chuckles-over-your-hosts-hilarious-feminazi-humor/,,2018-04-02 20:15:00 UTC,iheart.com,False,feminazi,feminazi [Backlash],1,0,1,False,Backlash,News/Reporting,United States,2018,FETCH_FAILED,0
http://www.ziuanews.ro/revista-presei/procurorii-din-los-angeles-iau-in-calcul-redeschiderea-unui-dosar-de-acuzatie-de-viol-impotriva-lui-sylvester-stallone-948020,,2018-06-14 21:00:00 UTC,ziuanews.ro,False,viol,viol [Support],1,1,0,False,Support,News/Reporting,Romania,2018,FETCH_FAILED,0
http://www.og979.com/news/anita-hill-on-metoo-i-didnt-have-a-hashtag/,,2018-06-11 21:45:00 UTC,og979.com,False,#MeToo,#MeToo [Support],1,1,0,True,Support,News/Reporting,UNKNOWN,2018,FETCH_FAILED,0
http://www.messenger-inquirer.com/features/religion_and_values/metoo-has-a-chilling-effect-on-camaraderie/article_db15908c-077e-11e8-a60c-fb4a78f47d1c.html,,2018-02-01 20:45:00 UTC,messenger-inquirer.com,False,#MeToo,#MeToo [Support],1,1,0,True,Support,News/Reporting,United States,2018,FETCH_FAILED,0
https://www.focus.de/kultur/kino_tv/dschungelcamp/tommi-piper-der-alte-lustmolch-zuschauer-entsetzt-ueber-schlimmen-metoo-moment-im-dschungel_id_10206181.html,,2019-01-19 07:00:00 UTC,focus.de,False,#MeToo,#MeToo [Support],1,1,0,True,Support,News/Reporting,Germany,2019,FETCH_FAILED,0
http://wypr.org/post/instead-metoo-french-women-say-out-your-pig,,2017-11-03 19:15:00 UTC,wypr.org,False,#MeToo,#MeToo [Support],1,1,0,True,Support,News/Reporting,United States,2017,NO_TEXT,0
https://www.italpress.com/politica/trump-caso-ucraina-e-una-caccia-alle-streghe,"TRUMP ""CASO UCRAINA? È UNA CACCIA ALLE STREGHE""",2019-09-26 01:30:00 UTC,italpress.com,True,caccia alle streghe,caccia alle streghe [Backlash],1,0,1,False,Backlash,News/Reporting,Italy,2019,OK,3639
http://www.tt.com/panorama/14884787-91/metoo-und-die-folgen-weltweite-debatte.csp,,2018-10-05 14:00:00 UTC,tt.com,False,#MeToo,#MeToo [Support],1,1,0,True,Support,News/Reporting,Austria,2018,FETCH_FAILED,0
https://power107.iheart.com/content/2017-11-12-thousands-join-hollywood-metoo-march-against-sexual-abuse/,,2017-11-13 01:00:00 UTC,iheart.com,False,#MeToo,#MeToo [Support],1,1,0,True,Support,News/Reporting,United States,2017,OK,1591
https://www.finanzen.net/nachricht/aktien/russland-microsofts-hacker-vorwuerfe-sind-teil-von-hexenjagd-6521581,,2018-08-22 06:00:00 UTC,finanzen.net,False,Hexenjagd,Hexenjagd [Backlash],1,0,1,False,Backlash,News/Reporting,Germany,2018,FETCH_FAILED,0
https://www.mediaite.com/print/bob-woodward-slammed-over-botched-conversation-with-authors-of-metoo-book-so-clueless/,Bob Woodward Slammed Over Conversation With #MeToo Authors,2019-10-03 18:00:00 UTC,mediaite.com,False,#MeToo,#MeToo [Support],1,1,0,True,Support,News/Reporting,United States,2019,FETCH_FAILED,0
http://www.leparisien.fr/seine-et-marne-77/seine-et-marne-condamne-a-dix-ans-de-prison-pour-viol-incestueux-09-06-2018-7762269.php,,2018-06-09 12:15:00 UTC,leparisien.fr,False,viol,viol [Support],1,1,0,False,Support,News/Reporting,France,2018,FETCH_FAILED,0
http://www.elchubut.com.ar/nota/2018-4-5-23-15-0-hoy-se-conocera-el-veredicto-por-un-femicidio-en-comodoro,,2018-04-06 07:15:00 UTC,elchubut.com.ar,False,femicidio,femicidio [Support],1,1,0,False,Support,News/Reporting,Argentina,2018,NO_TEXT,0
http://www.rp-online.de/kultur/berlinale-2018-zwischen-kunst-und-metoo-aid-1.7400039,,2018-02-16 07:45:00 UTC,rp-online.de,False,#MeToo,#MeToo [Support],1,1,0,True,Support,News/Reporting,Germany,2018,FETCH_FAILED,0
http://www.wmac-am.com/news/henry-cavill-apologizes-after-metoo-backlash/,,2018-07-13 23:30:00 UTC,wmac-am.com,False,#MeToo,#MeToo [Support],1,1,0,True,Support,News/Reporting,UNKNOWN,2018,FETCH_FAILED,0
https://thedo.osteopathic.org/2018/07/metoo-in-medicine-docs-who-are-sexually-harassed-struggle-to-report-behavior-survey-suggests/,,2018-07-11 18:00:00 UTC,osteopathic.org,False,#MeToo,#MeToo [Support],1,1,0,True,Support,News/Reporting,UNKNOWN,2018,OK,3446
https://istoe.com.br/polanski-diz-que-movimento-metoo-e-histeria-coletiva/,,2018-05-09 19:15:00 UTC,istoe.com.br,False,#MeToo,#MeToo [Support],1,1,0,True,Support,News/Reporting,Brazil,2018,OK,958
https://www.lepoint.fr/societe/metoo-le-numero-d-ecoute-des-femmes-victimes-de-violences-deborde-05-10-2018-2260523_23.php,,2018-10-05 07:45:00 UTC,lepoint.fr,False,#MeToo,#MeToo [Support],1,1,0,True,Support,News/Reporting,France,2018,FETCH_FAILED,0
http://www.e-consulta.com/nota/2017-10-18/seguridad/fiscalia-sembro-pruebas-chofer-de-uber-acusado-de-feminicidio,,2017-10-19 03:15:00 UTC,e-consulta.com,False,feminicidio,feminicidio [Support],1,1,0,False,Support,News/Reporting,Mexico,2017,OK,3130
http://am970theanswer.com/news/national/after-kavanaugh-ford-hearing-does-metoo-face-a-backlash,,2018-09-28 23:30:00 UTC,am970theanswer.com,False,#MeToo,#MeToo [Support],1,1,0,True,Support,News/Reporting,UNKNOWN,2018,FETCH_FAILED,0
https://www.leprogres.fr/france-monde/2019/06/25/accuse-de-viol-trump-se-defend-ce-n-est-pas-mon-genre-de-femme,,2019-06-25 09:15:00 UTC,leprogres.fr,False,viol,viol [Support],1,1,0,False,Support,News/Reporting,France,2019,OK,2070
http://www.diarioonline.com.br/noticias/para/noticia-589933-agente-do-detran-e-denunciado-por-crime-de-feminicidio.html,,2019-04-17 22:15:00 UTC,diarioonline.com.br,False,feminicidio,feminicidio [Support],1,1,0,False,Support,News/Reporting,UNKNOWN,2019,OK,3242
https://1051thewolf.iheart.com/content/2018-01-28-2018-grammys-bruno-mars-wins-big-kesha-reps-for-metoo-more-moments/,,2018-01-29 07:30:00 UTC,iheart.com,False,#MeToo,#MeToo [Support],1,1,0,True,Support,News/Reporting,United States,2018,OK,10521
https://www.emol.com/noticias/Nacional/2019/04/30/946366/Fiscalia-colombiana-confirma-que-restos-son-de-ex-carabinera-y-que-imputara-a-ex-pareja-por-femicidio-agravado.html,,2019-04-30 16:45:00 UTC,emol.com,False,femicidio,femicidio [Support],1,1,0,False,Support,News/Reporting,Chile,2019,OK,2662
https://www.indiatoday.in/india/story/tihar-jail-gives-7-days-time-to-4-nirbhaya-case-convicts-to-appeal-for-mercy-1629461-2019-12-18,Tihar Jail gives 7 days' time to 4 Nirbhaya case convicts to appeal for mercy,2019-12-18 18:15:00 UTC,indiatoday.in,False,Nirbhaya,Nirbhaya [Support],1,1,0,False,Support,News/Reporting,UNKNOWN,2019,OK,1648
http://www.ziarelive.ro/stiri/prezenta-la-series-mania-festival-uma-thurman-vorbeste-despre-cariera-sa-si-miscarea-metoo.html,,2019-03-27 15:15:00 UTC,ziarelive.ro,False,#MeToo,#MeToo [Support],1,1,0,True,Support,News/Reporting,UNKNOWN,2019,FETCH_FAILED,0
https://www.nairaland.com/5271529/ebony-lips-pastor-coza-bastard,,2019-06-29 10:30:00 UTC,nairaland.com,False,COZA,COZA [Support],1,1,0,False,Support,News/Reporting,Nigeria,2019,FETCH_FAILED,0
http://www.wgow.com/news/nbcuniversal-says-it-is-releasing-former-employees-from-non-disclosure-agreements-about-sexual-harassment/,NBCUniversal says it is releasing former employees from non-disclosure agreements about sexual harassment,2019-10-26 12:30:00 UTC,wgow.com,False,sexual harassment,sexual harassment [Support],1,1,0,False,Support,News/Reporting,UNKNOWN,2019,FETCH_FAILED,0
http://norwell.wickedlocal.com/news/20171221/street-rallies-metoo-and-news-that-shaped-2017-in-massachusetts,,2017-12-21 19:45:00 UTC,wickedlocal.com,False,#MeToo,#MeToo [Support],1,1,0,True,Support,News/Reporting,United States,2017,FETCH_FAILED,0
http://www.firstcoastnews.com/article/news/nation-world/monica-lewinsky-rethinks-consent-with-bill-clinton-in-light-of-metoo-movement/507-523624141,,2018-02-27 06:30:00 UTC,firstcoastnews.com,False,#MeToo,#MeToo [Support],1,1,0,True,Support,News/Reporting,United States,2018,FETCH_FAILED,0
http://www.huffingtonpost.es/2017/12/12/el-metoo-no-afecta-a-trump-la-casa-blanca-rechaza-investigar-al-presidente-por-acoso-sexual_a_23304501/,,2017-12-12 10:15:00 UTC,huffingtonpost.es,False,#MeToo,#MeToo [Support],1,1,0,True,Support,News/Reporting,Spain,2017,FETCH_FAILED,0
https://www.femina.in/achievers/mahima-explains-the-finer-points-of-metoo-108543.html,,2018-10-27 08:00:00 UTC,femina.in,False,#MeToo,#MeToo [Support],1,1,0,True,Support,News/Reporting,India,2018,OK,3753
https://www.indiatoday.in/television/reality-tv/story/anu-malik-on-metoo-allegations-why-do-these-allegations-resurface-only-when-i-am-back-on-tv-1619182-2019-11-15,Anu Malik on #MeToo allegations: Why do these allegations resurface only when I am back on TV,2019-11-15 08:15:00 UTC,indiatoday.in,False,#MeToo,#MeToo [Support],1,1,0,True,Support,News/Reporting,UNKNOWN,2019,OK,3344
https://www.lmtonline.com/news/article/Teenager-s-gang-rape-claim-inspires-MeToo-13288039.php,,2018-10-07 12:00:00 UTC,lmtonline.com,False,#MeToo,#MeToo [Support],1,1,0,True,Support,News/Reporting,United States,2018,FETCH_FAILED,0
https://www.union.sonapresse.com/justice-faits-divers-au-gabon/viol-makokou-il-detourne-et-sequestre-une-mineure-de-13-ans-14881,,2018-11-16 13:45:00 UTC,sonapresse.com,False,viol,viol [Support],1,1,0,False,Support,News/Reporting,UNKNOWN,2018,FETCH_FAILED,0
https://www.letelegramme.fr/monde/soudan-viol-d-humanitaires-et-meurtre-d-un-journaliste-10-soldats-condamnes-06-09-2018-12070684.php,,2018-09-06 14:00:00 UTC,letelegramme.fr,False,viol,viol [Support],1,1,0,False,Support,News/Reporting,France,2018,FETCH_FAILED,0
http://www.parismatch.com/People/Veronique-Sanson-sur-balancetonporc-On-devient-fou-1470668,,2018-03-01 17:15:00 UTC,parismatch.com,False,#BalanceTonPorc,#BalanceTonPorc [Support],1,1,0,True,Support,News/Reporting,France,2018,OK,1858
http://www.ksmb.com/news/molly-ringwald-feels-differently-about-sixteen-candles-in-the-wake-of-metoo/,,2018-10-03 00:15:00 UTC,ksmb.com,False,#MeToo,#MeToo [Support],1,1,0,True,Support,News/Reporting,UNKNOWN,2018,FETCH_FAILED,0
https://www.index.hr/vijesti/clanak/fond-spasime-prikupio-400000-kuna-i-krenuo-s-pruzanjem-pomoci/2105405.aspx,,2019-07-31 14:00:00 UTC,index.hr,False,#SpasiMe,#SpasiMe [Support],1,1,0,True,Support,News/Reporting,Croatia,2019,OK,3022
https://pulsoslp.com.mx/slp/suman-cuatro-presuntos-implicados-en-feminicidio-de-karla/989528,,2019-09-04 19:45:00 UTC,pulsoslp.com.mx,False,feminicidio,feminicidio [Support],1,1,0,False,Support,News/Reporting,Mexico,2019,NO_TEXT,0
http://www.wjbc.com/news/anita-hill-says-metoo-could-have-come-in-91-had-biden-led-senate-committee-done-its-job/,,2019-05-10 22:00:00 UTC,wjbc.com,False,#MeToo,#MeToo [Support],1,1,0,True,Support,News/Reporting,United States,2019,FETCH_FAILED,0
https://timesofindia.indiatimes.com/india/metoo-drive-must-for-women-but-can-it-rob-accused-of-legal-rights/articleshow/66309258.cms,,2018-10-21 21:00:00 UTC,indiatimes.com,False,#MeToo,#MeToo [Support],1,1,0,True,Support,News/Reporting,India,2018,OK,11512
https://www.humanite.fr/le-viol-arme-de-guerre-contre-les-rohingya-647019,,2017-12-11 16:15:00 UTC,humanite.fr,False,viol,viol [Support],1,1,0,False,Support,News/Reporting,France,2017,OK,1233
https://www.dailymail.co.uk/wires/afp/article-6186599/New-York-Review-Books-editor-departs-outrage-MeToo-essay.html,,2018-09-21 13:00:00 UTC,dailymail.co.uk,False,#MeToo,#MeToo [Support],1,1,0,True,Support,News/Reporting,United Kingdom,2018,FETCH_FAILED,0
https://www.sfchronicle.com/politics/article/Midterm-elections-could-make-or-break-MeToo-13349744.php,,2018-10-31 13:15:00 UTC,sfchronicle.com,False,#MeToo,#MeToo [Support],1,1,0,True,Support,News/Reporting,United States,2018,OK,6031
https://eposten.se/kultur-noje/danius-hedrar-tystnadtagning-pa-dramaten-unt5128489.aspx,,2018-11-06 16:00:00 UTC,eposten.se,False,#tystnadtagning,#tystnadtagning [Support],1,1,0,True,Support,News/Reporting,UNKNOWN,2018,FETCH_FAILED,0
http://www.wmay.com/2018/06/08/how-anthony-bourdain-became-a-vocal-supporter-of-the-metoo-movement/,,2018-06-08 20:30:00 UTC,wmay.com,False,#MeToo,#MeToo [Support],1,1,0,True,Support,News/Reporting,United States,2018,OK,433
https://www.gazettextra.com/opinion/other_views/guest-views-metoo-visits-mcdonald-s/article_1b93e6d1-5dc3-5c8c-91ba-27ffa92d8927.html,,2019-05-28 19:00:00 UTC,gazettextra.com,False,#MeToo,#MeToo [Support],1,1,0,True,Support,Opinion/Editorial,United States,2019,FETCH_FAILED,0
http://celebcafe.org/trump-s-outburst-triggers-whyididntreport-storm-united-states-news-top-stories-2422/,,2018-09-25 05:00:00 UTC,celebcafe.org,False,#WhyIDidntReport,#WhyIDidntReport [Support],1,1,0,True,Support,News/Reporting,United States,2018,FETCH_FAILED,0
https://deadline.com/2018/12/surviving-r-kelly-metoo-lifetime-premiere-tarana-burke-1202514184/,,2018-12-05 03:15:00 UTC,deadline.com,False,#MeToo,#MeToo [Support],1,1,0,True,Support,News/Reporting,United States,2018,FETCH_FAILED,0
http://newsok.com/beyond-metoo-brazilian-women-rise-up-against-racism-and-sexism/article/feed/1636546,,2018-01-12 02:00:00 UTC,newsok.com,False,#MeToo,#MeToo [Support],1,1,0,True,Support,News/Reporting,United States,2018,OK,1118
https://www.today.ng/news/nigeria/coza-pastor-returns-pulpit-amid-rape-case-240276,,2019-08-04 14:30:00 UTC,today.ng,False,COZA,COZA [Support],1,1,0,False,Support,News/Reporting,UNKNOWN,2019,FETCH_FAILED,0
http://www.freepressjournal.in/headlines/metoo-expect-something-big-on-mj-akbar-soon/1373050,,2018-10-11 10:00:00 UTC,freepressjournal.in,False,#MeToo,#MeToo [Support],1,1,0,True,Support,News/Reporting,India,2018,FETCH_FAILED,0
https://ziarulunirea.ro/doi-frati-retinuti-de-politistii-din-sebes-sunt-banuiti-de-talharie-lipsire-de-libertate-si-tentativa-de-viol-485244/,,2018-08-01 13:30:00 UTC,ziarulunirea.ro,False,viol,viol [Support],1,1,0,False,Support,News/Reporting,Romania,2018,OK,3050
http://www.thecourierexpress.com/lifestyle/entertainment/little-mix-pen-track-about-metoo-movement/article_919457bc-2939-5c64-bf9e-7ce954fa0619.html,,2018-10-12 20:30:00 UTC,thecourierexpress.com,False,#MeToo,#MeToo [Support],1,1,0,True,Support,News/Reporting,United States,2018,FETCH_FAILED,0
https://nv.ua/style/showbiz/news_shb/okhota-na-vedm-katrin-denev-podpisala-pismo-protiv-dvizhenija-metoo-2444105.html,,2018-01-10 16:15:00 UTC,nv.ua,False,#MeToo,#MeToo [Support],1,1,0,True,Support,News/Reporting,Ukraine,2018,OK,1888
https://www.theage.com.au/world/north-america/witch-hunt-garbage-trump-lashes-out-after-impeachment-announcement-20190925-p52uv7.html,Trump impeachment: President says action is a 'witch hunt' that will help his chances,2019-09-25 06:45:00 UTC,theage.com.au,False,witch hunt,witch hunt [Backlash],1,0,1,False,Backlash,News/Reporting,Australia,2019,OK,4026
https://www.omaha.com/news/nation/despite-metoo-rape-cases-still-confound-police/article_78fb422c-d17d-5d12-922f-6d56c1b68d0f.html,,2018-12-27 15:45:00 UTC,omaha.com,False,#MeToo,#MeToo [Support],1,1,0,True,Support,News/Reporting,United States,2018,FETCH_FAILED,0
http://www.nuevodiarioweb.com.ar/noticias/2018/12/15/178569-guillermina-valdes-se-sumo-al-miracomonosponemos-y-termino-exponiendo-a-tinelli,,2018-12-15 20:30:00 UTC,nuevodiarioweb.com.ar,False,#MiraComoNosPonemos,#MiraComoNosPonemos [Support],1,1,0,True,Support,News/Reporting,Argentina,2018,NO_TEXT,0
https://www.hindustantimes.com/india-news/government-approves-to-set-up-1-023-fast-track-courts-under-nirbhaya-fund/story-IsGm18uipRaOkyBOV6Rt4I.html,,2018-11-17 07:45:00 UTC,hindustantimes.com,False,Nirbhaya,Nirbhaya [Support],1,1,0,False,Support,News/Reporting,India,2018,OK,2172
http://www.straitstimes.com/lifestyle/backlash-against-letter-denouncing-metoo-movement-stealing-a-kiss-is-not-okay,,2018-01-13 17:00:00 UTC,straitstimes.com,False,#MeToo,#MeToo [Support],1,1,0,True,Support,News/Reporting,Singapore,2018,FETCH_FAILED,0
https://www.mid-day.com/articles/mentoo-karan-oberoi-among-several-joins-dharna-at-azad-maidan/21159187,,2019-06-16 05:30:00 UTC,mid-day.com,False,#MenToo,#MenToo [Backlash],1,0,1,True,Backlash,News/Reporting,India,2019,OK,2084
https://www.kvirispalitra.ge/sadgegrdzelod/57883-qneta-mec-ar-gamagizhebdeth-thqvena-daq-avlip-zurabashvilis-mkhiaruli-istoriebi.html,"კვირის პალიტრა -  ""ნეტა მეც არ გამაგიჟებდეთ თქვენა და..."" - ავლიპ ზურაბაშვილის მხიარული ისტორიები",2019-10-19 16:15:00 UTC,kvirispalitra.ge,True,#მეც,#მეც [Support],1,1,0,True,Support,News/Reporting,UNKNOWN,2019,FETCH_FAILED,0
http://www.palpalindia.com/2019/12/13/Delhi-Nirbhaya-case-Patiala-House-Court-hearing-deferred-Supreme-Court-verdict-news-in-hindi-299450.html,"निर्भया केस: पटियाला हाउस कोर्ट ने सुनवाई टाली, कहा-सुप्रीम कोर्ट का फैसला आने दें   news in hindi",2019-12-13 06:30:00 UTC,palpalindia.com,True,Nirbhaya,Nirbhaya [Support],1,1,0,False,Support,News/Reporting,India,2019,NO_TEXT,0
https://www.jutarnji.hr/life/moda-i-ljepota/ispovijest-manekenke-ma-kakav-metoo-ovo-je-veci-tabu-od-seksualnog-uznemiravanja-zbog-svega-sto-mi-se-dogada-odlucila-sam-postati-sponzorusa/7885140/,,2018-09-29 12:15:00 UTC,jutarnji.hr,False,#MeToo,#MeToo [Support],1,1,0,True,Support,News/Reporting,Croatia,2018,FETCH_FAILED,0
https://cisnfm.com/news/4359088/catholic-nuns-sexual-abuse-vatican-metoo/,,2018-07-29 02:15:00 UTC,cisnfm.com,False,#MeToo,#MeToo [Support],1,1,0,True,Support,News/Reporting,UNKNOWN,2018,FETCH_FAILED,0
https://www.eldestapeweb.com/nota/el-chiste-de-una-violacion-que-hizo-estallar-a-ricardo-darin-en-el-dia-internacional-contra-la-violencia-de-genero-201911271040,El chiste de una violación que hizo estallar de risa a Ricardo Darín en el Día Internacional contra la Violencia de Género,2019-11-27 15:45:00 UTC,eldestapeweb.com,True,violencia de género,violencia de género [Support],1,1,0,False,Support,News/Reporting,Argentina,2019,OK,757
https://www.lematin.ch/suisse/Le-Conseil-federal-veut-elargir-la-notion-de-viol-/story/22499329,,2018-02-15 15:00:00 UTC,lematin.ch,False,viol,viol [Support],1,1,0,False,Support,News/Reporting,Switzerland,2018,FETCH_FAILED,0
https://movies.mxdwn.com/news/matt-damon-opines-about-metoo-gets-backlash/,,2017-12-20 02:45:00 UTC,mxdwn.com,False,#MeToo,#MeToo [Support],1,1,0,True,Support,News/Reporting,United States,2017,OK,2661
http://www.wiesbadener-tagblatt.de/vermischtes/vermischtes/metoo-debatte-spaltet-deutschland_18633008.htm,,2018-03-30 08:00:00 UTC,wiesbadener-tagblatt.de,False,#MeToo,#MeToo [Support],1,1,0,True,Support,News/Reporting,Germany,2018,FETCH_FAILED,0
https://guardian.ng/news/fg-opens-register-to-check-violence-against-women/,FG opens register to check violence against women,2019-11-26 04:45:00 UTC,guardian.ng,False,violence against women,violence against women [Support],1,1,0,False,Support,News/Reporting,UNKNOWN,2019,OK,709
https://www.lamanchelibre.fr/actualite-817013-proces-france-telecom-l-entreprise-et-ses-ex-dirigeants-condamnes-pour-harcelement-moral,"Procès France Télécom: l'entreprise et ses ex-dirigeants condamnés pour ""harcèlement moral""",2019-12-20 15:00:00 UTC,lamanchelibre.fr,True,harcèlement,harcèlement [Support],1,1,0,False,Support,News/Reporting,France,2019,OK,2526
http://www.921theticket.com/news/nbcuniversal-says-it-is-releasing-former-employees-from-non-disclosure-agreements-about-sexual-harassment/,NBCUniversal says it is releasing former employees from non-disclosure agreements about sexual harassment,2019-10-26 09:30:00 UTC,921theticket.com,False,sexual harassment,sexual harassment [Support],1,1,0,False,Support,News/Reporting,UNKNOWN,2019,FETCH_FAILED,0
https://www.timesandstar.co.uk/news/national/17278878.metoo-victims-not-helped-by-alarming-attitudes-to-rape-campaigners-say/,,2018-12-06 07:45:00 UTC,timesandstar.co.uk,False,#MeToo,#MeToo [Support],1,1,0,True,Support,News/Reporting,United Kingdom,2018,OK,3004
https://www.descopera.ro/dnews/17504006-gerard-depardieu-anchetat-la-paris-in-urma-unor-acuzatii-de-viol-si-agresiune-sexuala,,2018-09-01 14:00:00 UTC,descopera.ro,False,viol,viol [Support],1,1,0,False,Support,News/Reporting,UNKNOWN,2018,OK,1786
https://www.senenews.com/actualites/viol-denfants-cette-region-du-senegal-qui-bat-le-record_218156.html,,2018-02-09 00:45:00 UTC,senenews.com,False,viol,viol [Support],1,1,0,False,Support,News/Reporting,Senegal,2018,OK,2011
https://www.inquisitr.com/5096923/donald-trump-jr-worries-sons-more-metoo-kavanaugh/,,2018-10-01 16:00:00 UTC,inquisitr.com,False,#MeToo,#MeToo [Support],1,1,0,True,Support,News/Reporting,United States,2018,FETCH_FAILED,0
https://hotcountryb945.iheart.com/content/2018-01-28-2018-grammys-bruno-mars-wins-big-kesha-reps-for-metoo-more-moments/,,2018-01-29 06:15:00 UTC,iheart.com,False,#MeToo,#MeToo [Support],1,1,0,True,Support,News/Reporting,United States,2018,OK,1215
https://hromadske.ua/posts/u-kyievi-pari-zahrozhuie-piat-rokiv-viaznytsi-za-kradizhku-vershkovoho-masla,,2017-10-16 15:45:00 UTC,hromadske.ua,False,masla,masla [Backlash],1,0,1,False,Backlash,News/Reporting,UNKNOWN,2017,OK,1037
https://tn.com.ar/sociedad/puede-un-varon-ser-victima-de-femicidio-y-otras-dudas-de-la-violencia-de-genero_919990,,2018-11-27 20:30:00 UTC,tn.com.ar,False,femicidio,femicidio [Support],1,1,0,False,Support,News/Reporting,Argentina,2018,OK,5931
http://www.canindia.com/kwan-founder-attempts-suicide-after-metoo-allegations/,,2018-10-19 13:45:00 UTC,canindia.com,False,#MeToo,#MeToo [Support],1,1,0,True,Support,News/Reporting,India,2018,FETCH_FAILED,0
http://www.nicematin.com/vie-locale/verbalise-pour-avoir-laisse-passer-la-police-mineur-condamne-pour-tentative-de-viol-hatem-ben-arfa-siffle-voici-votre-brief-info-de-vendredi-soir-260615,,2018-09-14 21:45:00 UTC,nicematin.com,False,viol,viol [Support],1,1,0,False,Support,News/Reporting,France,2018,OK,1009
http://wgrd.com/gene-simmons-collateral-damage-heinous-from-metoo-timesup-movements/,,2018-03-22 20:30:00 UTC,wgrd.com,False,#MeToo | #TimesUp,#MeToo [Support] | #TimesUp [Support],2,2,0,True,Support,News/Reporting,UNKNOWN,2018,OK,2123
http://www.mdjonline.com/entertainment/japanese-actress-accuses-director-starts-metoo-group/article_343d7bcb-b802-5adc-86ea-5be4285070f2.html,,2018-04-27 12:00:00 UTC,mdjonline.com,False,#MeToo,#MeToo [Support],1,1,0,True,Support,News/Reporting,United States,2018,FETCH_FAILED,0
http://www.harnesslink.com/International/SI-SEMALU-TAKES-SLOPPY-SATURDAY-POCONO-FEATURE--LUCK-BE-WITHYOU-RETIRES-TO-STUD,,2017-11-19 09:15:00 UTC,harnesslink.com,False,#WithYou,#WithYou [Support],1,1,0,True,Support,News/Reporting,United States,2017,NO_TEXT,0
https://www.stern.de/lifestyle/leute/-metoo-staatsanwaltschaft-prueft-vorwuerfe-gegen-sylvester-stallone-8124816.html,,2018-06-14 09:45:00 UTC,stern.de,False,#MeToo,#MeToo [Support],1,1,0,True,Support,News/Reporting,Germany,2018,FETCH_FAILED,0
http://www.lokmat.com/bollywood/metoo-piyush-mishra-accused-sexual-harassment/,,2018-10-11 16:45:00 UTC,lokmat.com,False,#MeToo,#MeToo [Support],1,1,0,True,Support,News/Reporting,UNKNOWN,2018,FETCH_FAILED,0
https://www.dn.se/kultur-noje/kulturdebatt/tor-wennerberg-sa-speglar-metoo-kampanjen-den-socialpsykologiska-maktparadoxen/,,2017-11-24 09:15:00 UTC,dn.se,False,#MeToo,#MeToo [Support],1,1,0,True,Support,News/Reporting,Sweden,2017,OK,754
https://www.theage.com.au/national/word-of-the-year-is-a-snapshot-of-our-politically-fraught-times-20191212-p53jas.html,"Dictionary words of year Metoo, cancel culture are snapshots to counter change",2019-12-12 12:30:00 UTC,theage.com.au,False,#MeToo,#MeToo [Support],1,1,0,True,Support,News/Reporting,Australia,2019,OK,3998
https://abc7news.com/harvey-weinsteins-new-lawyer-says-he-was-railroaded-by-metoo-movement/5389161/,,2019-07-11 18:45:00 UTC,abc7news.com,False,#MeToo,#MeToo [Support],1,1,0,True,Support,News/Reporting,United States,2019,OK,1761
https://www.ziare-pe-net.ro/stiri/interlop-avansuri-la-sotiile-cunoscutilor-si-viol-in-grup-i-au-facut-portretul-profului-acuzat-de-viol-6016420.html,,2018-09-21 10:30:00 UTC,ziare-pe-net.ro,False,viol,viol [Support],1,1,0,False,Support,News/Reporting,Romania,2018,FETCH_FAILED,0
https://news.yahoo.com/metoo-forces-mario-batali-food-201925821.html,,2019-03-07 18:00:00 UTC,yahoo.com,False,#MeToo,#MeToo [Support],1,1,0,True,Support,News/Reporting,United States,2019,TOO_SHORT,349
http://www.rfi.fr/emission/20191029-japonaises-reclament-durcissement-loi-violences-sexuelles,Les Japonaises réclament un durcissement de la loi sur les violences sexuelles,2019-10-29 06:45:00 UTC,rfi.fr,True,violences sexuelles,violences sexuelles [Support],1,1,0,False,Support,News/Reporting,France,2019,OK,1031
http://www.caradisiac.com/sexisme-dans-le-monde-automobile-les-cliches-ont-la-vie-dure-166359.htm,,2018-02-21 12:45:00 UTC,caradisiac.com,False,sexisme,sexisme [Support],1,1,0,False,Support,News/Reporting,France,2018,OK,4504
