keyword_country,keyword_raw,keyword,kw_match,kw_match_lower,is_hashtag,is_ascii,is_cjk,stance_original,stance_primary,notes,context,match_mode,regex_pattern
Global,#AidToo,#AidToo,AidToo,aidtoo,True,True,False,Support,Support,,"2018, after Oxfam Haiti sexual exploitation scandal; abuse in the humanitarian sector.",regex,(?:^|[^\p{L}\p{N}_])aidtoo(?:[^\p{L}\p{N}_]|$)
Global,#BelieveWomen / #BelieveSurvivors,#BelieveWomen,BelieveWomen,believewomen,True,True,False,Support,Support,,"Solidarity tags; note critics use the strawman variant #BelieveAllWomen mockingly, so that variant skews backlash.",regex,(?:^|[^\p{L}\p{N}_])believewomen(?:[^\p{L}\p{N}_]|$)
Global,#BelieveWomen / #BelieveSurvivors,#BelieveSurvivors,BelieveSurvivors,believesurvivors,True,True,False,Support,Support,,"Solidarity tags; note critics use the strawman variant #BelieveAllWomen mockingly, so that variant skews backlash.",regex,(?:^|[^\p{L}\p{N}_])believesurvivors(?:[^\p{L}\p{N}_]|$)
Global,#ChurchToo,#ChurchToo,ChurchToo,churchtoo,True,True,False,Support,Support,,"Nov 2017, Emily Joy and Hannah Paasch; abuse in (mainly evangelical) churches. Strong uptake in US and Nigeria.",regex,(?:^|[^\p{L}\p{N}_])churchtoo(?:[^\p{L}\p{N}_]|$)
Global,#GymnastAlliance,#GymnastAlliance,GymnastAlliance,gymnastalliance,True,True,False,Support,Support,,"July 2020, gymnasts (starting in UK) disclosing abusive coaching; spread internationally; follows US Larry Nassar case.",regex,(?:^|[^\p{L}\p{N}_])gymnastalliance(?:[^\p{L}\p{N}_]|$)
Global,#HimToo,#HimToo,HimToo,himtoo,True,True,False,Backlash / Ambiguous,Backlash,,Multiple meanings over time; peaked Oct 2018 (Kavanaugh) as a men-fear-false-accusations meme after a mother's tweet about her son Pieter Hanson; Hanson repudiated it and the tag was flooded with satire (#ThatWasMyMom). Treat as predominantly backlash but heavily satirical in practice - critical for stance labeling.,regex,(?:^|[^\p{L}\p{N}_])himtoo(?:[^\p{L}\p{N}_]|$)
Global,#IHave / #IDidThat,#IHave,IHave,ihave,True,True,False,Support,Support,,Men acknowledging past behavior in response to MeToo.,regex,(?:^|[^\p{L}\p{N}_])ihave(?:[^\p{L}\p{N}_]|$)
Global,#IHave / #IDidThat,#IDidThat,IDidThat,ididthat,True,True,False,Support,Support,,Men acknowledging past behavior in response to MeToo.,regex,(?:^|[^\p{L}\p{N}_])ididthat(?:[^\p{L}\p{N}_]|$)
Global,#MeToo,#MeToo,MeToo,metoo,True,True,False,Support,Support,,Coined by Tarana Burke (2006); went viral 15 Oct 2017 via Alyssa Milano tweet after Harvey Weinstein exposes (NYT/New Yorker).,regex,(?:^|[^\p{L}\p{N}_])metoo(?:[^\p{L}\p{N}_]|$)
Global,#MeTooEP,#MeTooEP,MeTooEP,metooep,True,True,False,Support,Support,,"Oct 2017+, staffers exposing harassment inside the European Parliament.",regex,(?:^|[^\p{L}\p{N}_])metooep(?:[^\p{L}\p{N}_]|$)
Global,#MeTooSTEM,#MeTooSTEM,MeTooSTEM,metoostem,True,True,False,Support,Support,,"2018+, harassment in science/academia (BethAnn McLaughlin).",regex,(?:^|[^\p{L}\p{N}_])metoostem(?:[^\p{L}\p{N}_]|$)
Global,#MenToo,#MenToo,MenToo,mentoo,True,True,False,Backlash,Backlash,,Men's-rights framing positioning men as the movement's victims; especially prominent in India from 2019.,regex,(?:^|[^\p{L}\p{N}_])mentoo(?:[^\p{L}\p{N}_]|$)
Global,#MosqueMeToo,#MosqueMeToo,MosqueMeToo,mosquemetoo,True,True,False,Support,Support,,"Feb 2018, Mona Eltahawy; harassment during hajj and in Muslim spaces.",regex,(?:^|[^\p{L}\p{N}_])mosquemetoo(?:[^\p{L}\p{N}_]|$)
Global,#NotAllMen,#NotAllMen,NotAllMen,notallmen,True,True,False,Backlash,Backlash,,Deflection meme predating MeToo; spikes alongside every national wave.,regex,(?:^|[^\p{L}\p{N}_])notallmen(?:[^\p{L}\p{N}_]|$)
Global,#ProtectOurBoys,#ProtectOurBoys,ProtectOurBoys,protectourboys,True,True,False,Backlash,Backlash,,Kavanaugh-era backlash framing sons as at risk from false accusations.,regex,(?:^|[^\p{L}\p{N}_])protectourboys(?:[^\p{L}\p{N}_]|$)
Global,#ThatWasMyMom,#ThatWasMyMom,ThatWasMyMom,thatwasmymom,True,True,False,Ambiguous / Satire of Backlash,Ambiguous,,Pieter Hanson's viral debunk of his mother's #HimToo tweet; marker of the satirical wave inside #HimToo traffic.,regex,(?:^|[^\p{L}\p{N}_])thatwasmymom(?:[^\p{L}\p{N}_]|$)
Global,#TimesUp,#TimesUp,TimesUp,timesup,True,True,False,Support,Support,,Jan 2018 Hollywood-launched legal defense fund and campaign against workplace harassment.,regex,(?:^|[^\p{L}\p{N}_])timesup(?:[^\p{L}\p{N}_]|$)
Global,#WhyIDidntReport,#WhyIDidntReport,WhyIDidntReport,whyididntreport,True,True,False,Support,Support,,"Sept 2018, response to Trump questioning why Christine Blasey Ford waited to report (Kavanaugh hearings).",regex,(?:^|[^\p{L}\p{N}_])whyididntreport(?:[^\p{L}\p{N}_]|$)
Global,#WhyIStayed,#WhyIStayed,WhyIStayed,whyistayed,True,True,False,Support,Support,,2014 precursor on domestic violence (Ray Rice case).,regex,(?:^|[^\p{L}\p{N}_])whyistayed(?:[^\p{L}\p{N}_]|$)
Global,#YesAllWomen,#YesAllWomen,YesAllWomen,yesallwomen,True,True,False,Support,Support,,2014 precursor (post-Isla Vista killings); ubiquity of misogyny/harassment.,regex,(?:^|[^\p{L}\p{N}_])yesallwomen(?:[^\p{L}\p{N}_]|$)
Global,false accusations / due process,false accusations,false accusations,false accusations,False,True,False,Backlash,Backlash,,Core backlash vocabulary in commentary and legal-pushback coverage.,regex,(?:^|[^\p{L}\p{N}_])false\ accusations(?:[^\p{L}\p{N}_]|$)
Global,false accusations / due process,due process,due process,due process,False,True,False,Backlash,Backlash,,Core backlash vocabulary in commentary and legal-pushback coverage.,regex,(?:^|[^\p{L}\p{N}_])due\ process(?:[^\p{L}\p{N}_]|$)
Global,witch hunt / #WitchHunt,witch hunt,witch hunt,witch hunt,False,True,False,Backlash,Backlash,,"Dominant backlash frame in op-eds worldwide (local equivalents: caccia alle streghe, Hexenjagd, chasse aux sorcieres, okhota na vedm).",regex,(?:^|[^\p{L}\p{N}_])witch\ hunt(?:[^\p{L}\p{N}_]|$)
Global,witch hunt / #WitchHunt,#WitchHunt,WitchHunt,witchhunt,True,True,False,Backlash,Backlash,,"Dominant backlash frame in op-eds worldwide (local equivalents: caccia alle streghe, Hexenjagd, chasse aux sorcieres, okhota na vedm).",regex,(?:^|[^\p{L}\p{N}_])witchhunt(?:[^\p{L}\p{N}_]|$)
Latin America,#ConMisHijosNoTeMetas,#ConMisHijosNoTeMetas,ConMisHijosNoTeMetas,conmishijosnotemetas,True,True,False,Backlash,Backlash,,Translates to 'Don't mess with my children' - a broader anti-gender-ideology tag used to push back against feminist initiatives.,regex,(?:^|[^\p{L}\p{N}_])conmishijosnotemetas(?:[^\p{L}\p{N}_]|$)
Afghanistan,#HimToo,#HimToo,HimToo,himtoo,True,True,False,Backlash / Counter,Backlash,,Major counter-/backlash hashtag that recast #MeToo through false-accusation or accused-men-as-victims narratives; included as a global backlash search term. Translation/Gloss: Him too.,regex,(?:^|[^\p{L}\p{N}_])himtoo(?:[^\p{L}\p{N}_]|$)
Afghanistan,#MeToo,#MeToo,MeToo,metoo,True,True,False,Support / Global Localized,Support,,Afghanistan: #MeToo spread but women reporting harassment faced high safety risks; local searches often rely on global #MeToo plus Dari/Pashto terms.,regex,(?:^|[^\p{L}\p{N}_])metoo(?:[^\p{L}\p{N}_]|$)
Afghanistan,#MeTooAfghanistan,#MeTooAfghanistan,MeTooAfghanistan,metooafghanistan,True,True,False,Support,Support,,Limited wave 2018 around harassment allegations in government offices; 2018-19 Afghanistan Football Federation scandal (president Keramuddin Karim banned by FIFA for abusing women players).,regex,(?:^|[^\p{L}\p{N}_])metooafghanistan(?:[^\p{L}\p{N}_]|$)
Afghanistan,#من_هم,#من_هم,من_هم,من_هم,True,False,False,Support / Translation,Support,,Persian/Dari equivalent of #MeToo. Translation/Gloss: Me too.,substr,
Afghanistan,Keramuddin Karim,Keramuddin Karim,Keramuddin Karim,keramuddin karim,False,True,False,Support / Case,Support,,AFF president accused of sexually abusing national-team players; FIFA life ban 2019.,regex,(?:^|[^\p{L}\p{N}_])keramuddin\ karim(?:[^\p{L}\p{N}_]|$)
Afghanistan,آزار جنسی,آزار جنسی,آزار جنسی,آزار جنسی,False,False,False,Support / Generic Term,Support,,'Sexual harassment' - corpus-recall term for Dari/Persian coverage.,substr,
Afghanistan,آزار_جنسی,آزار_جنسی,آزار_جنسی,آزار_جنسی,False,False,False,Support / Search Term,Support,,Persian/Dari publication/search keyword. Translation/Gloss: sexual harassment/sexual abuse.,substr,
Åland Islands,#HimToo,#HimToo,HimToo,himtoo,True,True,False,Backlash / Counter,Backlash,,Major counter-/backlash hashtag that recast #MeToo through false-accusation or accused-men-as-victims narratives; included as a global backlash search term. Translation/Gloss: Him too.,regex,(?:^|[^\p{L}\p{N}_])himtoo(?:[^\p{L}\p{N}_]|$)
Åland Islands,#MeToo,#MeToo,MeToo,metoo,True,True,False,Support / Global,Support,,Baseline global #MeToo hashtag; included for every country/territory as the common cross-border search term. Translation/Gloss: Me too.,regex,(?:^|[^\p{L}\p{N}_])metoo(?:[^\p{L}\p{N}_]|$)
Åland Islands,#tystnadtagning,#tystnadtagning,tystnadtagning,tystnadtagning,True,True,False,Support / Sectoral,Support,,"Swedish theatre/film sector hashtag, the first joint Swedish #MeToo call. Translation/Gloss: silent shoot.",regex,(?:^|[^\p{L}\p{N}_])tystnadtagning(?:[^\p{L}\p{N}_]|$)
Åland Islands,sexuella trakasserier,sexuella trakasserier,sexuella trakasserier,sexuella trakasserier,False,True,False,Support / Search Term,Support,,Swedish publication/search keyword. Translation/Gloss: sexual harassment.,regex,(?:^|[^\p{L}\p{N}_])sexuella\ trakasserier(?:[^\p{L}\p{N}_]|$)
Albania,#EdheUnë,#EdheUnë,EdheUnë,edheunë,True,False,False,Support / Translation,Support,,Albanian equivalent of #MeToo. Translation/Gloss: Me too.,regex,(?:^|[^\p{L}\p{N}_])edheunë(?:[^\p{L}\p{N}_]|$)
Albania,#HimToo,#HimToo,HimToo,himtoo,True,True,False,Backlash / Counter,Backlash,,Major counter-/backlash hashtag that recast #MeToo through false-accusation or accused-men-as-victims narratives; included as a global backlash search term. Translation/Gloss: Him too.,regex,(?:^|[^\p{L}\p{N}_])himtoo(?:[^\p{L}\p{N}_]|$)
Albania,#MeToo,#MeToo,MeToo,metoo,True,True,False,Support / Global,Support,,Baseline global #MeToo hashtag; included for every country/territory as the common cross-border search term. Translation/Gloss: Me too.,regex,(?:^|[^\p{L}\p{N}_])metoo(?:[^\p{L}\p{N}_]|$)
Albania,ngacmim seksual,ngacmim seksual,ngacmim seksual,ngacmim seksual,False,True,False,Support / Generic Term,Support,,'Sexual harassment'; no distinctive national hashtag wave documented - generic #MeToo used.,regex,(?:^|[^\p{L}\p{N}_])ngacmim\ seksual(?:[^\p{L}\p{N}_]|$)
Algeria,#HimToo,#HimToo,HimToo,himtoo,True,True,False,Backlash / Counter,Backlash,,Major counter-/backlash hashtag that recast #MeToo through false-accusation or accused-men-as-victims narratives; included as a global backlash search term. Translation/Gloss: Him too.,regex,(?:^|[^\p{L}\p{N}_])himtoo(?:[^\p{L}\p{N}_]|$)
Algeria,#JusticePourChaima / #كلنا_شيماء,#JusticePourChaima,JusticePourChaima,justicepourchaima,True,True,False,Support,Support,,Oct 2020: rape and murder of 19-year-old Chaima sparked national outrage and anti-femicide mobilization ('we are all Chaima').,regex,(?:^|[^\p{L}\p{N}_])justicepourchaima(?:[^\p{L}\p{N}_]|$)
Algeria,#JusticePourChaima / #كلنا_شيماء,#كلنا_شيماء,كلنا_شيماء,كلنا_شيماء,True,False,False,Support,Support,,Oct 2020: rape and murder of 19-year-old Chaima sparked national outrage and anti-femicide mobilization ('we are all Chaima').,substr,
Algeria,#MeToo,#MeToo,MeToo,metoo,True,True,False,Support / Global,Support,,Baseline global #MeToo hashtag; included for every country/territory as the common cross-border search term. Translation/Gloss: Me too.,regex,(?:^|[^\p{L}\p{N}_])metoo(?:[^\p{L}\p{N}_]|$)
Algeria,#MosqueMeToo,#MosqueMeToo,MosqueMeToo,mosquemetoo,True,True,False,Support / Adjacent,Support,,"Hashtag for Muslim women's accounts of harassment/abuse during Hajj, in mosques, or in religious spaces. Translation/Gloss: MeToo in mosque/Hajj contexts.",regex,(?:^|[^\p{L}\p{N}_])mosquemetoo(?:[^\p{L}\p{N}_]|$)
Algeria,#أنا_أيضا,#أنا_أيضا,أنا_أيضا,أنا_أيضا,True,False,False,Support / Translation,Support,,Formal Arabic equivalent of #MeToo. Translation/Gloss: Me too / I also.,substr,
Algeria,#أنا_كمان,#أنا_كمان,أنا_كمان,أنا_كمان,True,False,False,Support / Translation,Support,,Arabic #MeToo counterpart used across Arabic-speaking social media. Translation/Gloss: Me too.,substr,
Algeria,Féminicides Algérie,Féminicides Algérie,Féminicides Algérie,féminicides algérie,False,False,False,Support,Support,,Activist femicide-counting project; central node of Algerian coverage of violence against women.,regex,(?:^|[^\p{L}\p{N}_])féminicides\ algérie(?:[^\p{L}\p{N}_]|$)
Algeria,التحرش_الجنسي,التحرش_الجنسي,التحرش_الجنسي,التحرش_الجنسي,False,False,False,Support / Search Term,Support,,Arabic publication/search keyword. Translation/Gloss: sexual harassment.,substr,
Algeria,العنف_ضد_المرأة,العنف_ضد_المرأة,العنف_ضد_المرأة,العنف_ضد_المرأة,False,False,False,Support / Search Term,Support,,Arabic publication/search keyword. Translation/Gloss: violence against women.,substr,
American Samoa,#HimToo,#HimToo,HimToo,himtoo,True,True,False,Backlash / Counter,Backlash,,Major counter-/backlash hashtag that recast #MeToo through false-accusation or accused-men-as-victims narratives; included as a global backlash search term. Translation/Gloss: Him too.,regex,(?:^|[^\p{L}\p{N}_])himtoo(?:[^\p{L}\p{N}_]|$)
American Samoa,#MeToo,#MeToo,MeToo,metoo,True,True,False,Support / Global,Support,,Baseline global #MeToo hashtag; included for every country/territory as the common cross-border search term. Translation/Gloss: Me too.,regex,(?:^|[^\p{L}\p{N}_])metoo(?:[^\p{L}\p{N}_]|$)
Andorra,#HimToo,#HimToo,HimToo,himtoo,True,True,False,Backlash / Counter,Backlash,,Major counter-/backlash hashtag that recast #MeToo through false-accusation or accused-men-as-victims narratives; included as a global backlash search term. Translation/Gloss: Him too.,regex,(?:^|[^\p{L}\p{N}_])himtoo(?:[^\p{L}\p{N}_]|$)
Andorra,#MeToo,#MeToo,MeToo,metoo,True,True,False,Support / Global,Support,,Baseline global #MeToo hashtag; included for every country/territory as the common cross-border search term. Translation/Gloss: Me too.,regex,(?:^|[^\p{L}\p{N}_])metoo(?:[^\p{L}\p{N}_]|$)
Andorra,#YoTambién / #JoTambé / #BalanceTonPorc,#YoTambién,YoTambién,yotambién,True,False,False,Support,Support,,No distinct national movement; Catalan/Spanish/French tags circulate given media sphere.,regex,(?:^|[^\p{L}\p{N}_])yotambién(?:[^\p{L}\p{N}_]|$)
Andorra,#YoTambién / #JoTambé / #BalanceTonPorc,#JoTambé,JoTambé,jotambé,True,False,False,Support,Support,,No distinct national movement; Catalan/Spanish/French tags circulate given media sphere.,regex,(?:^|[^\p{L}\p{N}_])jotambé(?:[^\p{L}\p{N}_]|$)
Andorra,#YoTambién / #JoTambé / #BalanceTonPorc,#BalanceTonPorc,BalanceTonPorc,balancetonporc,True,True,False,Support,Support,,No distinct national movement; Catalan/Spanish/French tags circulate given media sphere.,regex,(?:^|[^\p{L}\p{N}_])balancetonporc(?:[^\p{L}\p{N}_]|$)
Angola,#ChegaDeFiuFiu,#ChegaDeFiuFiu,ChegaDeFiuFiu,chegadefiufiu,True,True,False,Support / Adjacent,Support,,Brazil-origin anti-street-harassment campaign; relevant for Portuguese-language searches. Translation/Gloss: Enough with catcalling.,regex,(?:^|[^\p{L}\p{N}_])chegadefiufiu(?:[^\p{L}\p{N}_]|$)
Angola,#EuTambém,#EuTambém,EuTambém,eutambém,True,False,False,Support / Translation,Support,,Portuguese equivalent of #MeToo. Translation/Gloss: Me too.,regex,(?:^|[^\p{L}\p{N}_])eutambém(?:[^\p{L}\p{N}_]|$)
Angola,#HimToo,#HimToo,HimToo,himtoo,True,True,False,Backlash / Counter,Backlash,,Major counter-/backlash hashtag that recast #MeToo through false-accusation or accused-men-as-victims narratives; included as a global backlash search term. Translation/Gloss: Him too.,regex,(?:^|[^\p{L}\p{N}_])himtoo(?:[^\p{L}\p{N}_]|$)
Angola,#MeToo,#MeToo,MeToo,metoo,True,True,False,Support / Global,Support,,Baseline global #MeToo hashtag; included for every country/territory as the common cross-border search term. Translation/Gloss: Me too.,regex,(?:^|[^\p{L}\p{N}_])metoo(?:[^\p{L}\p{N}_]|$)
Angola,#PrimeiroAssédio,#PrimeiroAssédio,PrimeiroAssédio,primeiroassédio,True,False,False,Support / Adjacent,Support,,Brazil-origin hashtag where women shared first harassment experiences. Translation/Gloss: First harassment.,regex,(?:^|[^\p{L}\p{N}_])primeiroassédio(?:[^\p{L}\p{N}_]|$)
Angola,assédio sexual,assédio sexual,assédio sexual,assédio sexual,False,False,False,Support / Generic Term,Support,,No documented national hashtag movement; generic Portuguese term for recall.,regex,(?:^|[^\p{L}\p{N}_])assédio\ sexual(?:[^\p{L}\p{N}_]|$)
Anguilla,#BelieveWomen,#BelieveWomen,BelieveWomen,believewomen,True,True,False,Support / Solidarity,Support,,Survivor-belief and anti-victim-blaming phrase used in #MeToo-related discourse. Translation/Gloss: Believe women.,regex,(?:^|[^\p{L}\p{N}_])believewomen(?:[^\p{L}\p{N}_]|$)
Anguilla,#HimToo,#HimToo,HimToo,himtoo,True,True,False,Backlash / Counter,Backlash,,Major counter-/backlash hashtag that recast #MeToo through false-accusation or accused-men-as-victims narratives; included as a global backlash search term. Translation/Gloss: Him too.,regex,(?:^|[^\p{L}\p{N}_])himtoo(?:[^\p{L}\p{N}_]|$)
Anguilla,#MeToo,#MeToo,MeToo,metoo,True,True,False,Support / Global,Support,,Baseline global #MeToo hashtag; included for every country/territory as the common cross-border search term. Translation/Gloss: Me too.,regex,(?:^|[^\p{L}\p{N}_])metoo(?:[^\p{L}\p{N}_]|$)
Anguilla,#TimesUp,#TimesUp,TimesUp,timesup,True,True,False,Support / Solidarity,Support,,Transnational accountability and anti-harassment hashtag frequently paired with #MeToo. Translation/Gloss: Time is up.,regex,(?:^|[^\p{L}\p{N}_])timesup(?:[^\p{L}\p{N}_]|$)
Anguilla,sexual harassment,sexual harassment,sexual harassment,sexual harassment,False,True,False,Support / Search Term,Support,,English search keyword for #MeToo-related social-media and publication searches. Translation/Gloss: sexual harassment.,regex,(?:^|[^\p{L}\p{N}_])sexual\ harassment(?:[^\p{L}\p{N}_]|$)
Anguilla,violence against women,violence against women,violence against women,violence against women,False,True,False,Support / Search Term,Support,,English search keyword for adjacent #MeToo and gender-based violence coverage. Translation/Gloss: violence against women.,regex,(?:^|[^\p{L}\p{N}_])violence\ against\ women(?:[^\p{L}\p{N}_]|$)
Antarctica,#HimToo,#HimToo,HimToo,himtoo,True,True,False,Backlash / Counter,Backlash,,Major counter-/backlash hashtag that recast #MeToo through false-accusation or accused-men-as-victims narratives; included as a global backlash search term. Translation/Gloss: Him too.,regex,(?:^|[^\p{L}\p{N}_])himtoo(?:[^\p{L}\p{N}_]|$)
Antarctica,#MeToo,#MeToo,MeToo,metoo,True,True,False,Support / Global,Support,,Baseline global #MeToo hashtag; included for every country/territory as the common cross-border search term. Translation/Gloss: Me too.,regex,(?:^|[^\p{L}\p{N}_])metoo(?:[^\p{L}\p{N}_]|$)
Antigua and Barbuda,#BelieveWomen,#BelieveWomen,BelieveWomen,believewomen,True,True,False,Support / Solidarity,Support,,Survivor-belief and anti-victim-blaming phrase used in #MeToo-related discourse. Translation/Gloss: Believe women.,regex,(?:^|[^\p{L}\p{N}_])believewomen(?:[^\p{L}\p{N}_]|$)
Antigua and Barbuda,#HimToo,#HimToo,HimToo,himtoo,True,True,False,Backlash / Counter,Backlash,,Major counter-/backlash hashtag that recast #MeToo through false-accusation or accused-men-as-victims narratives; included as a global backlash search term. Translation/Gloss: Him too.,regex,(?:^|[^\p{L}\p{N}_])himtoo(?:[^\p{L}\p{N}_]|$)
Antigua and Barbuda,#LifeInLeggings,#LifeInLeggings,LifeInLeggings,lifeinleggings,True,True,False,Support,Support,,"Caribbean movement founded in Barbados (Nov 2016, Ronelle King) documenting everyday harassment; spread across the anglophone Caribbean.",regex,(?:^|[^\p{L}\p{N}_])lifeinleggings(?:[^\p{L}\p{N}_]|$)
Antigua and Barbuda,#MeToo,#MeToo,MeToo,metoo,True,True,False,Support / Global,Support,,Baseline global #MeToo hashtag; included for every country/territory as the common cross-border search term. Translation/Gloss: Me too.,regex,(?:^|[^\p{L}\p{N}_])metoo(?:[^\p{L}\p{N}_]|$)
Antigua and Barbuda,#TimesUp,#TimesUp,TimesUp,timesup,True,True,False,Support / Solidarity,Support,,Transnational accountability and anti-harassment hashtag frequently paired with #MeToo. Translation/Gloss: Time is up.,regex,(?:^|[^\p{L}\p{N}_])timesup(?:[^\p{L}\p{N}_]|$)
Antigua and Barbuda,sexual harassment,sexual harassment,sexual harassment,sexual harassment,False,True,False,Support / Search Term,Support,,English search keyword for #MeToo-related social-media and publication searches. Translation/Gloss: sexual harassment.,regex,(?:^|[^\p{L}\p{N}_])sexual\ harassment(?:[^\p{L}\p{N}_]|$)
Antigua and Barbuda,violence against women,violence against women,violence against women,violence against women,False,True,False,Support / Search Term,Support,,English search keyword for adjacent #MeToo and gender-based violence coverage. Translation/Gloss: violence against women.,regex,(?:^|[^\p{L}\p{N}_])violence\ against\ women(?:[^\p{L}\p{N}_]|$)
Argentina,#Cuéntalo,#Cuéntalo,Cuéntalo,cuéntalo,True,False,False,Support / Adjacent,Support,,Spanish testimony hashtag associated especially with Spain and the La Manada reckoning; useful across Spanish-language searches. Translation/Gloss: Tell it / tell your story.,regex,(?:^|[^\p{L}\p{N}_])cuéntalo(?:[^\p{L}\p{N}_]|$)
Argentina,#HimToo,#HimToo,HimToo,himtoo,True,True,False,Backlash / Counter,Backlash,,Major counter-/backlash hashtag that recast #MeToo through false-accusation or accused-men-as-victims narratives; included as a global backlash search term. Translation/Gloss: Him too.,regex,(?:^|[^\p{L}\p{N}_])himtoo(?:[^\p{L}\p{N}_]|$)
Argentina,#MeToo,#MeToo,MeToo,metoo,True,True,False,Support / Global,Support,,Baseline global #MeToo hashtag; included for every country/territory as the common cross-border search term. Translation/Gloss: Me too.,regex,(?:^|[^\p{L}\p{N}_])metoo(?:[^\p{L}\p{N}_]|$)
Argentina,#MiraComoNosPonemos,#MiraComoNosPonemos,MiraComoNosPonemos,miracomonosponemos,True,True,False,Support / Solidarity,Support,,Argentina: mass solidarity slogan after Thelma Fardin accused actor Juan Darthes of rape; the case became a landmark Argentine #MeToo moment. Translation/Gloss: Look how we get / this is how we react.,regex,(?:^|[^\p{L}\p{N}_])miracomonosponemos(?:[^\p{L}\p{N}_]|$)
Argentina,#MiráCómoNosPonemos,#MiráCómoNosPonemos,MiráCómoNosPonemos,mirácómonosponemos,True,False,False,Support,Support,,Translates to 'Look how you make us'.,regex,(?:^|[^\p{L}\p{N}_])mirácómonosponemos(?:[^\p{L}\p{N}_]|$)
Argentina,#NiUnaMenos,#NiUnaMenos,NiUnaMenos,niunamenos,True,True,False,Support / Adjacent,Support,,Latin American movement against femicide and violence against women; often overlaps with #MeToo-adjacent activism. Translation/Gloss: Not one woman less.,regex,(?:^|[^\p{L}\p{N}_])niunamenos(?:[^\p{L}\p{N}_]|$)
Argentina,#YoSíTeCreo,#YoSíTeCreo,YoSíTeCreo,yosítecreo,True,False,False,Support / Solidarity,Support,,Spanish solidarity tag/phrase used around sexual-violence testimony and belief of survivors. Translation/Gloss: I do believe you.,regex,(?:^|[^\p{L}\p{N}_])yosítecreo(?:[^\p{L}\p{N}_]|$)
Argentina,#YoTambién,#YoTambién,YoTambién,yotambién,True,False,False,Support / Translation,Support,,Spanish-language equivalent of #MeToo; documented in global/regional lists. Translation/Gloss: Me too.,regex,(?:^|[^\p{L}\p{N}_])yotambién(?:[^\p{L}\p{N}_]|$)
Argentina,#YoTeCreo / #NoEsNo / #VivasNosQueremos,#YoTeCreo,YoTeCreo,yotecreo,True,True,False,Support,Support,,Solidarity and anti-violence tags used alongside NiUnaMenos.,regex,(?:^|[^\p{L}\p{N}_])yotecreo(?:[^\p{L}\p{N}_]|$)
Argentina,#YoTeCreo / #NoEsNo / #VivasNosQueremos,#NoEsNo,NoEsNo,noesno,True,True,False,Support,Support,,Solidarity and anti-violence tags used alongside NiUnaMenos.,regex,(?:^|[^\p{L}\p{N}_])noesno(?:[^\p{L}\p{N}_]|$)
Argentina,#YoTeCreo / #NoEsNo / #VivasNosQueremos,#VivasNosQueremos,VivasNosQueremos,vivasnosqueremos,True,True,False,Support,Support,,Solidarity and anti-violence tags used alongside NiUnaMenos.,regex,(?:^|[^\p{L}\p{N}_])vivasnosqueremos(?:[^\p{L}\p{N}_]|$)
Argentina,acoso sexual,acoso sexual,acoso sexual,acoso sexual,False,True,False,Support / Search Term,Support,,Spanish publication/search keyword. Translation/Gloss: sexual harassment.,regex,(?:^|[^\p{L}\p{N}_])acoso\ sexual(?:[^\p{L}\p{N}_]|$)
Argentina,feminazi,feminazi,feminazi,feminazi,False,True,False,Backlash,Backlash,,Pan-Hispanic derogatory label for feminists; standard backlash marker in es-language coverage.,regex,(?:^|[^\p{L}\p{N}_])feminazi(?:[^\p{L}\p{N}_]|$)
Armenia,#HimToo,#HimToo,HimToo,himtoo,True,True,False,Backlash / Counter,Backlash,,Major counter-/backlash hashtag that recast #MeToo through false-accusation or accused-men-as-victims narratives; included as a global backlash search term. Translation/Gloss: Him too.,regex,(?:^|[^\p{L}\p{N}_])himtoo(?:[^\p{L}\p{N}_]|$)
Armenia,#MeToo,#MeToo,MeToo,metoo,True,True,False,Support / Global,Support,,Baseline global #MeToo hashtag; included for every country/territory as the common cross-border search term. Translation/Gloss: Me too.,regex,(?:^|[^\p{L}\p{N}_])metoo(?:[^\p{L}\p{N}_]|$)
Armenia,#Բռնության_ձայնը (Brnutyan Dzayne),#Բռնության_ձայնը (Brnutyan Dzayne),Բռնության_ձայնը (Brnutyan Dzayne),բռնության_ձայնը (brnutyan dzayne),True,False,False,Support,Support,,"'Voices of Violence', July 2019: after Hetq published a Czech woman's assault account, journalist Lucy Kocharyan published anonymous survivor stories; called Armenia's MeToo.",regex,(?:^|[^\p{L}\p{N}_])բռնության_ձայնը\ \(brnutyan\ dzayne\)(?:[^\p{L}\p{N}_]|$)
Armenia,#ԵսԷլ,#ԵսԷլ,ԵսԷլ,եսէլ,True,False,False,Support / Translation,Support,,Armenian equivalent of #MeToo. Translation/Gloss: Me too.,substr,
Armenia,Ստամբուլյան կոնվենցիա (Istanbul Convention),Ստամբուլյան կոնվենցիա (Istanbul Convention),Ստամբուլյան կոնվենցիա (Istanbul Convention),ստամբուլյան կոնվենցիա (istanbul convention),False,False,False,Backlash / Context,Backlash,,Backlash claimed the campaign faked stories to push Istanbul Convention ratification; conservative anti-convention discourse is the main counter-frame.,regex,(?:^|[^\p{L}\p{N}_])ստամբուլյան\ կոնվենցիա\ \(istanbul\ convention\)(?:[^\p{L}\p{N}_]|$)
Armenia,սեռական ոտնձգություն,սեռական ոտնձգություն,սեռական ոտնձգություն,սեռական ոտնձգություն,False,False,False,Support / Search Term,Support,,Armenian publication/search keyword. Translation/Gloss: sexual harassment.,substr,
Aruba,#HimToo,#HimToo,HimToo,himtoo,True,True,False,Backlash / Counter,Backlash,,Major counter-/backlash hashtag that recast #MeToo through false-accusation or accused-men-as-victims narratives; included as a global backlash search term. Translation/Gloss: Him too.,regex,(?:^|[^\p{L}\p{N}_])himtoo(?:[^\p{L}\p{N}_]|$)
Aruba,#IkOok,#IkOok,IkOok,ikook,True,True,False,Support / Translation,Support,,Dutch equivalent of #MeToo. Translation/Gloss: Me too.,regex,(?:^|[^\p{L}\p{N}_])ikook(?:[^\p{L}\p{N}_]|$)
Aruba,#MeToo,#MeToo,MeToo,metoo,True,True,False,Support / Global,Support,,Baseline global #MeToo hashtag; included for every country/territory as the common cross-border search term. Translation/Gloss: Me too.,regex,(?:^|[^\p{L}\p{N}_])metoo(?:[^\p{L}\p{N}_]|$)
Aruba,seksuele intimidatie,seksuele intimidatie,seksuele intimidatie,seksuele intimidatie,False,True,False,Support / Search Term,Support,,Dutch publication/search keyword. Translation/Gloss: sexual harassment.,regex,(?:^|[^\p{L}\p{N}_])seksuele\ intimidatie(?:[^\p{L}\p{N}_]|$)
Australia,#BelieveWomen,#BelieveWomen,BelieveWomen,believewomen,True,True,False,Support / Solidarity,Support,,Survivor-belief and anti-victim-blaming phrase used in #MeToo-related discourse. Translation/Gloss: Believe women.,regex,(?:^|[^\p{L}\p{N}_])believewomen(?:[^\p{L}\p{N}_]|$)
Australia,#HimToo,#HimToo,HimToo,himtoo,True,True,False,Backlash / Counter,Backlash,,Major counter-/backlash hashtag that recast #MeToo through false-accusation or accused-men-as-victims narratives; included as a global backlash search term. Translation/Gloss: Him too.,regex,(?:^|[^\p{L}\p{N}_])himtoo(?:[^\p{L}\p{N}_]|$)
Australia,#LetHerSpeak,#LetHerSpeak,LetHerSpeak,letherspeak,True,True,False,Support,Support,,"2018-19 Nina Funnell campaign against survivor gag laws (Tasmania/NT); Grace Tame became face of it, later Australian of the Year 2021.",regex,(?:^|[^\p{L}\p{N}_])letherspeak(?:[^\p{L}\p{N}_]|$)
Australia,#March4Justice,#March4Justice,March4Justice,march4justice,True,True,False,Support,Support,,Mar 2021 mass marches after Brittany Higgins' parliament rape allegation and historical allegation against minister Christian Porter.,regex,(?:^|[^\p{L}\p{N}_])march4justice(?:[^\p{L}\p{N}_]|$)
Australia,#MeToo,#MeToo,MeToo,metoo,True,True,False,Support / Global,Support,,Baseline global #MeToo hashtag; included for every country/territory as the common cross-border search term. Translation/Gloss: Me too.,regex,(?:^|[^\p{L}\p{N}_])metoo(?:[^\p{L}\p{N}_]|$)
Australia,#NowAustralia,#NowAustralia,NowAustralia,nowaustralia,True,True,False,Support / Localized,Support,,Australia: organization founded after Australian #MeToo disclosures to support targets of workplace harassment. Translation/Gloss: NOW Australia.,regex,(?:^|[^\p{L}\p{N}_])nowaustralia(?:[^\p{L}\p{N}_]|$)
Australia,#TimesUp,#TimesUp,TimesUp,timesup,True,True,False,Support / Solidarity,Support,,Transnational accountability and anti-harassment hashtag frequently paired with #MeToo. Translation/Gloss: Time is up.,regex,(?:^|[^\p{L}\p{N}_])timesup(?:[^\p{L}\p{N}_]|$)
Australia,Brittany Higgins / Grace Tame,Brittany Higgins,Brittany Higgins,brittany higgins,False,True,False,Support / Case,Support,,Central figures of the 2021 wave.,regex,(?:^|[^\p{L}\p{N}_])brittany\ higgins(?:[^\p{L}\p{N}_]|$)
Australia,Brittany Higgins / Grace Tame,Grace Tame,Grace Tame,grace tame,False,True,False,Support / Case,Support,,Central figures of the 2021 wave.,regex,(?:^|[^\p{L}\p{N}_])grace\ tame(?:[^\p{L}\p{N}_]|$)
Australia,Geoffrey Rush defamation,Geoffrey Rush defamation,Geoffrey Rush defamation,geoffrey rush defamation,False,True,False,Backlash / Legal,Backlash,,"Rush won record defamation payout against Daily Telegraph (2019-20); with Porter's defamation action, chilled Australian MeToo reporting - 'trial by media' is the backlash frame.",regex,(?:^|[^\p{L}\p{N}_])geoffrey\ rush\ defamation(?:[^\p{L}\p{N}_]|$)
Australia,sexual harassment,sexual harassment,sexual harassment,sexual harassment,False,True,False,Support / Search Term,Support,,English search keyword for #MeToo-related social-media and publication searches. Translation/Gloss: sexual harassment.,regex,(?:^|[^\p{L}\p{N}_])sexual\ harassment(?:[^\p{L}\p{N}_]|$)
Australia,violence against women,violence against women,violence against women,violence against women,False,True,False,Support / Search Term,Support,,English search keyword for adjacent #MeToo and gender-based violence coverage. Translation/Gloss: violence against women.,regex,(?:^|[^\p{L}\p{N}_])violence\ against\ women(?:[^\p{L}\p{N}_]|$)
Austria,#HimToo,#HimToo,HimToo,himtoo,True,True,False,Backlash / Counter,Backlash,,Major counter-/backlash hashtag that recast #MeToo through false-accusation or accused-men-as-victims narratives; included as a global backlash search term. Translation/Gloss: Him too.,regex,(?:^|[^\p{L}\p{N}_])himtoo(?:[^\p{L}\p{N}_]|$)
Austria,#IchAuch,#IchAuch,IchAuch,ichauch,True,True,False,Support / Translation,Support,,German equivalent of #MeToo. Translation/Gloss: Me too.,regex,(?:^|[^\p{L}\p{N}_])ichauch(?:[^\p{L}\p{N}_]|$)
Austria,#MeToo,#MeToo,MeToo,metoo,True,True,False,Support / Global,Support,,Baseline global #MeToo hashtag; included for every country/territory as the common cross-border search term. Translation/Gloss: Me too.,regex,(?:^|[^\p{L}\p{N}_])metoo(?:[^\p{L}\p{N}_]|$)
Austria,#aufschrei,#aufschrei,aufschrei,aufschrei,True,True,False,Support / Adjacent,Support,,German anti-sexism hashtag predating and overlapping #MeToo themes. Translation/Gloss: Outcry.,regex,(?:^|[^\p{L}\p{N}_])aufschrei(?:[^\p{L}\p{N}_]|$)
Austria,Sigi Maurer,Sigi Maurer,Sigi Maurer,sigi maurer,False,True,False,Support / Case,Support,,2018: politician Sigrid Maurer prosecuted for publishing obscene messages sent to her; case became a rallying point on harassment and defamation law.,regex,(?:^|[^\p{L}\p{N}_])sigi\ maurer(?:[^\p{L}\p{N}_]|$)
Austria,sexuelle Belästigung,sexuelle Belästigung,sexuelle Belästigung,sexuelle belästigung,False,False,False,Support / Search Term,Support,,German publication/search keyword. Translation/Gloss: sexual harassment.,regex,(?:^|[^\p{L}\p{N}_])sexuelle\ belästigung(?:[^\p{L}\p{N}_]|$)
Azerbaijan,#HimToo,#HimToo,HimToo,himtoo,True,True,False,Backlash / Counter,Backlash,,Major counter-/backlash hashtag that recast #MeToo through false-accusation or accused-men-as-victims narratives; included as a global backlash search term. Translation/Gloss: Him too.,regex,(?:^|[^\p{L}\p{N}_])himtoo(?:[^\p{L}\p{N}_]|$)
Azerbaijan,#KadınaŞiddeteHayır,#KadınaŞiddeteHayır,KadınaŞiddeteHayır,kadınaşiddetehayır,True,False,False,Support / Adjacent,Support,,Turkish-language anti-violence-against-women hashtag often overlapping with #MeToo topics. Translation/Gloss: No to violence against women.,regex,(?:^|[^\p{L}\p{N}_])kadınaşiddetehayır(?:[^\p{L}\p{N}_]|$)
Azerbaijan,#MeToo,#MeToo,MeToo,metoo,True,True,False,Support / Global,Support,,Baseline global #MeToo hashtag; included for every country/territory as the common cross-border search term. Translation/Gloss: Me too.,regex,(?:^|[^\p{L}\p{N}_])metoo(?:[^\p{L}\p{N}_]|$)
Azerbaijan,#MənDə,#MənDə,MənDə,məndə,True,False,False,Support / Translation,Support,,Azerbaijani equivalent/search term; use with #MeToo for local-language searches. Translation/Gloss: Me too.,regex,(?:^|[^\p{L}\p{N}_])məndə(?:[^\p{L}\p{N}_]|$)
Azerbaijan,#QadınaŞiddətəYox,#QadınaŞiddətəYox,QadınaŞiddətəYox,qadınaşiddətəyox,True,False,False,Support,Support,,"'No to violence against women', Oct 2019, after a man stabbed his wife 25 times in public in Baku; closest thing to an Azerbaijani MeToo.",regex,(?:^|[^\p{L}\p{N}_])qadınaşiddətəyox(?:[^\p{L}\p{N}_]|$)
Azerbaijan,#SendeAnlat,#SendeAnlat,SendeAnlat,sendeanlat,True,True,False,Support / Adjacent,Support,,"Turkish hashtag after the Ozgecan Aslan murder, asking women to tell their experiences of harassment/violence. Translation/Gloss: Tell your story too.",regex,(?:^|[^\p{L}\p{N}_])sendeanlat(?:[^\p{L}\p{N}_]|$)
Azerbaijan,cinsel taciz,cinsel taciz,cinsel taciz,cinsel taciz,False,True,False,Support / Search Term,Support,,Turkish publication/search keyword. Translation/Gloss: sexual harassment.,regex,(?:^|[^\p{L}\p{N}_])cinsel\ taciz(?:[^\p{L}\p{N}_]|$)
Azerbaijan,cinsi qısnama,cinsi qısnama,cinsi qısnama,cinsi qısnama,False,False,False,Support / Generic Term,Support,,'Sexual harassment' - recall term; no sustained hashtag movement.,regex,(?:^|[^\p{L}\p{N}_])cinsi\ qısnama(?:[^\p{L}\p{N}_]|$)
Bahamas,#BelieveWomen,#BelieveWomen,BelieveWomen,believewomen,True,True,False,Support / Solidarity,Support,,Survivor-belief and anti-victim-blaming phrase used in #MeToo-related discourse. Translation/Gloss: Believe women.,regex,(?:^|[^\p{L}\p{N}_])believewomen(?:[^\p{L}\p{N}_]|$)
Bahamas,#HimToo,#HimToo,HimToo,himtoo,True,True,False,Backlash / Counter,Backlash,,Major counter-/backlash hashtag that recast #MeToo through false-accusation or accused-men-as-victims narratives; included as a global backlash search term. Translation/Gloss: Him too.,regex,(?:^|[^\p{L}\p{N}_])himtoo(?:[^\p{L}\p{N}_]|$)
Bahamas,#MeToo,#MeToo,MeToo,metoo,True,True,False,Support / Global,Support,,Baseline global #MeToo hashtag; included for every country/territory as the common cross-border search term. Translation/Gloss: Me too.,regex,(?:^|[^\p{L}\p{N}_])metoo(?:[^\p{L}\p{N}_]|$)
Bahamas,#TimesUp,#TimesUp,TimesUp,timesup,True,True,False,Support / Solidarity,Support,,Transnational accountability and anti-harassment hashtag frequently paired with #MeToo. Translation/Gloss: Time is up.,regex,(?:^|[^\p{L}\p{N}_])timesup(?:[^\p{L}\p{N}_]|$)
Bahamas,sexual harassment,sexual harassment,sexual harassment,sexual harassment,False,True,False,Support / Search Term,Support,,English search keyword for #MeToo-related social-media and publication searches. Translation/Gloss: sexual harassment.,regex,(?:^|[^\p{L}\p{N}_])sexual\ harassment(?:[^\p{L}\p{N}_]|$)
Bahamas,violence against women,violence against women,violence against women,violence against women,False,True,False,Support / Search Term,Support,,English search keyword for adjacent #MeToo and gender-based violence coverage. Translation/Gloss: violence against women.,regex,(?:^|[^\p{L}\p{N}_])violence\ against\ women(?:[^\p{L}\p{N}_]|$)
Bahrain,#HimToo,#HimToo,HimToo,himtoo,True,True,False,Backlash / Counter,Backlash,,Major counter-/backlash hashtag that recast #MeToo through false-accusation or accused-men-as-victims narratives; included as a global backlash search term. Translation/Gloss: Him too.,regex,(?:^|[^\p{L}\p{N}_])himtoo(?:[^\p{L}\p{N}_]|$)
Bahrain,#MeToo,#MeToo,MeToo,metoo,True,True,False,Support / Global,Support,,Baseline global #MeToo hashtag; included for every country/territory as the common cross-border search term. Translation/Gloss: Me too.,regex,(?:^|[^\p{L}\p{N}_])metoo(?:[^\p{L}\p{N}_]|$)
Bahrain,#MosqueMeToo,#MosqueMeToo,MosqueMeToo,mosquemetoo,True,True,False,Support / Adjacent,Support,,"Hashtag for Muslim women's accounts of harassment/abuse during Hajj, in mosques, or in religious spaces. Translation/Gloss: MeToo in mosque/Hajj contexts.",regex,(?:^|[^\p{L}\p{N}_])mosquemetoo(?:[^\p{L}\p{N}_]|$)
Bahrain,#أنا_أيضا,#أنا_أيضا,أنا_أيضا,أنا_أيضا,True,False,False,Support / Translation,Support,,Formal Arabic equivalent of #MeToo. Translation/Gloss: Me too / I also.,substr,
Bahrain,#أنا_كمان,#أنا_كمان,أنا_كمان,أنا_كمان,True,False,False,Support / Translation,Support,,Arabic #MeToo counterpart used across Arabic-speaking social media. Translation/Gloss: Me too.,substr,
Bahrain,التحرش_الجنسي,التحرش_الجنسي,التحرش_الجنسي,التحرش_الجنسي,False,False,False,Support / Search Term,Support,,Arabic publication/search keyword. Translation/Gloss: sexual harassment.,substr,
Bahrain,العنف_ضد_المرأة,العنف_ضد_المرأة,العنف_ضد_المرأة,العنف_ضد_المرأة,False,False,False,Support / Search Term,Support,,Arabic publication/search keyword. Translation/Gloss: violence against women.,substr,
Bahrain,تحرش جنسي,تحرش جنسي,تحرش جنسي,تحرش جنسي,False,False,False,Support / Generic Term,Support,,No documented national movement; generic Arabic recall term.,substr,
Bangladesh,#HimToo,#HimToo,HimToo,himtoo,True,True,False,Backlash / Counter,Backlash,,Major counter-/backlash hashtag that recast #MeToo through false-accusation or accused-men-as-victims narratives; included as a global backlash search term. Translation/Gloss: Him too.,regex,(?:^|[^\p{L}\p{N}_])himtoo(?:[^\p{L}\p{N}_]|$)
Bangladesh,#MeToo,#MeToo,MeToo,metoo,True,True,False,Support / Global,Support,,Baseline global #MeToo hashtag; included for every country/territory as the common cross-border search term. Translation/Gloss: Me too.,regex,(?:^|[^\p{L}\p{N}_])metoo(?:[^\p{L}\p{N}_]|$)
Bangladesh,#MeTooBangladesh,#MeTooBangladesh,MeTooBangladesh,metoobangladesh,True,True,False,Support / Localized,Support,,Localized #MeToo search tag for Bangladesh coverage. Translation/Gloss: MeToo Bangladesh.,regex,(?:^|[^\p{L}\p{N}_])metoobangladesh(?:[^\p{L}\p{N}_]|$)
Bangladesh,#আমিও,#আমিও,আমিও,আমিও,True,False,False,Support / Translation,Support,,Bengali equivalent of #MeToo. Translation/Gloss: Me too.,substr,
Bangladesh,ধর্ষণবিরোধী আন্দোলন (anti-rape protests 2020),ধর্ষণবিরোধী আন্দোলন (anti-rape protests 2020),ধর্ষণবিরোধী আন্দোলন (anti-rape protests 2020),ধর্ষণবিরোধী আন্দোলন (anti-rape protests 2020),False,False,False,Support,Support,,Oct 2020 nationwide protests after Noakhali assault video; government introduced death penalty for rape.,regex,(?:^|[^\p{L}\p{N}_])ধর্ষণবিরোধী\ আন্দোলন\ \(anti\-rape\ protests\ 2020\)(?:[^\p{L}\p{N}_]|$)
Bangladesh,যৌন_হয়রানি,যৌন_হয়রানি,যৌন_হয়রানি,যৌন_হয়রানি,False,False,False,Support / Search Term,Support,,Bengali publication/search keyword. Translation/Gloss: sexual harassment.,substr,
Barbados,#BelieveWomen,#BelieveWomen,BelieveWomen,believewomen,True,True,False,Support / Solidarity,Support,,Survivor-belief and anti-victim-blaming phrase used in #MeToo-related discourse. Translation/Gloss: Believe women.,regex,(?:^|[^\p{L}\p{N}_])believewomen(?:[^\p{L}\p{N}_]|$)
Barbados,#HimToo,#HimToo,HimToo,himtoo,True,True,False,Backlash / Counter,Backlash,,Major counter-/backlash hashtag that recast #MeToo through false-accusation or accused-men-as-victims narratives; included as a global backlash search term. Translation/Gloss: Him too.,regex,(?:^|[^\p{L}\p{N}_])himtoo(?:[^\p{L}\p{N}_]|$)
Barbados,#LifeInLeggings,#LifeInLeggings,LifeInLeggings,lifeinleggings,True,True,False,Support,Support,,Founded here Nov 2016 by Ronelle King; origin of the Caribbean wave.,regex,(?:^|[^\p{L}\p{N}_])lifeinleggings(?:[^\p{L}\p{N}_]|$)
Barbados,#MeToo,#MeToo,MeToo,metoo,True,True,False,Support / Global,Support,,Baseline global #MeToo hashtag; included for every country/territory as the common cross-border search term. Translation/Gloss: Me too.,regex,(?:^|[^\p{L}\p{N}_])metoo(?:[^\p{L}\p{N}_]|$)
Barbados,#TimesUp,#TimesUp,TimesUp,timesup,True,True,False,Support / Solidarity,Support,,Transnational accountability and anti-harassment hashtag frequently paired with #MeToo. Translation/Gloss: Time is up.,regex,(?:^|[^\p{L}\p{N}_])timesup(?:[^\p{L}\p{N}_]|$)
Barbados,sexual harassment,sexual harassment,sexual harassment,sexual harassment,False,True,False,Support / Search Term,Support,,English search keyword for #MeToo-related social-media and publication searches. Translation/Gloss: sexual harassment.,regex,(?:^|[^\p{L}\p{N}_])sexual\ harassment(?:[^\p{L}\p{N}_]|$)
Barbados,violence against women,violence against women,violence against women,violence against women,False,True,False,Support / Search Term,Support,,English search keyword for adjacent #MeToo and gender-based violence coverage. Translation/Gloss: violence against women.,regex,(?:^|[^\p{L}\p{N}_])violence\ against\ women(?:[^\p{L}\p{N}_]|$)
Belarus,#HimToo,#HimToo,HimToo,himtoo,True,True,False,Backlash / Counter,Backlash,,Major counter-/backlash hashtag that recast #MeToo through false-accusation or accused-men-as-victims narratives; included as a global backlash search term. Translation/Gloss: Him too.,regex,(?:^|[^\p{L}\p{N}_])himtoo(?:[^\p{L}\p{N}_]|$)
Belarus,#MeToo,#MeToo,MeToo,metoo,True,True,False,Support / Global,Support,,Baseline global #MeToo hashtag; included for every country/territory as the common cross-border search term. Translation/Gloss: Me too.,regex,(?:^|[^\p{L}\p{N}_])metoo(?:[^\p{L}\p{N}_]|$)
Belarus,#ЯБоюсьМужчин,#ЯБоюсьМужчин,ЯБоюсьМужчин,ябоюсьмужчин,True,False,False,Support / Adjacent,Support,,"Russian feminist hashtag against male violence/femicide, reported alongside #MeToo-adjacent campaigns. Translation/Gloss: I fear men.",substr,
Belarus,#ЯНеБоюсьСказать,#ЯНеБоюсьСказать,ЯНеБоюсьСказать,янебоюсьсказать,True,False,False,Support / Adjacent,Support,,Russian-language version of the Ukraine/Russia anti-sexual-violence flashmob precursor to #MeToo. Translation/Gloss: I am not afraid to say.,substr,
Belarus,#ЯТоже,#ЯТоже,ЯТоже,ятоже,True,False,False,Support / Translation,Support,,Russian #MeToo equivalent/search term. Translation/Gloss: Me too.,substr,
Belarus,сексуальные домогательства,сексуальные домогательства,сексуальные домогательства,сексуальные домогательства,False,False,False,Support / Search Term,Support,,Russian publication/search keyword. Translation/Gloss: sexual harassment.,substr,
Belgium,#BalanceTonBar,#BalanceTonBar,BalanceTonBar,balancetonbar,True,True,False,Support,Support,,"Oct 2021, Brussels (Ixelles): drink-spiking and assaults in bars; spread to France.",regex,(?:^|[^\p{L}\p{N}_])balancetonbar(?:[^\p{L}\p{N}_]|$)
Belgium,#BalanceTonPorc,#BalanceTonPorc,BalanceTonPorc,balancetonporc,True,True,False,Support / Adjacent,Support,,French #MeToo-era hashtag for naming or denouncing perpetrators; also provoked public backlash debates. Translation/Gloss: Expose/denounce your pig.,regex,(?:^|[^\p{L}\p{N}_])balancetonporc(?:[^\p{L}\p{N}_]|$)
Belgium,#HimToo,#HimToo,HimToo,himtoo,True,True,False,Backlash / Counter,Backlash,,Major counter-/backlash hashtag that recast #MeToo through false-accusation or accused-men-as-victims narratives; included as a global backlash search term. Translation/Gloss: Him too.,regex,(?:^|[^\p{L}\p{N}_])himtoo(?:[^\p{L}\p{N}_]|$)
Belgium,#IkOok,#IkOok,IkOok,ikook,True,True,False,Support / Translation,Support,,Dutch equivalent of #MeToo. Translation/Gloss: Me too.,regex,(?:^|[^\p{L}\p{N}_])ikook(?:[^\p{L}\p{N}_]|$)
Belgium,#MeToo,#MeToo,MeToo,metoo,True,True,False,Support / Global,Support,,Baseline global #MeToo hashtag; included for every country/territory as the common cross-border search term. Translation/Gloss: Me too.,regex,(?:^|[^\p{L}\p{N}_])metoo(?:[^\p{L}\p{N}_]|$)
Belgium,#MoiAussi,#MoiAussi,MoiAussi,moiaussi,True,True,False,Support / Translation,Support,,"French-language equivalent of #MeToo, documented in Canada/Francophone coverage. Translation/Gloss: Me too.",regex,(?:^|[^\p{L}\p{N}_])moiaussi(?:[^\p{L}\p{N}_]|$)
Belgium,#NousToutes,#NousToutes,NousToutes,noustoutes,True,True,False,Support / Adjacent,Support,,French feminist collective/hashtag after #MeToo and #BalanceTonPorc focused on violence against women. Translation/Gloss: All of us women.,regex,(?:^|[^\p{L}\p{N}_])noustoutes(?:[^\p{L}\p{N}_]|$)
Belgium,Bart De Pauw,Bart De Pauw,Bart De Pauw,bart de pauw,False,True,False,Support / Case,Support,,Nov 2017: top Flemish TV producer accused of harassment/stalking; convicted 2021; trigger of Flemish MeToo.,regex,(?:^|[^\p{L}\p{N}_])bart\ de\ pauw(?:[^\p{L}\p{N}_]|$)
Belgium,grensoverschrijdend gedrag,grensoverschrijdend gedrag,grensoverschrijdend gedrag,grensoverschrijdend gedrag,False,True,False,Support / Media Frame,Support,,'Transgressive behavior' - the umbrella term dominating Flemish/Dutch MeToo coverage; high-recall corpus term.,regex,(?:^|[^\p{L}\p{N}_])grensoverschrijdend\ gedrag(?:[^\p{L}\p{N}_]|$)
Belgium,harcèlement sexuel,harcèlement sexuel,harcèlement sexuel,harcèlement sexuel,False,False,False,Support / Search Term,Support,,French publication/search keyword. Translation/Gloss: sexual harassment.,regex,(?:^|[^\p{L}\p{N}_])harcèlement\ sexuel(?:[^\p{L}\p{N}_]|$)
Belgium,seksuele intimidatie,seksuele intimidatie,seksuele intimidatie,seksuele intimidatie,False,True,False,Support / Search Term,Support,,Dutch publication/search keyword. Translation/Gloss: sexual harassment.,regex,(?:^|[^\p{L}\p{N}_])seksuele\ intimidatie(?:[^\p{L}\p{N}_]|$)
Belize,#BelieveWomen,#BelieveWomen,BelieveWomen,believewomen,True,True,False,Support / Solidarity,Support,,Survivor-belief and anti-victim-blaming phrase used in #MeToo-related discourse. Translation/Gloss: Believe women.,regex,(?:^|[^\p{L}\p{N}_])believewomen(?:[^\p{L}\p{N}_]|$)
Belize,#HimToo,#HimToo,HimToo,himtoo,True,True,False,Backlash / Counter,Backlash,,Major counter-/backlash hashtag that recast #MeToo through false-accusation or accused-men-as-victims narratives; included as a global backlash search term. Translation/Gloss: Him too.,regex,(?:^|[^\p{L}\p{N}_])himtoo(?:[^\p{L}\p{N}_]|$)
Belize,#LifeInLeggings,#LifeInLeggings,LifeInLeggings,lifeinleggings,True,True,False,Support,Support,,Regional Caribbean tag; no distinct national movement documented.,regex,(?:^|[^\p{L}\p{N}_])lifeinleggings(?:[^\p{L}\p{N}_]|$)
Belize,#MeToo,#MeToo,MeToo,metoo,True,True,False,Support / Global,Support,,Baseline global #MeToo hashtag; included for every country/territory as the common cross-border search term. Translation/Gloss: Me too.,regex,(?:^|[^\p{L}\p{N}_])metoo(?:[^\p{L}\p{N}_]|$)
Belize,#TimesUp,#TimesUp,TimesUp,timesup,True,True,False,Support / Solidarity,Support,,Transnational accountability and anti-harassment hashtag frequently paired with #MeToo. Translation/Gloss: Time is up.,regex,(?:^|[^\p{L}\p{N}_])timesup(?:[^\p{L}\p{N}_]|$)
Belize,sexual harassment,sexual harassment,sexual harassment,sexual harassment,False,True,False,Support / Search Term,Support,,English search keyword for #MeToo-related social-media and publication searches. Translation/Gloss: sexual harassment.,regex,(?:^|[^\p{L}\p{N}_])sexual\ harassment(?:[^\p{L}\p{N}_]|$)
Belize,violence against women,violence against women,violence against women,violence against women,False,True,False,Support / Search Term,Support,,English search keyword for adjacent #MeToo and gender-based violence coverage. Translation/Gloss: violence against women.,regex,(?:^|[^\p{L}\p{N}_])violence\ against\ women(?:[^\p{L}\p{N}_]|$)
Benin,#BalanceTonPorc,#BalanceTonPorc,BalanceTonPorc,balancetonporc,True,True,False,Support / Adjacent,Support,,French #MeToo-era hashtag for naming or denouncing perpetrators; also provoked public backlash debates. Translation/Gloss: Expose/denounce your pig.,regex,(?:^|[^\p{L}\p{N}_])balancetonporc(?:[^\p{L}\p{N}_]|$)
Benin,#HimToo,#HimToo,HimToo,himtoo,True,True,False,Backlash / Counter,Backlash,,Major counter-/backlash hashtag that recast #MeToo through false-accusation or accused-men-as-victims narratives; included as a global backlash search term. Translation/Gloss: Him too.,regex,(?:^|[^\p{L}\p{N}_])himtoo(?:[^\p{L}\p{N}_]|$)
Benin,#MeToo,#MeToo,MeToo,metoo,True,True,False,Support / Global,Support,,Baseline global #MeToo hashtag; included for every country/territory as the common cross-border search term. Translation/Gloss: Me too.,regex,(?:^|[^\p{L}\p{N}_])metoo(?:[^\p{L}\p{N}_]|$)
Benin,#MoiAussi,#MoiAussi,MoiAussi,moiaussi,True,True,False,Support / Translation,Support,,"French-language equivalent of #MeToo, documented in Canada/Francophone coverage. Translation/Gloss: Me too.",regex,(?:^|[^\p{L}\p{N}_])moiaussi(?:[^\p{L}\p{N}_]|$)
Benin,#NousToutes,#NousToutes,NousToutes,noustoutes,True,True,False,Support / Adjacent,Support,,French feminist collective/hashtag after #MeToo and #BalanceTonPorc focused on violence against women. Translation/Gloss: All of us women.,regex,(?:^|[^\p{L}\p{N}_])noustoutes(?:[^\p{L}\p{N}_]|$)
Benin,harcèlement sexuel,harcèlement sexuel,harcèlement sexuel,harcèlement sexuel,False,False,False,Support / Search Term,Support,,French publication/search keyword. Translation/Gloss: sexual harassment.,regex,(?:^|[^\p{L}\p{N}_])harcèlement\ sexuel(?:[^\p{L}\p{N}_]|$)
Bermuda,#BelieveWomen,#BelieveWomen,BelieveWomen,believewomen,True,True,False,Support / Solidarity,Support,,Survivor-belief and anti-victim-blaming phrase used in #MeToo-related discourse. Translation/Gloss: Believe women.,regex,(?:^|[^\p{L}\p{N}_])believewomen(?:[^\p{L}\p{N}_]|$)
Bermuda,#HimToo,#HimToo,HimToo,himtoo,True,True,False,Backlash / Counter,Backlash,,Major counter-/backlash hashtag that recast #MeToo through false-accusation or accused-men-as-victims narratives; included as a global backlash search term. Translation/Gloss: Him too.,regex,(?:^|[^\p{L}\p{N}_])himtoo(?:[^\p{L}\p{N}_]|$)
Bermuda,#MeToo,#MeToo,MeToo,metoo,True,True,False,Support / Global,Support,,Baseline global #MeToo hashtag; included for every country/territory as the common cross-border search term. Translation/Gloss: Me too.,regex,(?:^|[^\p{L}\p{N}_])metoo(?:[^\p{L}\p{N}_]|$)
Bermuda,#TimesUp,#TimesUp,TimesUp,timesup,True,True,False,Support / Solidarity,Support,,Transnational accountability and anti-harassment hashtag frequently paired with #MeToo. Translation/Gloss: Time is up.,regex,(?:^|[^\p{L}\p{N}_])timesup(?:[^\p{L}\p{N}_]|$)
Bermuda,sexual harassment,sexual harassment,sexual harassment,sexual harassment,False,True,False,Support / Search Term,Support,,English search keyword for #MeToo-related social-media and publication searches. Translation/Gloss: sexual harassment.,regex,(?:^|[^\p{L}\p{N}_])sexual\ harassment(?:[^\p{L}\p{N}_]|$)
Bermuda,violence against women,violence against women,violence against women,violence against women,False,True,False,Support / Search Term,Support,,English search keyword for adjacent #MeToo and gender-based violence coverage. Translation/Gloss: violence against women.,regex,(?:^|[^\p{L}\p{N}_])violence\ against\ women(?:[^\p{L}\p{N}_]|$)
Bhutan,#HimToo,#HimToo,HimToo,himtoo,True,True,False,Backlash / Counter,Backlash,,Major counter-/backlash hashtag that recast #MeToo through false-accusation or accused-men-as-victims narratives; included as a global backlash search term. Translation/Gloss: Him too.,regex,(?:^|[^\p{L}\p{N}_])himtoo(?:[^\p{L}\p{N}_]|$)
Bhutan,#MeToo,#MeToo,MeToo,metoo,True,True,False,Support / Global,Support,,Baseline global #MeToo hashtag; included for every country/territory as the common cross-border search term. Translation/Gloss: Me too.,regex,(?:^|[^\p{L}\p{N}_])metoo(?:[^\p{L}\p{N}_]|$)
Bhutan,sexual harassment (generic),sexual harassment,sexual harassment,sexual harassment,False,True,False,Support / Generic Term,Support,generic,No documented movement.,regex,(?:^|[^\p{L}\p{N}_])sexual\ harassment(?:[^\p{L}\p{N}_]|$)
Bhutan,འཁྲིག_རྒྱུན_གནོད་འཚེ,འཁྲིག_རྒྱུན_གནོད་འཚེ,འཁྲིག_རྒྱུན_གནོད་འཚེ,འཁྲིག_རྒྱུན_གནོད་འཚེ,False,False,False,Support / Search Term,Support,,Dzongkha search term placeholder; verify spelling before automated scraping. Translation/Gloss: sexual harassment.,substr,
Bolivia,#Cuéntalo,#Cuéntalo,Cuéntalo,cuéntalo,True,False,False,Support / Adjacent,Support,,Spanish testimony hashtag associated especially with Spain and the La Manada reckoning; useful across Spanish-language searches. Translation/Gloss: Tell it / tell your story.,regex,(?:^|[^\p{L}\p{N}_])cuéntalo(?:[^\p{L}\p{N}_]|$)
Bolivia,#HimToo,#HimToo,HimToo,himtoo,True,True,False,Backlash / Counter,Backlash,,Major counter-/backlash hashtag that recast #MeToo through false-accusation or accused-men-as-victims narratives; included as a global backlash search term. Translation/Gloss: Him too.,regex,(?:^|[^\p{L}\p{N}_])himtoo(?:[^\p{L}\p{N}_]|$)
Bolivia,#MeToo,#MeToo,MeToo,metoo,True,True,False,Support / Global,Support,,Baseline global #MeToo hashtag; included for every country/territory as the common cross-border search term. Translation/Gloss: Me too.,regex,(?:^|[^\p{L}\p{N}_])metoo(?:[^\p{L}\p{N}_]|$)
Bolivia,#NiUnaMenos,#NiUnaMenos,NiUnaMenos,niunamenos,True,True,False,Support / Adjacent,Support,,Latin American movement against femicide and violence against women; often overlaps with #MeToo-adjacent activism. Translation/Gloss: Not one woman less.,regex,(?:^|[^\p{L}\p{N}_])niunamenos(?:[^\p{L}\p{N}_]|$)
Bolivia,#NiUnaMenos / feminicidio,feminicidio,feminicidio,feminicidio,False,True,False,Support,Support,,Regional anti-femicide frame; no distinct Bolivian MeToo hashtag documented.,regex,(?:^|[^\p{L}\p{N}_])feminicidio(?:[^\p{L}\p{N}_]|$)
Bolivia,#YoSíTeCreo,#YoSíTeCreo,YoSíTeCreo,yosítecreo,True,False,False,Support / Solidarity,Support,,Spanish solidarity tag/phrase used around sexual-violence testimony and belief of survivors. Translation/Gloss: I do believe you.,regex,(?:^|[^\p{L}\p{N}_])yosítecreo(?:[^\p{L}\p{N}_]|$)
Bolivia,#YoTambién,#YoTambién,YoTambién,yotambién,True,False,False,Support / Translation,Support,,Spanish-language equivalent of #MeToo; documented in global/regional lists. Translation/Gloss: Me too.,regex,(?:^|[^\p{L}\p{N}_])yotambién(?:[^\p{L}\p{N}_]|$)
Bolivia,acoso sexual,acoso sexual,acoso sexual,acoso sexual,False,True,False,Support / Search Term,Support,,Spanish publication/search keyword. Translation/Gloss: sexual harassment.,regex,(?:^|[^\p{L}\p{N}_])acoso\ sexual(?:[^\p{L}\p{N}_]|$)
"Bonaire, Sint Eustatius and Saba",#HimToo,#HimToo,HimToo,himtoo,True,True,False,Backlash / Counter,Backlash,,Major counter-/backlash hashtag that recast #MeToo through false-accusation or accused-men-as-victims narratives; included as a global backlash search term. Translation/Gloss: Him too.,regex,(?:^|[^\p{L}\p{N}_])himtoo(?:[^\p{L}\p{N}_]|$)
"Bonaire, Sint Eustatius and Saba",#IkOok,#IkOok,IkOok,ikook,True,True,False,Support / Translation,Support,,Dutch equivalent of #MeToo. Translation/Gloss: Me too.,regex,(?:^|[^\p{L}\p{N}_])ikook(?:[^\p{L}\p{N}_]|$)
"Bonaire, Sint Eustatius and Saba",#MeToo,#MeToo,MeToo,metoo,True,True,False,Support / Global,Support,,Baseline global #MeToo hashtag; included for every country/territory as the common cross-border search term. Translation/Gloss: Me too.,regex,(?:^|[^\p{L}\p{N}_])metoo(?:[^\p{L}\p{N}_]|$)
"Bonaire, Sint Eustatius and Saba",seksuele intimidatie,seksuele intimidatie,seksuele intimidatie,seksuele intimidatie,False,True,False,Support / Search Term,Support,,Dutch publication/search keyword. Translation/Gloss: sexual harassment.,regex,(?:^|[^\p{L}\p{N}_])seksuele\ intimidatie(?:[^\p{L}\p{N}_]|$)
Bosnia and Herzegovina,#HimToo,#HimToo,HimToo,himtoo,True,True,False,Backlash / Counter,Backlash,,Major counter-/backlash hashtag that recast #MeToo through false-accusation or accused-men-as-victims narratives; included as a global backlash search term. Translation/Gloss: Him too.,regex,(?:^|[^\p{L}\p{N}_])himtoo(?:[^\p{L}\p{N}_]|$)
Bosnia and Herzegovina,#MeToo,#MeToo,MeToo,metoo,True,True,False,Support / Global,Support,,Baseline global #MeToo hashtag; included for every country/territory as the common cross-border search term. Translation/Gloss: Me too.,regex,(?:^|[^\p{L}\p{N}_])metoo(?:[^\p{L}\p{N}_]|$)
Bosnia and Herzegovina,#NisamTražila,#NisamTražila,NisamTražila,nisamtražila,True,False,False,Support / Adjacent,Support,,Bosnia and Herzegovina/Western Balkans: initiative started by art students after Serbian disclosures; survivors shared experiences and support. Translation/Gloss: I didn't ask for it.,regex,(?:^|[^\p{L}\p{N}_])nisamtražila(?:[^\p{L}\p{N}_]|$)
Bosnia and Herzegovina,#nisamprijavila,#nisamprijavila,nisamprijavila,nisamprijavila,True,True,False,Support / Adjacent,Support,,Western Balkan hashtag where women recounted sexual abuse/harassment and barriers to reporting. Translation/Gloss: I did not report.,regex,(?:^|[^\p{L}\p{N}_])nisamprijavila(?:[^\p{L}\p{N}_]|$)
Bosnia and Herzegovina,seksualno uznemiravanje,seksualno uznemiravanje,seksualno uznemiravanje,seksualno uznemiravanje,False,True,False,Support / Search Term,Support,,Bosnian/Croatian/Serbian search keyword. Translation/Gloss: sexual harassment.,regex,(?:^|[^\p{L}\p{N}_])seksualno\ uznemiravanje(?:[^\p{L}\p{N}_]|$)
Botswana,#BelieveWomen,#BelieveWomen,BelieveWomen,believewomen,True,True,False,Support / Solidarity,Support,,Survivor-belief and anti-victim-blaming phrase used in #MeToo-related discourse. Translation/Gloss: Believe women.,regex,(?:^|[^\p{L}\p{N}_])believewomen(?:[^\p{L}\p{N}_]|$)
Botswana,#HimToo,#HimToo,HimToo,himtoo,True,True,False,Backlash / Counter,Backlash,,Major counter-/backlash hashtag that recast #MeToo through false-accusation or accused-men-as-victims narratives; included as a global backlash search term. Translation/Gloss: Him too.,regex,(?:^|[^\p{L}\p{N}_])himtoo(?:[^\p{L}\p{N}_]|$)
Botswana,#MeToo,#MeToo,MeToo,metoo,True,True,False,Support / Global,Support,,Baseline global #MeToo hashtag; included for every country/territory as the common cross-border search term. Translation/Gloss: Me too.,regex,(?:^|[^\p{L}\p{N}_])metoo(?:[^\p{L}\p{N}_]|$)
Botswana,#TimesUp,#TimesUp,TimesUp,timesup,True,True,False,Support / Solidarity,Support,,Transnational accountability and anti-harassment hashtag frequently paired with #MeToo. Translation/Gloss: Time is up.,regex,(?:^|[^\p{L}\p{N}_])timesup(?:[^\p{L}\p{N}_]|$)
Botswana,sexual harassment,sexual harassment,sexual harassment,sexual harassment,False,True,False,Support / Search Term,Support,,English search keyword for #MeToo-related social-media and publication searches. Translation/Gloss: sexual harassment.,regex,(?:^|[^\p{L}\p{N}_])sexual\ harassment(?:[^\p{L}\p{N}_]|$)
Botswana,violence against women,violence against women,violence against women,violence against women,False,True,False,Support / Search Term,Support,,English search keyword for adjacent #MeToo and gender-based violence coverage. Translation/Gloss: violence against women.,regex,(?:^|[^\p{L}\p{N}_])violence\ against\ women(?:[^\p{L}\p{N}_]|$)
Bouvet Island,#HimToo,#HimToo,HimToo,himtoo,True,True,False,Backlash / Counter,Backlash,,Major counter-/backlash hashtag that recast #MeToo through false-accusation or accused-men-as-victims narratives; included as a global backlash search term. Translation/Gloss: Him too.,regex,(?:^|[^\p{L}\p{N}_])himtoo(?:[^\p{L}\p{N}_]|$)
Bouvet Island,#MeToo,#MeToo,MeToo,metoo,True,True,False,Support / Global,Support,,Baseline global #MeToo hashtag; included for every country/territory as the common cross-border search term. Translation/Gloss: Me too.,regex,(?:^|[^\p{L}\p{N}_])metoo(?:[^\p{L}\p{N}_]|$)
Brazil,#ChegaDeFiuFiu,#ChegaDeFiuFiu,ChegaDeFiuFiu,chegadefiufiu,True,True,False,Support / Adjacent,Support,,Brazil-origin anti-street-harassment campaign; relevant for Portuguese-language searches. Translation/Gloss: Enough with catcalling.,regex,(?:^|[^\p{L}\p{N}_])chegadefiufiu(?:[^\p{L}\p{N}_]|$)
Brazil,#DeixaElaTrabalhar,#DeixaElaTrabalhar,DeixaElaTrabalhar,deixaelatrabalhar,True,True,False,Support,Support,,"'Let her work', 2018, women sports journalists against on-air harassment.",regex,(?:^|[^\p{L}\p{N}_])deixaelatrabalhar(?:[^\p{L}\p{N}_]|$)
Brazil,#EleNão,#EleNão,EleNão,elenão,True,False,False,Support / Feminist Mobilization,Support,,"'Not him', Sept 2018 women's movement against Bolsonaro's candidacy; adjacent to but distinct from MeToo.",regex,(?:^|[^\p{L}\p{N}_])elenão(?:[^\p{L}\p{N}_]|$)
Brazil,#EleSim / mimimi,#EleSim,EleSim,elesim,True,True,False,Backlash,Backlash,,Pro-Bolsonaro counter-tag; 'mimimi' = dismissive slang ('whining') used against feminist claims.,regex,(?:^|[^\p{L}\p{N}_])elesim(?:[^\p{L}\p{N}_]|$)
Brazil,#EleSim / mimimi,mimimi,mimimi,mimimi,False,True,False,Backlash,Backlash,,Pro-Bolsonaro counter-tag; 'mimimi' = dismissive slang ('whining') used against feminist claims.,regex,(?:^|[^\p{L}\p{N}_])mimimi(?:[^\p{L}\p{N}_]|$)
Brazil,#EuTambém,#EuTambém,EuTambém,eutambém,True,False,False,Support / Translation,Support,,Portuguese equivalent of #MeToo. Translation/Gloss: Me too.,regex,(?:^|[^\p{L}\p{N}_])eutambém(?:[^\p{L}\p{N}_]|$)
Brazil,#HimToo,#HimToo,HimToo,himtoo,True,True,False,Backlash / Counter,Backlash,,Major counter-/backlash hashtag that recast #MeToo through false-accusation or accused-men-as-victims narratives; included as a global backlash search term. Translation/Gloss: Him too.,regex,(?:^|[^\p{L}\p{N}_])himtoo(?:[^\p{L}\p{N}_]|$)
Brazil,#MeToo,#MeToo,MeToo,metoo,True,True,False,Support / Global,Support,,Baseline global #MeToo hashtag; included for every country/territory as the common cross-border search term. Translation/Gloss: Me too.,regex,(?:^|[^\p{L}\p{N}_])metoo(?:[^\p{L}\p{N}_]|$)
Brazil,#MeuAmigoSecreto,#MeuAmigoSecreto,MeuAmigoSecreto,meuamigosecreto,True,True,False,Support,Support,,Nov 2015: women exposing everyday sexism of men around them ('my secret santa').,regex,(?:^|[^\p{L}\p{N}_])meuamigosecreto(?:[^\p{L}\p{N}_]|$)
Brazil,#MeuPrimeiroAssedio,#MeuPrimeiroAssedio,MeuPrimeiroAssedio,meuprimeiroassedio,True,True,False,Support,Support,,"'My first harassment', Oct 2015, after online sexualization of a 12-year-old MasterChef Junior contestant; 82k+ testimonies.",regex,(?:^|[^\p{L}\p{N}_])meuprimeiroassedio(?:[^\p{L}\p{N}_]|$)
Brazil,#MeuPrimeiroAssédio,#MeuPrimeiroAssédio,MeuPrimeiroAssédio,meuprimeiroassédio,True,False,False,Support / Adjacent,Support,,Brazil: variant used in international coverage of the MasterChef Junior backlash and first-harassment testimonies. Translation/Gloss: My first harassment.,regex,(?:^|[^\p{L}\p{N}_])meuprimeiroassédio(?:[^\p{L}\p{N}_]|$)
Brazil,#MexeuComUmaMexeuComTodas,#MexeuComUmaMexeuComTodas,MexeuComUmaMexeuComTodas,mexeucomumamexeucomtodas,True,True,False,Support,Support,,"'Mess with one, you mess with all', Apr 2017, after Globo costume designer accused actor José Mayer of harassment.",regex,(?:^|[^\p{L}\p{N}_])mexeucomumamexeucomtodas(?:[^\p{L}\p{N}_]|$)
Brazil,#PrimeiroAssédio,#PrimeiroAssédio,PrimeiroAssédio,primeiroassédio,True,False,False,Support / Adjacent,Support,,Brazil: Think Olga created the hashtag after online sexualization of a 12-year-old MasterChef Junior participant; women shared first harassment stories. Translation/Gloss: First harassment.,regex,(?:^|[^\p{L}\p{N}_])primeiroassédio(?:[^\p{L}\p{N}_]|$)
Brazil,assédio sexual,assédio sexual,assédio sexual,assédio sexual,False,False,False,Support / Search Term,Support,,Portuguese publication/search keyword. Translation/Gloss: sexual harassment.,regex,(?:^|[^\p{L}\p{N}_])assédio\ sexual(?:[^\p{L}\p{N}_]|$)
British Indian Ocean Territory,#HimToo,#HimToo,HimToo,himtoo,True,True,False,Backlash / Counter,Backlash,,Major counter-/backlash hashtag that recast #MeToo through false-accusation or accused-men-as-victims narratives; included as a global backlash search term. Translation/Gloss: Him too.,regex,(?:^|[^\p{L}\p{N}_])himtoo(?:[^\p{L}\p{N}_]|$)
British Indian Ocean Territory,#MeToo,#MeToo,MeToo,metoo,True,True,False,Support / Global,Support,,Baseline global #MeToo hashtag; included for every country/territory as the common cross-border search term. Translation/Gloss: Me too.,regex,(?:^|[^\p{L}\p{N}_])metoo(?:[^\p{L}\p{N}_]|$)
British Virgin Islands,#BelieveWomen,#BelieveWomen,BelieveWomen,believewomen,True,True,False,Support / Solidarity,Support,,Survivor-belief and anti-victim-blaming phrase used in #MeToo-related discourse. Translation/Gloss: Believe women.,regex,(?:^|[^\p{L}\p{N}_])believewomen(?:[^\p{L}\p{N}_]|$)
British Virgin Islands,#HimToo,#HimToo,HimToo,himtoo,True,True,False,Backlash / Counter,Backlash,,Major counter-/backlash hashtag that recast #MeToo through false-accusation or accused-men-as-victims narratives; included as a global backlash search term. Translation/Gloss: Him too.,regex,(?:^|[^\p{L}\p{N}_])himtoo(?:[^\p{L}\p{N}_]|$)
British Virgin Islands,#MeToo,#MeToo,MeToo,metoo,True,True,False,Support / Global,Support,,Baseline global #MeToo hashtag; included for every country/territory as the common cross-border search term. Translation/Gloss: Me too.,regex,(?:^|[^\p{L}\p{N}_])metoo(?:[^\p{L}\p{N}_]|$)
British Virgin Islands,#TimesUp,#TimesUp,TimesUp,timesup,True,True,False,Support / Solidarity,Support,,Transnational accountability and anti-harassment hashtag frequently paired with #MeToo. Translation/Gloss: Time is up.,regex,(?:^|[^\p{L}\p{N}_])timesup(?:[^\p{L}\p{N}_]|$)
British Virgin Islands,sexual harassment,sexual harassment,sexual harassment,sexual harassment,False,True,False,Support / Search Term,Support,,English search keyword for #MeToo-related social-media and publication searches. Translation/Gloss: sexual harassment.,regex,(?:^|[^\p{L}\p{N}_])sexual\ harassment(?:[^\p{L}\p{N}_]|$)
British Virgin Islands,violence against women,violence against women,violence against women,violence against women,False,True,False,Support / Search Term,Support,,English search keyword for adjacent #MeToo and gender-based violence coverage. Translation/Gloss: violence against women.,regex,(?:^|[^\p{L}\p{N}_])violence\ against\ women(?:[^\p{L}\p{N}_]|$)
Brunei,gangguan seksual,gangguan seksual,gangguan seksual,gangguan seksual,False,True,False,Support / Generic Term,Support,,No documented movement.,regex,(?:^|[^\p{L}\p{N}_])gangguan\ seksual(?:[^\p{L}\p{N}_]|$)
Brunei,#HimToo,#HimToo,HimToo,himtoo,True,True,False,Backlash / Counter,Backlash,,Major counter-/backlash hashtag that recast #MeToo through false-accusation or accused-men-as-victims narratives; included as a global backlash search term. Translation/Gloss: Him too.,regex,(?:^|[^\p{L}\p{N}_])himtoo(?:[^\p{L}\p{N}_]|$)
Brunei,#MeToo,#MeToo,MeToo,metoo,True,True,False,Support / Global,Support,,Baseline global #MeToo hashtag; included for every country/territory as the common cross-border search term. Translation/Gloss: Me too.,regex,(?:^|[^\p{L}\p{N}_])metoo(?:[^\p{L}\p{N}_]|$)
Brunei,#MulaiBicara,#MulaiBicara,MulaiBicara,mulaibicara,True,True,False,Support / Adjacent,Support,,Southeast Asian #MeToo-adjacent phrase for beginning to speak about harassment/violence. Translation/Gloss: Start speaking.,regex,(?:^|[^\p{L}\p{N}_])mulaibicara(?:[^\p{L}\p{N}_]|$)
Brunei,#SayaJuga,#SayaJuga,SayaJuga,sayajuga,True,True,False,Support / Translation / Localized,Support,,Malay/Indonesian equivalent and local #MeToo-inspired hashtag. Translation/Gloss: Me too.,regex,(?:^|[^\p{L}\p{N}_])sayajuga(?:[^\p{L}\p{N}_]|$)
Brunei,pelecehan seksual,pelecehan seksual,pelecehan seksual,pelecehan seksual,False,True,False,Support / Search Term,Support,,Indonesian/Malay publication/search keyword. Translation/Gloss: sexual harassment.,regex,(?:^|[^\p{L}\p{N}_])pelecehan\ seksual(?:[^\p{L}\p{N}_]|$)
Bulgaria,#HimToo,#HimToo,HimToo,himtoo,True,True,False,Backlash / Counter,Backlash,,Major counter-/backlash hashtag that recast #MeToo through false-accusation or accused-men-as-victims narratives; included as a global backlash search term. Translation/Gloss: Him too.,regex,(?:^|[^\p{L}\p{N}_])himtoo(?:[^\p{L}\p{N}_]|$)
Bulgaria,#MeToo,#MeToo,MeToo,metoo,True,True,False,Support / Global,Support,,Baseline global #MeToo hashtag; included for every country/territory as the common cross-border search term. Translation/Gloss: Me too.,regex,(?:^|[^\p{L}\p{N}_])metoo(?:[^\p{L}\p{N}_]|$)
Bulgaria,сексуален тормоз,сексуален тормоз,сексуален тормоз,сексуален тормоз,False,False,False,Support / Generic Term,Support,,MeToo received skeptically in Bulgarian media; no distinct national wave; generic recall term.,substr,
Burkina Faso,#BalanceTonPorc,#BalanceTonPorc,BalanceTonPorc,balancetonporc,True,True,False,Support / Adjacent,Support,,French #MeToo-era hashtag for naming or denouncing perpetrators; also provoked public backlash debates. Translation/Gloss: Expose/denounce your pig.,regex,(?:^|[^\p{L}\p{N}_])balancetonporc(?:[^\p{L}\p{N}_]|$)
Burkina Faso,#HimToo,#HimToo,HimToo,himtoo,True,True,False,Backlash / Counter,Backlash,,Major counter-/backlash hashtag that recast #MeToo through false-accusation or accused-men-as-victims narratives; included as a global backlash search term. Translation/Gloss: Him too.,regex,(?:^|[^\p{L}\p{N}_])himtoo(?:[^\p{L}\p{N}_]|$)
Burkina Faso,#MeToo,#MeToo,MeToo,metoo,True,True,False,Support / Global,Support,,Baseline global #MeToo hashtag; included for every country/territory as the common cross-border search term. Translation/Gloss: Me too.,regex,(?:^|[^\p{L}\p{N}_])metoo(?:[^\p{L}\p{N}_]|$)
Burkina Faso,#MoiAussi,#MoiAussi,MoiAussi,moiaussi,True,True,False,Support / Translation,Support,,"French-language equivalent of #MeToo, documented in Canada/Francophone coverage. Translation/Gloss: Me too.",regex,(?:^|[^\p{L}\p{N}_])moiaussi(?:[^\p{L}\p{N}_]|$)
Burkina Faso,#NousToutes,#NousToutes,NousToutes,noustoutes,True,True,False,Support / Adjacent,Support,,French feminist collective/hashtag after #MeToo and #BalanceTonPorc focused on violence against women. Translation/Gloss: All of us women.,regex,(?:^|[^\p{L}\p{N}_])noustoutes(?:[^\p{L}\p{N}_]|$)
Burkina Faso,harcèlement sexuel,harcèlement sexuel,harcèlement sexuel,harcèlement sexuel,False,False,False,Support / Search Term,Support,,French publication/search keyword. Translation/Gloss: sexual harassment.,regex,(?:^|[^\p{L}\p{N}_])harcèlement\ sexuel(?:[^\p{L}\p{N}_]|$)
Burundi,#BalanceTonPorc,#BalanceTonPorc,BalanceTonPorc,balancetonporc,True,True,False,Support / Adjacent,Support,,French #MeToo-era hashtag for naming or denouncing perpetrators; also provoked public backlash debates. Translation/Gloss: Expose/denounce your pig.,regex,(?:^|[^\p{L}\p{N}_])balancetonporc(?:[^\p{L}\p{N}_]|$)
Burundi,#HimToo,#HimToo,HimToo,himtoo,True,True,False,Backlash / Counter,Backlash,,Major counter-/backlash hashtag that recast #MeToo through false-accusation or accused-men-as-victims narratives; included as a global backlash search term. Translation/Gloss: Him too.,regex,(?:^|[^\p{L}\p{N}_])himtoo(?:[^\p{L}\p{N}_]|$)
Burundi,#MeToo,#MeToo,MeToo,metoo,True,True,False,Support / Global,Support,,Baseline global #MeToo hashtag; included for every country/territory as the common cross-border search term. Translation/Gloss: Me too.,regex,(?:^|[^\p{L}\p{N}_])metoo(?:[^\p{L}\p{N}_]|$)
Burundi,#MoiAussi,#MoiAussi,MoiAussi,moiaussi,True,True,False,Support / Translation,Support,,"French-language equivalent of #MeToo, documented in Canada/Francophone coverage. Translation/Gloss: Me too.",regex,(?:^|[^\p{L}\p{N}_])moiaussi(?:[^\p{L}\p{N}_]|$)
Burundi,#NousToutes,#NousToutes,NousToutes,noustoutes,True,True,False,Support / Adjacent,Support,,French feminist collective/hashtag after #MeToo and #BalanceTonPorc focused on violence against women. Translation/Gloss: All of us women.,regex,(?:^|[^\p{L}\p{N}_])noustoutes(?:[^\p{L}\p{N}_]|$)
Burundi,harcèlement sexuel,harcèlement sexuel,harcèlement sexuel,harcèlement sexuel,False,False,False,Support / Search Term,Support,,French publication/search keyword. Translation/Gloss: sexual harassment.,regex,(?:^|[^\p{L}\p{N}_])harcèlement\ sexuel(?:[^\p{L}\p{N}_]|$)
Burundi,ukatili dhidi ya wanawake,ukatili dhidi ya wanawake,ukatili dhidi ya wanawake,ukatili dhidi ya wanawake,False,True,False,Support / Search Term,Support,,Swahili search keyword. Translation/Gloss: violence against women.,regex,(?:^|[^\p{L}\p{N}_])ukatili\ dhidi\ ya\ wanawake(?:[^\p{L}\p{N}_]|$)
Burundi,unyanyasaji wa kijinsia,unyanyasaji wa kijinsia,unyanyasaji wa kijinsia,unyanyasaji wa kijinsia,False,True,False,Support / Search Term,Support,,Swahili search keyword used across East/Central African contexts. Translation/Gloss: gender/sexual harassment.,regex,(?:^|[^\p{L}\p{N}_])unyanyasaji\ wa\ kijinsia(?:[^\p{L}\p{N}_]|$)
Cabo Verde,#ChegaDeFiuFiu,#ChegaDeFiuFiu,ChegaDeFiuFiu,chegadefiufiu,True,True,False,Support / Adjacent,Support,,Brazil-origin anti-street-harassment campaign; relevant for Portuguese-language searches. Translation/Gloss: Enough with catcalling.,regex,(?:^|[^\p{L}\p{N}_])chegadefiufiu(?:[^\p{L}\p{N}_]|$)
Cabo Verde,#EuTambém,#EuTambém,EuTambém,eutambém,True,False,False,Support / Translation,Support,,Portuguese equivalent of #MeToo. Translation/Gloss: Me too.,regex,(?:^|[^\p{L}\p{N}_])eutambém(?:[^\p{L}\p{N}_]|$)
Cabo Verde,#HimToo,#HimToo,HimToo,himtoo,True,True,False,Backlash / Counter,Backlash,,Major counter-/backlash hashtag that recast #MeToo through false-accusation or accused-men-as-victims narratives; included as a global backlash search term. Translation/Gloss: Him too.,regex,(?:^|[^\p{L}\p{N}_])himtoo(?:[^\p{L}\p{N}_]|$)
Cabo Verde,#MeToo,#MeToo,MeToo,metoo,True,True,False,Support / Global,Support,,Baseline global #MeToo hashtag; included for every country/territory as the common cross-border search term. Translation/Gloss: Me too.,regex,(?:^|[^\p{L}\p{N}_])metoo(?:[^\p{L}\p{N}_]|$)
Cabo Verde,#PrimeiroAssédio,#PrimeiroAssédio,PrimeiroAssédio,primeiroassédio,True,False,False,Support / Adjacent,Support,,Brazil-origin hashtag where women shared first harassment experiences. Translation/Gloss: First harassment.,regex,(?:^|[^\p{L}\p{N}_])primeiroassédio(?:[^\p{L}\p{N}_]|$)
Cabo Verde,assédio sexual,assédio sexual,assédio sexual,assédio sexual,False,False,False,Support / Search Term,Support,,Portuguese publication/search keyword. Translation/Gloss: sexual harassment.,regex,(?:^|[^\p{L}\p{N}_])assédio\ sexual(?:[^\p{L}\p{N}_]|$)
Cambodia,#HimToo,#HimToo,HimToo,himtoo,True,True,False,Backlash / Counter,Backlash,,Major counter-/backlash hashtag that recast #MeToo through false-accusation or accused-men-as-victims narratives; included as a global backlash search term. Translation/Gloss: Him too.,regex,(?:^|[^\p{L}\p{N}_])himtoo(?:[^\p{L}\p{N}_]|$)
Cambodia,#MeToo,#MeToo,MeToo,metoo,True,True,False,Support / Global,Support,,Baseline global #MeToo hashtag; included for every country/territory as the common cross-border search term. Translation/Gloss: Me too.,regex,(?:^|[^\p{L}\p{N}_])metoo(?:[^\p{L}\p{N}_]|$)
Cambodia,sexual harassment (generic),sexual harassment,sexual harassment,sexual harassment,False,True,False,Support / Generic Term,Support,generic,No documented movement; defamation law chills disclosure.,regex,(?:^|[^\p{L}\p{N}_])sexual\ harassment(?:[^\p{L}\p{N}_]|$)
Cambodia,ការបៀតបៀនផ្លូវភេទ,ការបៀតបៀនផ្លូវភេទ,ការបៀតបៀនផ្លូវភេទ,ការបៀតបៀនផ្លូវភេទ,False,False,False,Support / Search Term,Support,,Khmer publication/search keyword. Translation/Gloss: sexual harassment.,substr,
Cameroon,#BalanceTonPorc,#BalanceTonPorc,BalanceTonPorc,balancetonporc,True,True,False,Support / Adjacent,Support,,French #MeToo-era hashtag for naming or denouncing perpetrators; also provoked public backlash debates. Translation/Gloss: Expose/denounce your pig.,regex,(?:^|[^\p{L}\p{N}_])balancetonporc(?:[^\p{L}\p{N}_]|$)
Cameroon,#HimToo,#HimToo,HimToo,himtoo,True,True,False,Backlash / Counter,Backlash,,Major counter-/backlash hashtag that recast #MeToo through false-accusation or accused-men-as-victims narratives; included as a global backlash search term. Translation/Gloss: Him too.,regex,(?:^|[^\p{L}\p{N}_])himtoo(?:[^\p{L}\p{N}_]|$)
Cameroon,#MeToo,#MeToo,MeToo,metoo,True,True,False,Support / Global,Support,,Baseline global #MeToo hashtag; included for every country/territory as the common cross-border search term. Translation/Gloss: Me too.,regex,(?:^|[^\p{L}\p{N}_])metoo(?:[^\p{L}\p{N}_]|$)
Cameroon,#MoiAussi,#MoiAussi,MoiAussi,moiaussi,True,True,False,Support / Translation,Support,,"French-language equivalent of #MeToo, documented in Canada/Francophone coverage. Translation/Gloss: Me too.",regex,(?:^|[^\p{L}\p{N}_])moiaussi(?:[^\p{L}\p{N}_]|$)
Cameroon,#NousToutes,#NousToutes,NousToutes,noustoutes,True,True,False,Support / Adjacent,Support,,French feminist collective/hashtag after #MeToo and #BalanceTonPorc focused on violence against women. Translation/Gloss: All of us women.,regex,(?:^|[^\p{L}\p{N}_])noustoutes(?:[^\p{L}\p{N}_]|$)
Cameroon,harcèlement sexuel,harcèlement sexuel,harcèlement sexuel,harcèlement sexuel,False,False,False,Support / Search Term,Support,,French publication/search keyword. Translation/Gloss: sexual harassment.,regex,(?:^|[^\p{L}\p{N}_])harcèlement\ sexuel(?:[^\p{L}\p{N}_]|$)
Canada,#BalanceTonPorc,#BalanceTonPorc,BalanceTonPorc,balancetonporc,True,True,False,Support / Adjacent,Support,,French #MeToo-era hashtag for naming or denouncing perpetrators; also provoked public backlash debates. Translation/Gloss: Expose/denounce your pig.,regex,(?:^|[^\p{L}\p{N}_])balancetonporc(?:[^\p{L}\p{N}_]|$)
Canada,#BeenRapedNeverReported / #AgressionNonDénoncée,#BeenRapedNeverReported,BeenRapedNeverReported,beenrapedneverreported,True,True,False,Support,Support,,2014 precursor launched by journalists Antonia Zerbisias and Sue Montgomery after the Jian Ghomeshi (CBC) scandal.,regex,(?:^|[^\p{L}\p{N}_])beenrapedneverreported(?:[^\p{L}\p{N}_]|$)
Canada,#BeenRapedNeverReported / #AgressionNonDénoncée,#AgressionNonDénoncée,AgressionNonDénoncée,agressionnondénoncée,True,False,False,Support,Support,,2014 precursor launched by journalists Antonia Zerbisias and Sue Montgomery after the Jian Ghomeshi (CBC) scandal.,regex,(?:^|[^\p{L}\p{N}_])agressionnondénoncée(?:[^\p{L}\p{N}_]|$)
Canada,#BelieveWomen,#BelieveWomen,BelieveWomen,believewomen,True,True,False,Support / Solidarity,Support,,Survivor-belief and anti-victim-blaming phrase used in #MeToo-related discourse. Translation/Gloss: Believe women.,regex,(?:^|[^\p{L}\p{N}_])believewomen(?:[^\p{L}\p{N}_]|$)
Canada,#EtMaintenant,#EtMaintenant,EtMaintenant,etmaintenant,True,True,False,Support / Continuation,Support,,Canada/Quebec: follow-on discussion about what comes after #MoiAussi/#MeToo disclosures. Translation/Gloss: And now / what now.,regex,(?:^|[^\p{L}\p{N}_])etmaintenant(?:[^\p{L}\p{N}_]|$)
Canada,#HimToo,#HimToo,HimToo,himtoo,True,True,False,Backlash / Counter,Backlash,,Major counter-/backlash hashtag that recast #MeToo through false-accusation or accused-men-as-victims narratives; included as a global backlash search term. Translation/Gloss: Him too.,regex,(?:^|[^\p{L}\p{N}_])himtoo(?:[^\p{L}\p{N}_]|$)
Canada,#MeToo,#MeToo,MeToo,metoo,True,True,False,Support / Global,Support,,Baseline global #MeToo hashtag; included for every country/territory as the common cross-border search term. Translation/Gloss: Me too.,regex,(?:^|[^\p{L}\p{N}_])metoo(?:[^\p{L}\p{N}_]|$)
Canada,#MoiAussi,#MoiAussi,MoiAussi,moiaussi,True,True,False,Support / Translation,Support,,Canada/Quebec: French-language #MeToo equivalent; later followed by #EtMaintenant discussion. Translation/Gloss: Me too.,regex,(?:^|[^\p{L}\p{N}_])moiaussi(?:[^\p{L}\p{N}_]|$)
Canada,#NousToutes,#NousToutes,NousToutes,noustoutes,True,True,False,Support / Adjacent,Support,,French feminist collective/hashtag after #MeToo and #BalanceTonPorc focused on violence against women. Translation/Gloss: All of us women.,regex,(?:^|[^\p{L}\p{N}_])noustoutes(?:[^\p{L}\p{N}_]|$)
Canada,#TimesUp,#TimesUp,TimesUp,timesup,True,True,False,Support / Solidarity,Support,,Transnational accountability and anti-harassment hashtag frequently paired with #MeToo. Translation/Gloss: Time is up.,regex,(?:^|[^\p{L}\p{N}_])timesup(?:[^\p{L}\p{N}_]|$)
Canada,Jian Ghomeshi,Jian Ghomeshi,Jian Ghomeshi,jian ghomeshi,False,True,False,Support / Case / Backlash / Acquittal Discourse,Support,,2014 allegations; 2016 acquittal fueled both #IBelieveSurvivors solidarity and due-process backlash debate.,regex,(?:^|[^\p{L}\p{N}_])jian\ ghomeshi(?:[^\p{L}\p{N}_]|$)
Canada,harcèlement sexuel,harcèlement sexuel,harcèlement sexuel,harcèlement sexuel,False,False,False,Support / Search Term,Support,,French publication/search keyword. Translation/Gloss: sexual harassment.,regex,(?:^|[^\p{L}\p{N}_])harcèlement\ sexuel(?:[^\p{L}\p{N}_]|$)
Canada,sexual harassment,sexual harassment,sexual harassment,sexual harassment,False,True,False,Support / Search Term,Support,,English search keyword for #MeToo-related social-media and publication searches. Translation/Gloss: sexual harassment.,regex,(?:^|[^\p{L}\p{N}_])sexual\ harassment(?:[^\p{L}\p{N}_]|$)
Canada,vague de dénonciations 2020,vague de dénonciations 2020,vague de dénonciations 2020,vague de dénonciations 2020,False,False,False,Support,Support,,July 2020 second Quebec wave: anonymous Instagram lists naming public figures.,regex,(?:^|[^\p{L}\p{N}_])vague\ de\ dénonciations\ 2020(?:[^\p{L}\p{N}_]|$)
Canada,violence against women,violence against women,violence against women,violence against women,False,True,False,Support / Search Term,Support,,English search keyword for adjacent #MeToo and gender-based violence coverage. Translation/Gloss: violence against women.,regex,(?:^|[^\p{L}\p{N}_])violence\ against\ women(?:[^\p{L}\p{N}_]|$)
Cayman Islands,#BelieveWomen,#BelieveWomen,BelieveWomen,believewomen,True,True,False,Support / Solidarity,Support,,Survivor-belief and anti-victim-blaming phrase used in #MeToo-related discourse. Translation/Gloss: Believe women.,regex,(?:^|[^\p{L}\p{N}_])believewomen(?:[^\p{L}\p{N}_]|$)
Cayman Islands,#HimToo,#HimToo,HimToo,himtoo,True,True,False,Backlash / Counter,Backlash,,Major counter-/backlash hashtag that recast #MeToo through false-accusation or accused-men-as-victims narratives; included as a global backlash search term. Translation/Gloss: Him too.,regex,(?:^|[^\p{L}\p{N}_])himtoo(?:[^\p{L}\p{N}_]|$)
Cayman Islands,#MeToo,#MeToo,MeToo,metoo,True,True,False,Support / Global,Support,,Baseline global #MeToo hashtag; included for every country/territory as the common cross-border search term. Translation/Gloss: Me too.,regex,(?:^|[^\p{L}\p{N}_])metoo(?:[^\p{L}\p{N}_]|$)
Cayman Islands,#TimesUp,#TimesUp,TimesUp,timesup,True,True,False,Support / Solidarity,Support,,Transnational accountability and anti-harassment hashtag frequently paired with #MeToo. Translation/Gloss: Time is up.,regex,(?:^|[^\p{L}\p{N}_])timesup(?:[^\p{L}\p{N}_]|$)
Cayman Islands,sexual harassment,sexual harassment,sexual harassment,sexual harassment,False,True,False,Support / Search Term,Support,,English search keyword for #MeToo-related social-media and publication searches. Translation/Gloss: sexual harassment.,regex,(?:^|[^\p{L}\p{N}_])sexual\ harassment(?:[^\p{L}\p{N}_]|$)
Cayman Islands,violence against women,violence against women,violence against women,violence against women,False,True,False,Support / Search Term,Support,,English search keyword for adjacent #MeToo and gender-based violence coverage. Translation/Gloss: violence against women.,regex,(?:^|[^\p{L}\p{N}_])violence\ against\ women(?:[^\p{L}\p{N}_]|$)
Central African Republic,#BalanceTonPorc,#BalanceTonPorc,BalanceTonPorc,balancetonporc,True,True,False,Support / Adjacent,Support,,French #MeToo-era hashtag for naming or denouncing perpetrators; also provoked public backlash debates. Translation/Gloss: Expose/denounce your pig.,regex,(?:^|[^\p{L}\p{N}_])balancetonporc(?:[^\p{L}\p{N}_]|$)
Central African Republic,#HimToo,#HimToo,HimToo,himtoo,True,True,False,Backlash / Counter,Backlash,,Major counter-/backlash hashtag that recast #MeToo through false-accusation or accused-men-as-victims narratives; included as a global backlash search term. Translation/Gloss: Him too.,regex,(?:^|[^\p{L}\p{N}_])himtoo(?:[^\p{L}\p{N}_]|$)
Central African Republic,#MeToo,#MeToo,MeToo,metoo,True,True,False,Support / Global,Support,,Baseline global #MeToo hashtag; included for every country/territory as the common cross-border search term. Translation/Gloss: Me too.,regex,(?:^|[^\p{L}\p{N}_])metoo(?:[^\p{L}\p{N}_]|$)
Central African Republic,#MoiAussi,#MoiAussi,MoiAussi,moiaussi,True,True,False,Support / Translation,Support,,"French-language equivalent of #MeToo, documented in Canada/Francophone coverage. Translation/Gloss: Me too.",regex,(?:^|[^\p{L}\p{N}_])moiaussi(?:[^\p{L}\p{N}_]|$)
Central African Republic,#NousToutes,#NousToutes,NousToutes,noustoutes,True,True,False,Support / Adjacent,Support,,French feminist collective/hashtag after #MeToo and #BalanceTonPorc focused on violence against women. Translation/Gloss: All of us women.,regex,(?:^|[^\p{L}\p{N}_])noustoutes(?:[^\p{L}\p{N}_]|$)
Central African Republic,harcèlement sexuel,harcèlement sexuel,harcèlement sexuel,harcèlement sexuel,False,False,False,Support / Search Term,Support,,French publication/search keyword. Translation/Gloss: sexual harassment.,regex,(?:^|[^\p{L}\p{N}_])harcèlement\ sexuel(?:[^\p{L}\p{N}_]|$)
Chad,#BalanceTonPorc,#BalanceTonPorc,BalanceTonPorc,balancetonporc,True,True,False,Support / Adjacent,Support,,French #MeToo-era hashtag for naming or denouncing perpetrators; also provoked public backlash debates. Translation/Gloss: Expose/denounce your pig.,regex,(?:^|[^\p{L}\p{N}_])balancetonporc(?:[^\p{L}\p{N}_]|$)
Chad,#HimToo,#HimToo,HimToo,himtoo,True,True,False,Backlash / Counter,Backlash,,Major counter-/backlash hashtag that recast #MeToo through false-accusation or accused-men-as-victims narratives; included as a global backlash search term. Translation/Gloss: Him too.,regex,(?:^|[^\p{L}\p{N}_])himtoo(?:[^\p{L}\p{N}_]|$)
Chad,#MeToo,#MeToo,MeToo,metoo,True,True,False,Support / Global,Support,,Baseline global #MeToo hashtag; included for every country/territory as the common cross-border search term. Translation/Gloss: Me too.,regex,(?:^|[^\p{L}\p{N}_])metoo(?:[^\p{L}\p{N}_]|$)
Chad,#MoiAussi,#MoiAussi,MoiAussi,moiaussi,True,True,False,Support / Translation,Support,,"French-language equivalent of #MeToo, documented in Canada/Francophone coverage. Translation/Gloss: Me too.",regex,(?:^|[^\p{L}\p{N}_])moiaussi(?:[^\p{L}\p{N}_]|$)
Chad,#NousToutes,#NousToutes,NousToutes,noustoutes,True,True,False,Support / Adjacent,Support,,French feminist collective/hashtag after #MeToo and #BalanceTonPorc focused on violence against women. Translation/Gloss: All of us women.,regex,(?:^|[^\p{L}\p{N}_])noustoutes(?:[^\p{L}\p{N}_]|$)
Chad,harcèlement sexuel,harcèlement sexuel,harcèlement sexuel,harcèlement sexuel,False,False,False,Support / Search Term,Support,,French publication/search keyword. Translation/Gloss: sexual harassment.,regex,(?:^|[^\p{L}\p{N}_])harcèlement\ sexuel(?:[^\p{L}\p{N}_]|$)
Chile,#Cuéntalo,#Cuéntalo,Cuéntalo,cuéntalo,True,False,False,Support / Adjacent,Support,,Spanish testimony hashtag associated especially with Spain and the La Manada reckoning; useful across Spanish-language searches. Translation/Gloss: Tell it / tell your story.,regex,(?:^|[^\p{L}\p{N}_])cuéntalo(?:[^\p{L}\p{N}_]|$)
Chile,#EducaciónNoSexista,#EducaciónNoSexista,EducaciónNoSexista,educaciónnosexista,True,False,False,Support / Adjacent,Support,,"Chile: student feminist mobilizations and university occupations around harassment, abuse, and sexist education. Translation/Gloss: Non-sexist education.",regex,(?:^|[^\p{L}\p{N}_])educaciónnosexista(?:[^\p{L}\p{N}_]|$)
Chile,#HimToo,#HimToo,HimToo,himtoo,True,True,False,Backlash / Counter,Backlash,,Major counter-/backlash hashtag that recast #MeToo through false-accusation or accused-men-as-victims narratives; included as a global backlash search term. Translation/Gloss: Him too.,regex,(?:^|[^\p{L}\p{N}_])himtoo(?:[^\p{L}\p{N}_]|$)
Chile,#MeToo,#MeToo,MeToo,metoo,True,True,False,Support / Global,Support,,Baseline global #MeToo hashtag; included for every country/territory as the common cross-border search term. Translation/Gloss: Me too.,regex,(?:^|[^\p{L}\p{N}_])metoo(?:[^\p{L}\p{N}_]|$)
Chile,#NiUnaMenos,#NiUnaMenos,NiUnaMenos,niunamenos,True,True,False,Support / Adjacent,Support,,Latin American movement against femicide and violence against women; often overlaps with #MeToo-adjacent activism. Translation/Gloss: Not one woman less.,regex,(?:^|[^\p{L}\p{N}_])niunamenos(?:[^\p{L}\p{N}_]|$)
Chile,#NiUnaMenos / #EducacionNoSexista,#EducacionNoSexista,EducacionNoSexista,educacionnosexista,True,True,False,Support,Support,,May 2018 'Mayo Feminista': feminist occupations of universities against harassment in education.,regex,(?:^|[^\p{L}\p{N}_])educacionnosexista(?:[^\p{L}\p{N}_]|$)
Chile,#UnVioladorEnTuCamino,#UnVioladorEnTuCamino,UnVioladorEnTuCamino,unvioladorentucamino,True,True,False,Support,Support,,"Translates to 'A rapist in your path'. A viral protest chant created by collective Las Tesis in 2019, blaming the state and police for systemic gender-based violence.",regex,(?:^|[^\p{L}\p{N}_])unvioladorentucamino(?:[^\p{L}\p{N}_]|$)
Chile,#YoSíTeCreo,#YoSíTeCreo,YoSíTeCreo,yosítecreo,True,False,False,Support / Solidarity,Support,,Spanish solidarity tag/phrase used around sexual-violence testimony and belief of survivors. Translation/Gloss: I do believe you.,regex,(?:^|[^\p{L}\p{N}_])yosítecreo(?:[^\p{L}\p{N}_]|$)
Chile,#YoTambién,#YoTambién,YoTambién,yotambién,True,False,False,Support / Translation,Support,,Spanish-language equivalent of #MeToo; documented in global/regional lists. Translation/Gloss: Me too.,regex,(?:^|[^\p{L}\p{N}_])yotambién(?:[^\p{L}\p{N}_]|$)
Chile,LasTesis / El violador eres tú,LasTesis,LasTesis,lastesis,False,True,False,Support,Support,,Nov 2019 performance 'Un violador en tu camino' by LasTesis collective; replicated worldwide.,regex,(?:^|[^\p{L}\p{N}_])lastesis(?:[^\p{L}\p{N}_]|$)
Chile,LasTesis / El violador eres tú,El violador eres tú,El violador eres tú,el violador eres tú,False,False,False,Support,Support,,Nov 2019 performance 'Un violador en tu camino' by LasTesis collective; replicated worldwide.,regex,(?:^|[^\p{L}\p{N}_])el\ violador\ eres\ tú(?:[^\p{L}\p{N}_]|$)
Chile,acoso sexual,acoso sexual,acoso sexual,acoso sexual,False,True,False,Support / Search Term,Support,,Spanish publication/search keyword. Translation/Gloss: sexual harassment.,regex,(?:^|[^\p{L}\p{N}_])acoso\ sexual(?:[^\p{L}\p{N}_]|$)
China,#HimToo,#HimToo,HimToo,himtoo,True,True,False,Backlash / Counter,Backlash,,Major counter-/backlash hashtag that recast #MeToo through false-accusation or accused-men-as-victims narratives; included as a global backlash search term. Translation/Gloss: Him too.,regex,(?:^|[^\p{L}\p{N}_])himtoo(?:[^\p{L}\p{N}_]|$)
China,#MeToo,#MeToo,MeToo,metoo,True,True,False,Support / Global,Support,,Baseline global #MeToo hashtag; included for every country/territory as the common cross-border search term. Translation/Gloss: Me too.,regex,(?:^|[^\p{L}\p{N}_])metoo(?:[^\p{L}\p{N}_]|$)
China,#MeToo / 我也是,我也是,我也是,我也是,False,False,True,Support,Support,,"Jan 2018: Luo Xixi (罗茜茜) publicly accused Beihang professor Chen Xiaowu - start of Chinese MeToo, centered on universities.",substr,
China,#RiceBunny,#RiceBunny,RiceBunny,ricebunny,True,True,False,Support / Censorship Workaround,Support,,China: rice/bunny homophone used after #MeToo-related posts faced censorship; Luo Xixi's Beihang accusation became a key trigger. Native script: #米兔. Translation/Gloss: MeToo homophone.,regex,(?:^|[^\p{L}\p{N}_])ricebunny(?:[^\p{L}\p{N}_]|$)
China,#女孩帮助女孩,#女孩帮助女孩,女孩帮助女孩,女孩帮助女孩,True,False,True,Support / Solidarity,Support,,China: solidarity phrase/tag used in later sexual-assault/celebrity accountability cases such as the Kris Wu/Du Meizhu wave. Translation/Gloss: girls help girls.,substr,
China,#米兔,#米兔,米兔,米兔,True,False,True,Support,Support,,Activists used emojis of rice (mi) and a bunny (tu) to bypass aggressive state algorithmic censorship of the #MeToo term. Chinese authorities aggressively censor digital activism.,substr,
China,刘强东 / 彭帅 (#WhereIsPengShuai),刘强东,刘强东,刘强东,False,False,True,Support / Case,Support,,"Richard Liu (JD.com) Minnesota case 2018; Peng Shuai's Nov 2021 post accusing Zhang Gaoli, followed by censorship and global #WhereIsPengShuai campaign.",substr,
China,刘强东 / 彭帅 (#WhereIsPengShuai),彭帅 (#WhereIsPengShuai),彭帅 (#WhereIsPengShuai),彭帅 (#whereispengshuai),False,False,True,Support / Case,Support,,"Richard Liu (JD.com) Minnesota case 2018; Peng Shuai's Nov 2021 post accusing Zhang Gaoli, followed by censorship and global #WhereIsPengShuai campaign.",substr,
China,女拳 / 田园女权,女拳,女拳,女拳,False,False,True,Backlash,Backlash,,"Misogynist slurs ('female fist', 'pastoral feminism') used to attack feminists; state censorship plus nationalist framing of MeToo as foreign interference constitute the backlash.",substr,
China,女拳 / 田园女权,田园女权,田园女权,田园女权,False,False,True,Backlash,Backlash,,"Misogynist slurs ('female fist', 'pastoral feminism') used to attack feminists; state censorship plus nationalist framing of MeToo as foreign interference constitute the backlash.",substr,
China,弦子 / 朱军,弦子,弦子,弦子,False,False,True,Support / Case,Support,,"Xianzi (Zhou Xiaoxuan) vs CCTV host Zhu Jun - landmark harassment lawsuit (filed 2018, dismissed 2021); rally point despite censorship.",substr,
China,弦子 / 朱军,朱军,朱军,朱军,False,False,True,Support / Case,Support,,"Xianzi (Zhou Xiaoxuan) vs CCTV host Zhu Jun - landmark harassment lawsuit (filed 2018, dismissed 2021); rally point despite censorship.",substr,
China,性骚扰,性骚扰,性骚扰,性骚扰,False,False,True,Support / Search Term,Support,,Chinese publication/search keyword. Translation/Gloss: sexual harassment.,substr,
China,米兔 (#RiceBunny),米兔 (#RiceBunny),米兔 (#RiceBunny),米兔 (#ricebunny),False,False,True,Support,Support,,Homophone of 'me too' (mi tu) used to evade censorship of the main tag.,substr,
Christmas Island,#HimToo,#HimToo,HimToo,himtoo,True,True,False,Backlash / Counter,Backlash,,Major counter-/backlash hashtag that recast #MeToo through false-accusation or accused-men-as-victims narratives; included as a global backlash search term. Translation/Gloss: Him too.,regex,(?:^|[^\p{L}\p{N}_])himtoo(?:[^\p{L}\p{N}_]|$)
Christmas Island,#MeToo,#MeToo,MeToo,metoo,True,True,False,Support / Global,Support,,Baseline global #MeToo hashtag; included for every country/territory as the common cross-border search term. Translation/Gloss: Me too.,regex,(?:^|[^\p{L}\p{N}_])metoo(?:[^\p{L}\p{N}_]|$)
Cocos (Keeling) Islands,#HimToo,#HimToo,HimToo,himtoo,True,True,False,Backlash / Counter,Backlash,,Major counter-/backlash hashtag that recast #MeToo through false-accusation or accused-men-as-victims narratives; included as a global backlash search term. Translation/Gloss: Him too.,regex,(?:^|[^\p{L}\p{N}_])himtoo(?:[^\p{L}\p{N}_]|$)
Cocos (Keeling) Islands,#MeToo,#MeToo,MeToo,metoo,True,True,False,Support / Global,Support,,Baseline global #MeToo hashtag; included for every country/territory as the common cross-border search term. Translation/Gloss: Me too.,regex,(?:^|[^\p{L}\p{N}_])metoo(?:[^\p{L}\p{N}_]|$)
Colombia,#Cuéntalo,#Cuéntalo,Cuéntalo,cuéntalo,True,False,False,Support / Adjacent,Support,,Spanish testimony hashtag associated especially with Spain and the La Manada reckoning; useful across Spanish-language searches. Translation/Gloss: Tell it / tell your story.,regex,(?:^|[^\p{L}\p{N}_])cuéntalo(?:[^\p{L}\p{N}_]|$)
Colombia,#HimToo,#HimToo,HimToo,himtoo,True,True,False,Backlash / Counter,Backlash,,Major counter-/backlash hashtag that recast #MeToo through false-accusation or accused-men-as-victims narratives; included as a global backlash search term. Translation/Gloss: Him too.,regex,(?:^|[^\p{L}\p{N}_])himtoo(?:[^\p{L}\p{N}_]|$)
Colombia,#MeToo,#MeToo,MeToo,metoo,True,True,False,Support / Global,Support,,Baseline global #MeToo hashtag; included for every country/territory as the common cross-border search term. Translation/Gloss: Me too.,regex,(?:^|[^\p{L}\p{N}_])metoo(?:[^\p{L}\p{N}_]|$)
Colombia,#MeTooColombia,#MeTooColombia,MeTooColombia,metoocolombia,True,True,False,Support / Localized,Support,,Colombia: renewed 2026 movement after journalist Juanita Gomez and Caracol TV-related harassment allegations; spread beyond media. Translation/Gloss: MeToo Colombia.,regex,(?:^|[^\p{L}\p{N}_])metoocolombia(?:[^\p{L}\p{N}_]|$)
Colombia,#NiUnaMenos,#NiUnaMenos,NiUnaMenos,niunamenos,True,True,False,Support / Adjacent,Support,,Latin American movement against femicide and violence against women; often overlaps with #MeToo-adjacent activism. Translation/Gloss: Not one woman less.,regex,(?:^|[^\p{L}\p{N}_])niunamenos(?:[^\p{L}\p{N}_]|$)
Colombia,#NiUnaMenos / acoso sexual,acoso sexual,acoso sexual,acoso sexual,False,True,False,Support,Support,,Regional tags; no separate large Colombian MeToo hashtag.,regex,(?:^|[^\p{L}\p{N}_])acoso\ sexual(?:[^\p{L}\p{N}_]|$)
Colombia,#NoEsHoraDeCallar,#NoEsHoraDeCallar,NoEsHoraDeCallar,noeshoradecallar,True,True,False,Support,Support,,"'It is not time to be silent' - journalist Jineth Bedoya's campaign against sexual violence (predates MeToo, became the national frame).",regex,(?:^|[^\p{L}\p{N}_])noeshoradecallar(?:[^\p{L}\p{N}_]|$)
Colombia,#YoSíTeCreo,#YoSíTeCreo,YoSíTeCreo,yosítecreo,True,False,False,Support / Solidarity,Support,,Spanish solidarity tag/phrase used around sexual-violence testimony and belief of survivors. Translation/Gloss: I do believe you.,regex,(?:^|[^\p{L}\p{N}_])yosítecreo(?:[^\p{L}\p{N}_]|$)
Colombia,#YoTambién,#YoTambién,YoTambién,yotambién,True,False,False,Support / Translation,Support,,Spanish-language equivalent of #MeToo; documented in global/regional lists. Translation/Gloss: Me too.,regex,(?:^|[^\p{L}\p{N}_])yotambién(?:[^\p{L}\p{N}_]|$)
Colombia,#YoTeCreoColega,#YoTeCreoColega,YoTeCreoColega,yotecreocolega,True,True,False,Support / Solidarity,Support,,"Colombia: women journalists used the tag to collect/report harassment experiences in media workplaces in 2026. Translation/Gloss: I believe you, colleague.",regex,(?:^|[^\p{L}\p{N}_])yotecreocolega(?:[^\p{L}\p{N}_]|$)
Comoros,#BalanceTonPorc,#BalanceTonPorc,BalanceTonPorc,balancetonporc,True,True,False,Support / Adjacent,Support,,French #MeToo-era hashtag for naming or denouncing perpetrators; also provoked public backlash debates. Translation/Gloss: Expose/denounce your pig.,regex,(?:^|[^\p{L}\p{N}_])balancetonporc(?:[^\p{L}\p{N}_]|$)
Comoros,#HimToo,#HimToo,HimToo,himtoo,True,True,False,Backlash / Counter,Backlash,,Major counter-/backlash hashtag that recast #MeToo through false-accusation or accused-men-as-victims narratives; included as a global backlash search term. Translation/Gloss: Him too.,regex,(?:^|[^\p{L}\p{N}_])himtoo(?:[^\p{L}\p{N}_]|$)
Comoros,#MeToo,#MeToo,MeToo,metoo,True,True,False,Support / Global,Support,,Baseline global #MeToo hashtag; included for every country/territory as the common cross-border search term. Translation/Gloss: Me too.,regex,(?:^|[^\p{L}\p{N}_])metoo(?:[^\p{L}\p{N}_]|$)
Comoros,#MoiAussi,#MoiAussi,MoiAussi,moiaussi,True,True,False,Support / Translation,Support,,"French-language equivalent of #MeToo, documented in Canada/Francophone coverage. Translation/Gloss: Me too.",regex,(?:^|[^\p{L}\p{N}_])moiaussi(?:[^\p{L}\p{N}_]|$)
Comoros,#MosqueMeToo,#MosqueMeToo,MosqueMeToo,mosquemetoo,True,True,False,Support / Adjacent,Support,,"Hashtag for Muslim women's accounts of harassment/abuse during Hajj, in mosques, or in religious spaces. Translation/Gloss: MeToo in mosque/Hajj contexts.",regex,(?:^|[^\p{L}\p{N}_])mosquemetoo(?:[^\p{L}\p{N}_]|$)
Comoros,#NousToutes,#NousToutes,NousToutes,noustoutes,True,True,False,Support / Adjacent,Support,,French feminist collective/hashtag after #MeToo and #BalanceTonPorc focused on violence against women. Translation/Gloss: All of us women.,regex,(?:^|[^\p{L}\p{N}_])noustoutes(?:[^\p{L}\p{N}_]|$)
Comoros,#أنا_أيضا,#أنا_أيضا,أنا_أيضا,أنا_أيضا,True,False,False,Support / Translation,Support,,Formal Arabic equivalent of #MeToo. Translation/Gloss: Me too / I also.,substr,
Comoros,#أنا_كمان,#أنا_كمان,أنا_كمان,أنا_كمان,True,False,False,Support / Translation,Support,,Arabic #MeToo counterpart used across Arabic-speaking social media. Translation/Gloss: Me too.,substr,
Comoros,harcèlement sexuel,harcèlement sexuel,harcèlement sexuel,harcèlement sexuel,False,False,False,Support / Search Term,Support,,French publication/search keyword. Translation/Gloss: sexual harassment.,regex,(?:^|[^\p{L}\p{N}_])harcèlement\ sexuel(?:[^\p{L}\p{N}_]|$)
Comoros,التحرش_الجنسي,التحرش_الجنسي,التحرش_الجنسي,التحرش_الجنسي,False,False,False,Support / Search Term,Support,,Arabic publication/search keyword. Translation/Gloss: sexual harassment.,substr,
Comoros,العنف_ضد_المرأة,العنف_ضد_المرأة,العنف_ضد_المرأة,العنف_ضد_المرأة,False,False,False,Support / Search Term,Support,,Arabic publication/search keyword. Translation/Gloss: violence against women.,substr,
Cook Islands,#HimToo,#HimToo,HimToo,himtoo,True,True,False,Backlash / Counter,Backlash,,Major counter-/backlash hashtag that recast #MeToo through false-accusation or accused-men-as-victims narratives; included as a global backlash search term. Translation/Gloss: Him too.,regex,(?:^|[^\p{L}\p{N}_])himtoo(?:[^\p{L}\p{N}_]|$)
Cook Islands,#MeToo,#MeToo,MeToo,metoo,True,True,False,Support / Global,Support,,Baseline global #MeToo hashtag; included for every country/territory as the common cross-border search term. Translation/Gloss: Me too.,regex,(?:^|[^\p{L}\p{N}_])metoo(?:[^\p{L}\p{N}_]|$)
Costa Rica,#Cuéntalo,#Cuéntalo,Cuéntalo,cuéntalo,True,False,False,Support / Adjacent,Support,,Spanish testimony hashtag associated especially with Spain and the La Manada reckoning; useful across Spanish-language searches. Translation/Gloss: Tell it / tell your story.,regex,(?:^|[^\p{L}\p{N}_])cuéntalo(?:[^\p{L}\p{N}_]|$)
Costa Rica,#HimToo,#HimToo,HimToo,himtoo,True,True,False,Backlash / Counter,Backlash,,Major counter-/backlash hashtag that recast #MeToo through false-accusation or accused-men-as-victims narratives; included as a global backlash search term. Translation/Gloss: Him too.,regex,(?:^|[^\p{L}\p{N}_])himtoo(?:[^\p{L}\p{N}_]|$)
Costa Rica,#MeToo,#MeToo,MeToo,metoo,True,True,False,Support / Global,Support,,Baseline global #MeToo hashtag; included for every country/territory as the common cross-border search term. Translation/Gloss: Me too.,regex,(?:^|[^\p{L}\p{N}_])metoo(?:[^\p{L}\p{N}_]|$)
Costa Rica,#NiUnaMenos,#NiUnaMenos,NiUnaMenos,niunamenos,True,True,False,Support / Adjacent,Support,,Latin American movement against femicide and violence against women; often overlaps with #MeToo-adjacent activism. Translation/Gloss: Not one woman less.,regex,(?:^|[^\p{L}\p{N}_])niunamenos(?:[^\p{L}\p{N}_]|$)
Costa Rica,#NiUnaMenos / acoso callejero,acoso callejero,acoso callejero,acoso callejero,False,True,False,Support,Support,,Regional frame; street-harassment law debate; no distinct national tag documented.,regex,(?:^|[^\p{L}\p{N}_])acoso\ callejero(?:[^\p{L}\p{N}_]|$)
Costa Rica,#YoSíTeCreo,#YoSíTeCreo,YoSíTeCreo,yosítecreo,True,False,False,Support / Solidarity,Support,,Spanish solidarity tag/phrase used around sexual-violence testimony and belief of survivors. Translation/Gloss: I do believe you.,regex,(?:^|[^\p{L}\p{N}_])yosítecreo(?:[^\p{L}\p{N}_]|$)
Costa Rica,#YoTambién,#YoTambién,YoTambién,yotambién,True,False,False,Support / Translation,Support,,Spanish-language equivalent of #MeToo; documented in global/regional lists. Translation/Gloss: Me too.,regex,(?:^|[^\p{L}\p{N}_])yotambién(?:[^\p{L}\p{N}_]|$)
Costa Rica,acoso sexual,acoso sexual,acoso sexual,acoso sexual,False,True,False,Support / Search Term,Support,,Spanish publication/search keyword. Translation/Gloss: sexual harassment.,regex,(?:^|[^\p{L}\p{N}_])acoso\ sexual(?:[^\p{L}\p{N}_]|$)
Côte d'Ivoire,#BalanceTonPorc,#BalanceTonPorc,BalanceTonPorc,balancetonporc,True,True,False,Support / Adjacent,Support,,French #MeToo-era hashtag for naming or denouncing perpetrators; also provoked public backlash debates. Translation/Gloss: Expose/denounce your pig.,regex,(?:^|[^\p{L}\p{N}_])balancetonporc(?:[^\p{L}\p{N}_]|$)
Côte d'Ivoire,#HimToo,#HimToo,HimToo,himtoo,True,True,False,Backlash / Counter,Backlash,,Major counter-/backlash hashtag that recast #MeToo through false-accusation or accused-men-as-victims narratives; included as a global backlash search term. Translation/Gloss: Him too.,regex,(?:^|[^\p{L}\p{N}_])himtoo(?:[^\p{L}\p{N}_]|$)
Côte d'Ivoire,#MeToo,#MeToo,MeToo,metoo,True,True,False,Support / Global,Support,,Baseline global #MeToo hashtag; included for every country/territory as the common cross-border search term. Translation/Gloss: Me too.,regex,(?:^|[^\p{L}\p{N}_])metoo(?:[^\p{L}\p{N}_]|$)
Côte d'Ivoire,#MoiAussi,#MoiAussi,MoiAussi,moiaussi,True,True,False,Support / Translation,Support,,"French-language equivalent of #MeToo, documented in Canada/Francophone coverage. Translation/Gloss: Me too.",regex,(?:^|[^\p{L}\p{N}_])moiaussi(?:[^\p{L}\p{N}_]|$)
Côte d'Ivoire,#NousToutes,#NousToutes,NousToutes,noustoutes,True,True,False,Support / Adjacent,Support,,French feminist collective/hashtag after #MeToo and #BalanceTonPorc focused on violence against women. Translation/Gloss: All of us women.,regex,(?:^|[^\p{L}\p{N}_])noustoutes(?:[^\p{L}\p{N}_]|$)
Côte d'Ivoire,harcèlement sexuel,harcèlement sexuel,harcèlement sexuel,harcèlement sexuel,False,False,False,Support / Search Term,Support,,French publication/search keyword. Translation/Gloss: sexual harassment.,regex,(?:^|[^\p{L}\p{N}_])harcèlement\ sexuel(?:[^\p{L}\p{N}_]|$)
Côte d'Ivoire,Yves de M'Bella,Yves de M'Bella,Yves de M'Bella,yves de m'bella,False,True,False,Support / Outrage Case,Support,,"Aug-Sep 2021: TV host staged a rape 'reenactment' with a convicted rapist on air; mass outrage, petitions, conviction - Ivorian flashpoint on rape culture.",regex,(?:^|[^\p{L}\p{N}_])yves\ de\ m'bella(?:[^\p{L}\p{N}_]|$)
Croatia,#HimToo,#HimToo,HimToo,himtoo,True,True,False,Backlash / Counter,Backlash,,Major counter-/backlash hashtag that recast #MeToo through false-accusation or accused-men-as-victims narratives; included as a global backlash search term. Translation/Gloss: Him too.,regex,(?:^|[^\p{L}\p{N}_])himtoo(?:[^\p{L}\p{N}_]|$)
Croatia,#MeToo,#MeToo,MeToo,metoo,True,True,False,Support / Global,Support,,Baseline global #MeToo hashtag; included for every country/territory as the common cross-border search term. Translation/Gloss: Me too.,regex,(?:^|[^\p{L}\p{N}_])metoo(?:[^\p{L}\p{N}_]|$)
Croatia,#NisamTražila,#NisamTražila,NisamTražila,nisamtražila,True,False,False,Support / Adjacent,Support,,Croatia/Western Balkans: part of cross-border survivor testimony and support movement. Translation/Gloss: I didn't ask for it.,regex,(?:^|[^\p{L}\p{N}_])nisamtražila(?:[^\p{L}\p{N}_]|$)
Croatia,#SpasiMe,#SpasiMe,SpasiMe,spasime,True,True,False,Support,Support,,"'Save me', 2019 movement against domestic/gender violence founded by actress Jelena Veljača.",regex,(?:^|[^\p{L}\p{N}_])spasime(?:[^\p{L}\p{N}_]|$)
Croatia,#nisamprijavila,#nisamprijavila,nisamprijavila,nisamprijavila,True,True,False,Support / Adjacent,Support,,Western Balkan hashtag where women recounted sexual abuse/harassment and barriers to reporting. Translation/Gloss: I did not report.,regex,(?:^|[^\p{L}\p{N}_])nisamprijavila(?:[^\p{L}\p{N}_]|$)
Croatia,seksualno uznemiravanje,seksualno uznemiravanje,seksualno uznemiravanje,seksualno uznemiravanje,False,True,False,Support / Search Term,Support,,Bosnian/Croatian/Serbian search keyword. Translation/Gloss: sexual harassment.,regex,(?:^|[^\p{L}\p{N}_])seksualno\ uznemiravanje(?:[^\p{L}\p{N}_]|$)
Cuba,#Cuéntalo,#Cuéntalo,Cuéntalo,cuéntalo,True,False,False,Support / Adjacent,Support,,Spanish testimony hashtag associated especially with Spain and the La Manada reckoning; useful across Spanish-language searches. Translation/Gloss: Tell it / tell your story.,regex,(?:^|[^\p{L}\p{N}_])cuéntalo(?:[^\p{L}\p{N}_]|$)
Cuba,#HimToo,#HimToo,HimToo,himtoo,True,True,False,Backlash / Counter,Backlash,,Major counter-/backlash hashtag that recast #MeToo through false-accusation or accused-men-as-victims narratives; included as a global backlash search term. Translation/Gloss: Him too.,regex,(?:^|[^\p{L}\p{N}_])himtoo(?:[^\p{L}\p{N}_]|$)
Cuba,#MeToo,#MeToo,MeToo,metoo,True,True,False,Support / Global,Support,,Baseline global #MeToo hashtag; included for every country/territory as the common cross-border search term. Translation/Gloss: Me too.,regex,(?:^|[^\p{L}\p{N}_])metoo(?:[^\p{L}\p{N}_]|$)
Cuba,#NiUnaMenos,#NiUnaMenos,NiUnaMenos,niunamenos,True,True,False,Support / Adjacent,Support,,Latin American movement against femicide and violence against women; often overlaps with #MeToo-adjacent activism. Translation/Gloss: Not one woman less.,regex,(?:^|[^\p{L}\p{N}_])niunamenos(?:[^\p{L}\p{N}_]|$)
Cuba,#YoSíTeCreo,#YoSíTeCreo,YoSíTeCreo,yosítecreo,True,False,False,Support / Solidarity,Support,,Spanish solidarity tag/phrase used around sexual-violence testimony and belief of survivors. Translation/Gloss: I do believe you.,regex,(?:^|[^\p{L}\p{N}_])yosítecreo(?:[^\p{L}\p{N}_]|$)
Cuba,#YoSíTeCreo (Cuba),#YoSíTeCreo (Cuba),YoSíTeCreo (Cuba),yosítecreo (cuba),True,False,False,Support,Support,,Dec 2021: independent outlet El Estornudo published allegations by multiple women against singer Fernando Bécquer - Cuban MeToo moment (state media silent; carried by independent press).,regex,(?:^|[^\p{L}\p{N}_])yosítecreo\ \(cuba\)(?:[^\p{L}\p{N}_]|$)
Cuba,#YoTambién,#YoTambién,YoTambién,yotambién,True,False,False,Support / Translation,Support,,Spanish-language equivalent of #MeToo; documented in global/regional lists. Translation/Gloss: Me too.,regex,(?:^|[^\p{L}\p{N}_])yotambién(?:[^\p{L}\p{N}_]|$)
Cuba,acoso sexual,acoso sexual,acoso sexual,acoso sexual,False,True,False,Support / Search Term,Support,,Spanish publication/search keyword. Translation/Gloss: sexual harassment.,regex,(?:^|[^\p{L}\p{N}_])acoso\ sexual(?:[^\p{L}\p{N}_]|$)
Curaçao,#HimToo,#HimToo,HimToo,himtoo,True,True,False,Backlash / Counter,Backlash,,Major counter-/backlash hashtag that recast #MeToo through false-accusation or accused-men-as-victims narratives; included as a global backlash search term. Translation/Gloss: Him too.,regex,(?:^|[^\p{L}\p{N}_])himtoo(?:[^\p{L}\p{N}_]|$)
Curaçao,#IkOok,#IkOok,IkOok,ikook,True,True,False,Support / Translation,Support,,Dutch equivalent of #MeToo. Translation/Gloss: Me too.,regex,(?:^|[^\p{L}\p{N}_])ikook(?:[^\p{L}\p{N}_]|$)
Curaçao,#MeToo,#MeToo,MeToo,metoo,True,True,False,Support / Global,Support,,Baseline global #MeToo hashtag; included for every country/territory as the common cross-border search term. Translation/Gloss: Me too.,regex,(?:^|[^\p{L}\p{N}_])metoo(?:[^\p{L}\p{N}_]|$)
Curaçao,seksuele intimidatie,seksuele intimidatie,seksuele intimidatie,seksuele intimidatie,False,True,False,Support / Search Term,Support,,Dutch publication/search keyword. Translation/Gloss: sexual harassment.,regex,(?:^|[^\p{L}\p{N}_])seksuele\ intimidatie(?:[^\p{L}\p{N}_]|$)
Cyprus,#HimToo,#HimToo,HimToo,himtoo,True,True,False,Backlash / Counter,Backlash,,Major counter-/backlash hashtag that recast #MeToo through false-accusation or accused-men-as-victims narratives; included as a global backlash search term. Translation/Gloss: Him too.,regex,(?:^|[^\p{L}\p{N}_])himtoo(?:[^\p{L}\p{N}_]|$)
Cyprus,#IBelieveHer (Ayia Napa case),#IBelieveHer (Ayia Napa case),IBelieveHer (Ayia Napa case),ibelieveher (ayia napa case),True,True,False,Support,Support,,Jan 2020 protests after a British teenager was convicted of 'public mischief' over a retracted gang-rape report in Ayia Napa; conviction later overturned.,regex,(?:^|[^\p{L}\p{N}_])ibelieveher\ \(ayia\ napa\ case\)(?:[^\p{L}\p{N}_]|$)
Cyprus,#KadınaŞiddeteHayır,#KadınaŞiddeteHayır,KadınaŞiddeteHayır,kadınaşiddetehayır,True,False,False,Support / Adjacent,Support,,Turkish-language anti-violence-against-women hashtag often overlapping with #MeToo topics. Translation/Gloss: No to violence against women.,regex,(?:^|[^\p{L}\p{N}_])kadınaşiddetehayır(?:[^\p{L}\p{N}_]|$)
Cyprus,#MeTinSofia,#MeTinSofia,MeTinSofia,metinsofia,True,True,False,Support / Solidarity,Support,,Greek #MeToo solidarity tag after Olympian Sofia Bekatorou disclosed abuse. Translation/Gloss: With Sofia.,regex,(?:^|[^\p{L}\p{N}_])metinsofia(?:[^\p{L}\p{N}_]|$)
Cyprus,#MeToo,#MeToo,MeToo,metoo,True,True,False,Support / Global,Support,,Baseline global #MeToo hashtag; included for every country/territory as the common cross-border search term. Translation/Gloss: Me too.,regex,(?:^|[^\p{L}\p{N}_])metoo(?:[^\p{L}\p{N}_]|$)
Cyprus,#SendeAnlat,#SendeAnlat,SendeAnlat,sendeanlat,True,True,False,Support / Adjacent,Support,,"Turkish hashtag after the Ozgecan Aslan murder, asking women to tell their experiences of harassment/violence. Translation/Gloss: Tell your story too.",regex,(?:^|[^\p{L}\p{N}_])sendeanlat(?:[^\p{L}\p{N}_]|$)
Cyprus,cinsel taciz,cinsel taciz,cinsel taciz,cinsel taciz,False,True,False,Support / Search Term,Support,,Turkish publication/search keyword. Translation/Gloss: sexual harassment.,regex,(?:^|[^\p{L}\p{N}_])cinsel\ taciz(?:[^\p{L}\p{N}_]|$)
Cyprus,σεξουαλική παρενόχληση,σεξουαλική παρενόχληση,σεξουαλική παρενόχληση,σεξουαλική παρενόχληση,False,False,False,Support / Search Term,Support,,Greek publication/search keyword. Translation/Gloss: sexual harassment.,substr,
Czechia,Dominik Feri,Dominik Feri,Dominik Feri,dominik feri,False,True,False,Support / Case,Support,,May 2021: popular young MP resigned after Deník N/Alarm investigation into sexual assault allegations (later convicted) - the Czech MeToo moment in an otherwise skeptical climate.,regex,(?:^|[^\p{L}\p{N}_])dominik\ feri(?:[^\p{L}\p{N}_]|$)
Czechia,hon na čarodějnice,hon na čarodějnice,hon na čarodějnice,hon na čarodějnice,False,False,False,Backlash,Backlash,,'Witch hunt' - dominant dismissive frame in Czech commentary on MeToo.,regex,(?:^|[^\p{L}\p{N}_])hon\ na\ čarodějnice(?:[^\p{L}\p{N}_]|$)
Czechia,#HimToo,#HimToo,HimToo,himtoo,True,True,False,Backlash / Counter,Backlash,,Major counter-/backlash hashtag that recast #MeToo through false-accusation or accused-men-as-victims narratives; included as a global backlash search term. Translation/Gloss: Him too.,regex,(?:^|[^\p{L}\p{N}_])himtoo(?:[^\p{L}\p{N}_]|$)
Czechia,#JáTaky,#JáTaky,JáTaky,játaky,True,False,False,Support / Translation,Support,,Czech equivalent of #MeToo. Translation/Gloss: Me too.,regex,(?:^|[^\p{L}\p{N}_])játaky(?:[^\p{L}\p{N}_]|$)
Czechia,#MeToo,#MeToo,MeToo,metoo,True,True,False,Support / Global,Support,,Baseline global #MeToo hashtag; included for every country/territory as the common cross-border search term. Translation/Gloss: Me too.,regex,(?:^|[^\p{L}\p{N}_])metoo(?:[^\p{L}\p{N}_]|$)
Czechia,sexuální obtěžování,sexuální obtěžování,sexuální obtěžování,sexuální obtěžování,False,False,False,Support / Search Term,Support,,Czech publication/search keyword. Translation/Gloss: sexual harassment.,regex,(?:^|[^\p{L}\p{N}_])sexuální\ obtěžování(?:[^\p{L}\p{N}_]|$)
Democratic Republic of the Congo,#BalanceTonPorc,#BalanceTonPorc,BalanceTonPorc,balancetonporc,True,True,False,Support / Adjacent,Support,,French #MeToo-era hashtag for naming or denouncing perpetrators; also provoked public backlash debates. Translation/Gloss: Expose/denounce your pig.,regex,(?:^|[^\p{L}\p{N}_])balancetonporc(?:[^\p{L}\p{N}_]|$)
Democratic Republic of the Congo,#HimToo,#HimToo,HimToo,himtoo,True,True,False,Backlash / Counter,Backlash,,Major counter-/backlash hashtag that recast #MeToo through false-accusation or accused-men-as-victims narratives; included as a global backlash search term. Translation/Gloss: Him too.,regex,(?:^|[^\p{L}\p{N}_])himtoo(?:[^\p{L}\p{N}_]|$)
Democratic Republic of the Congo,#MeToo,#MeToo,MeToo,metoo,True,True,False,Support / Global,Support,,Baseline global #MeToo hashtag; included for every country/territory as the common cross-border search term. Translation/Gloss: Me too.,regex,(?:^|[^\p{L}\p{N}_])metoo(?:[^\p{L}\p{N}_]|$)
Democratic Republic of the Congo,#MoiAussi,#MoiAussi,MoiAussi,moiaussi,True,True,False,Support / Translation,Support,,"French-language equivalent of #MeToo, documented in Canada/Francophone coverage. Translation/Gloss: Me too.",regex,(?:^|[^\p{L}\p{N}_])moiaussi(?:[^\p{L}\p{N}_]|$)
Democratic Republic of the Congo,#NousToutes,#NousToutes,NousToutes,noustoutes,True,True,False,Support / Adjacent,Support,,French feminist collective/hashtag after #MeToo and #BalanceTonPorc focused on violence against women. Translation/Gloss: All of us women.,regex,(?:^|[^\p{L}\p{N}_])noustoutes(?:[^\p{L}\p{N}_]|$)
Democratic Republic of the Congo,harcèlement sexuel,harcèlement sexuel,harcèlement sexuel,harcèlement sexuel,False,False,False,Support / Search Term,Support,,French publication/search keyword. Translation/Gloss: sexual harassment.,regex,(?:^|[^\p{L}\p{N}_])harcèlement\ sexuel(?:[^\p{L}\p{N}_]|$)
Democratic Republic of the Congo,ukatili dhidi ya wanawake,ukatili dhidi ya wanawake,ukatili dhidi ya wanawake,ukatili dhidi ya wanawake,False,True,False,Support / Search Term,Support,,Swahili search keyword. Translation/Gloss: violence against women.,regex,(?:^|[^\p{L}\p{N}_])ukatili\ dhidi\ ya\ wanawake(?:[^\p{L}\p{N}_]|$)
Democratic Republic of the Congo,unyanyasaji wa kijinsia,unyanyasaji wa kijinsia,unyanyasaji wa kijinsia,unyanyasaji wa kijinsia,False,True,False,Support / Search Term,Support,,Swahili search keyword used across East/Central African contexts. Translation/Gloss: gender/sexual harassment.,regex,(?:^|[^\p{L}\p{N}_])unyanyasaji\ wa\ kijinsia(?:[^\p{L}\p{N}_]|$)
Democratic Republic of the Congo,violences sexuelles / Denis Mukwege,violences sexuelles,violences sexuelles,violences sexuelles,False,True,False,Support / Context,Support,,Coverage dominated by conflict-related sexual violence and 2018 Nobel laureate Dr. Mukwege; no national hashtag movement.,regex,(?:^|[^\p{L}\p{N}_])violences\ sexuelles(?:[^\p{L}\p{N}_]|$)
Democratic Republic of the Congo,violences sexuelles / Denis Mukwege,Denis Mukwege,Denis Mukwege,denis mukwege,False,True,False,Support / Context,Support,,Coverage dominated by conflict-related sexual violence and 2018 Nobel laureate Dr. Mukwege; no national hashtag movement.,regex,(?:^|[^\p{L}\p{N}_])denis\ mukwege(?:[^\p{L}\p{N}_]|$)
Denmark,#HimToo,#HimToo,HimToo,himtoo,True,True,False,Backlash / Counter,Backlash,,Major counter-/backlash hashtag that recast #MeToo through false-accusation or accused-men-as-victims narratives; included as a global backlash search term. Translation/Gloss: Him too.,regex,(?:^|[^\p{L}\p{N}_])himtoo(?:[^\p{L}\p{N}_]|$)
Denmark,#MeToo,#MeToo,MeToo,metoo,True,True,False,Support / Global,Support,,Baseline global #MeToo hashtag; included for every country/territory as the common cross-border search term. Translation/Gloss: Me too.,regex,(?:^|[^\p{L}\p{N}_])metoo(?:[^\p{L}\p{N}_]|$)
Denmark,Sofie Linde,Sofie Linde,Sofie Linde,sofie linde,False,True,False,Support / Trigger,Support,,"Aug 2020: TV host Sofie Linde's Zulu Comedy Galla speech restarted Danish MeToo; 1,615 media women signed a support letter; politicians Morten Østergaard and Frank Jensen resigned.",regex,(?:^|[^\p{L}\p{N}_])sofie\ linde(?:[^\p{L}\p{N}_]|$)
Denmark,krænkelseskultur,krænkelseskultur,krænkelseskultur,krænkelseskultur,False,False,False,Backlash,Backlash,,'Offense culture' - dismissive frame used against the movement in Danish debate.,regex,(?:^|[^\p{L}\p{N}_])krænkelseskultur(?:[^\p{L}\p{N}_]|$)
Denmark,seksuel chikane,seksuel chikane,seksuel chikane,seksuel chikane,False,True,False,Support / Search Term,Support,,Danish publication/search keyword; Denmark's #MeToo discussion is often indexed using #MeToo plus this term. Translation/Gloss: sexual harassment.,regex,(?:^|[^\p{L}\p{N}_])seksuel\ chikane(?:[^\p{L}\p{N}_]|$)
Denmark,sexisme / #MeToo,sexisme,sexisme,sexisme,False,True,False,Support,Support,,'Sexisme' (sexism) is the dominant Danish media frame for the 2020 wave.,regex,(?:^|[^\p{L}\p{N}_])sexisme(?:[^\p{L}\p{N}_]|$)
Djibouti,#BalanceTonPorc,#BalanceTonPorc,BalanceTonPorc,balancetonporc,True,True,False,Support / Adjacent,Support,,French #MeToo-era hashtag for naming or denouncing perpetrators; also provoked public backlash debates. Translation/Gloss: Expose/denounce your pig.,regex,(?:^|[^\p{L}\p{N}_])balancetonporc(?:[^\p{L}\p{N}_]|$)
Djibouti,#HimToo,#HimToo,HimToo,himtoo,True,True,False,Backlash / Counter,Backlash,,Major counter-/backlash hashtag that recast #MeToo through false-accusation or accused-men-as-victims narratives; included as a global backlash search term. Translation/Gloss: Him too.,regex,(?:^|[^\p{L}\p{N}_])himtoo(?:[^\p{L}\p{N}_]|$)
Djibouti,#MeToo,#MeToo,MeToo,metoo,True,True,False,Support / Global,Support,,Baseline global #MeToo hashtag; included for every country/territory as the common cross-border search term. Translation/Gloss: Me too.,regex,(?:^|[^\p{L}\p{N}_])metoo(?:[^\p{L}\p{N}_]|$)
Djibouti,#MoiAussi,#MoiAussi,MoiAussi,moiaussi,True,True,False,Support / Translation,Support,,"French-language equivalent of #MeToo, documented in Canada/Francophone coverage. Translation/Gloss: Me too.",regex,(?:^|[^\p{L}\p{N}_])moiaussi(?:[^\p{L}\p{N}_]|$)
Djibouti,#MosqueMeToo,#MosqueMeToo,MosqueMeToo,mosquemetoo,True,True,False,Support / Adjacent,Support,,"Hashtag for Muslim women's accounts of harassment/abuse during Hajj, in mosques, or in religious spaces. Translation/Gloss: MeToo in mosque/Hajj contexts.",regex,(?:^|[^\p{L}\p{N}_])mosquemetoo(?:[^\p{L}\p{N}_]|$)
Djibouti,#NousToutes,#NousToutes,NousToutes,noustoutes,True,True,False,Support / Adjacent,Support,,French feminist collective/hashtag after #MeToo and #BalanceTonPorc focused on violence against women. Translation/Gloss: All of us women.,regex,(?:^|[^\p{L}\p{N}_])noustoutes(?:[^\p{L}\p{N}_]|$)
Djibouti,#أنا_أيضا,#أنا_أيضا,أنا_أيضا,أنا_أيضا,True,False,False,Support / Translation,Support,,Formal Arabic equivalent of #MeToo. Translation/Gloss: Me too / I also.,substr,
Djibouti,#أنا_كمان,#أنا_كمان,أنا_كمان,أنا_كمان,True,False,False,Support / Translation,Support,,Arabic #MeToo counterpart used across Arabic-speaking social media. Translation/Gloss: Me too.,substr,
Djibouti,harcèlement sexuel,harcèlement sexuel,harcèlement sexuel,harcèlement sexuel,False,False,False,Support / Search Term,Support,,French publication/search keyword. Translation/Gloss: sexual harassment.,regex,(?:^|[^\p{L}\p{N}_])harcèlement\ sexuel(?:[^\p{L}\p{N}_]|$)
Djibouti,التحرش_الجنسي,التحرش_الجنسي,التحرش_الجنسي,التحرش_الجنسي,False,False,False,Support / Search Term,Support,,Arabic publication/search keyword. Translation/Gloss: sexual harassment.,substr,
Djibouti,العنف_ضد_المرأة,العنف_ضد_المرأة,العنف_ضد_المرأة,العنف_ضد_المرأة,False,False,False,Support / Search Term,Support,,Arabic publication/search keyword. Translation/Gloss: violence against women.,substr,
Dominica,#BelieveWomen,#BelieveWomen,BelieveWomen,believewomen,True,True,False,Support / Solidarity,Support,,Survivor-belief and anti-victim-blaming phrase used in #MeToo-related discourse. Translation/Gloss: Believe women.,regex,(?:^|[^\p{L}\p{N}_])believewomen(?:[^\p{L}\p{N}_]|$)
Dominica,#HimToo,#HimToo,HimToo,himtoo,True,True,False,Backlash / Counter,Backlash,,Major counter-/backlash hashtag that recast #MeToo through false-accusation or accused-men-as-victims narratives; included as a global backlash search term. Translation/Gloss: Him too.,regex,(?:^|[^\p{L}\p{N}_])himtoo(?:[^\p{L}\p{N}_]|$)
Dominica,#MeToo,#MeToo,MeToo,metoo,True,True,False,Support / Global,Support,,Baseline global #MeToo hashtag; included for every country/territory as the common cross-border search term. Translation/Gloss: Me too.,regex,(?:^|[^\p{L}\p{N}_])metoo(?:[^\p{L}\p{N}_]|$)
Dominica,#TimesUp,#TimesUp,TimesUp,timesup,True,True,False,Support / Solidarity,Support,,Transnational accountability and anti-harassment hashtag frequently paired with #MeToo. Translation/Gloss: Time is up.,regex,(?:^|[^\p{L}\p{N}_])timesup(?:[^\p{L}\p{N}_]|$)
Dominica,sexual harassment,sexual harassment,sexual harassment,sexual harassment,False,True,False,Support / Search Term,Support,,English search keyword for #MeToo-related social-media and publication searches. Translation/Gloss: sexual harassment.,regex,(?:^|[^\p{L}\p{N}_])sexual\ harassment(?:[^\p{L}\p{N}_]|$)
Dominica,violence against women,violence against women,violence against women,violence against women,False,True,False,Support / Search Term,Support,,English search keyword for adjacent #MeToo and gender-based violence coverage. Translation/Gloss: violence against women.,regex,(?:^|[^\p{L}\p{N}_])violence\ against\ women(?:[^\p{L}\p{N}_]|$)
Dominican Republic,#Cuéntalo,#Cuéntalo,Cuéntalo,cuéntalo,True,False,False,Support / Adjacent,Support,,Spanish testimony hashtag associated especially with Spain and the La Manada reckoning; useful across Spanish-language searches. Translation/Gloss: Tell it / tell your story.,regex,(?:^|[^\p{L}\p{N}_])cuéntalo(?:[^\p{L}\p{N}_]|$)
Dominican Republic,#HimToo,#HimToo,HimToo,himtoo,True,True,False,Backlash / Counter,Backlash,,Major counter-/backlash hashtag that recast #MeToo through false-accusation or accused-men-as-victims narratives; included as a global backlash search term. Translation/Gloss: Him too.,regex,(?:^|[^\p{L}\p{N}_])himtoo(?:[^\p{L}\p{N}_]|$)
Dominican Republic,#MeToo,#MeToo,MeToo,metoo,True,True,False,Support / Global,Support,,Baseline global #MeToo hashtag; included for every country/territory as the common cross-border search term. Translation/Gloss: Me too.,regex,(?:^|[^\p{L}\p{N}_])metoo(?:[^\p{L}\p{N}_]|$)
Dominican Republic,#NiUnaMenos,#NiUnaMenos,NiUnaMenos,niunamenos,True,True,False,Support / Adjacent,Support,,Latin American movement against femicide and violence against women; often overlaps with #MeToo-adjacent activism. Translation/Gloss: Not one woman less.,regex,(?:^|[^\p{L}\p{N}_])niunamenos(?:[^\p{L}\p{N}_]|$)
Dominican Republic,#NiUnaMenos / acoso sexual,acoso sexual,acoso sexual,acoso sexual,False,True,False,Support,Support,,Regional frame; no distinct national tag documented.,regex,(?:^|[^\p{L}\p{N}_])acoso\ sexual(?:[^\p{L}\p{N}_]|$)
Dominican Republic,#YoSíTeCreo,#YoSíTeCreo,YoSíTeCreo,yosítecreo,True,False,False,Support / Solidarity,Support,,Spanish solidarity tag/phrase used around sexual-violence testimony and belief of survivors. Translation/Gloss: I do believe you.,regex,(?:^|[^\p{L}\p{N}_])yosítecreo(?:[^\p{L}\p{N}_]|$)
Dominican Republic,#YoTambién,#YoTambién,YoTambién,yotambién,True,False,False,Support / Translation,Support,,Spanish-language equivalent of #MeToo; documented in global/regional lists. Translation/Gloss: Me too.,regex,(?:^|[^\p{L}\p{N}_])yotambién(?:[^\p{L}\p{N}_]|$)
Ecuador,#Cuéntalo,#Cuéntalo,Cuéntalo,cuéntalo,True,False,False,Support / Adjacent,Support,,Spanish testimony hashtag associated especially with Spain and the La Manada reckoning; useful across Spanish-language searches. Translation/Gloss: Tell it / tell your story.,regex,(?:^|[^\p{L}\p{N}_])cuéntalo(?:[^\p{L}\p{N}_]|$)
Ecuador,#HimToo,#HimToo,HimToo,himtoo,True,True,False,Backlash / Counter,Backlash,,Major counter-/backlash hashtag that recast #MeToo through false-accusation or accused-men-as-victims narratives; included as a global backlash search term. Translation/Gloss: Him too.,regex,(?:^|[^\p{L}\p{N}_])himtoo(?:[^\p{L}\p{N}_]|$)
Ecuador,#MeToo,#MeToo,MeToo,metoo,True,True,False,Support / Global,Support,,Baseline global #MeToo hashtag; included for every country/territory as the common cross-border search term. Translation/Gloss: Me too.,regex,(?:^|[^\p{L}\p{N}_])metoo(?:[^\p{L}\p{N}_]|$)
Ecuador,#NiUnaMenos,#NiUnaMenos,NiUnaMenos,niunamenos,True,True,False,Support / Adjacent,Support,,Latin American movement against femicide and violence against women; often overlaps with #MeToo-adjacent activism. Translation/Gloss: Not one woman less.,regex,(?:^|[^\p{L}\p{N}_])niunamenos(?:[^\p{L}\p{N}_]|$)
Ecuador,#NiUnaMenos / violencia de género,violencia de género,violencia de género,violencia de género,False,False,False,Support,Support,,Regional frame; no distinct national tag documented.,regex,(?:^|[^\p{L}\p{N}_])violencia\ de\ género(?:[^\p{L}\p{N}_]|$)
Ecuador,#YoSíTeCreo,#YoSíTeCreo,YoSíTeCreo,yosítecreo,True,False,False,Support / Solidarity,Support,,Spanish solidarity tag/phrase used around sexual-violence testimony and belief of survivors. Translation/Gloss: I do believe you.,regex,(?:^|[^\p{L}\p{N}_])yosítecreo(?:[^\p{L}\p{N}_]|$)
Ecuador,#YoTambién,#YoTambién,YoTambién,yotambién,True,False,False,Support / Translation,Support,,Spanish-language equivalent of #MeToo; documented in global/regional lists. Translation/Gloss: Me too.,regex,(?:^|[^\p{L}\p{N}_])yotambién(?:[^\p{L}\p{N}_]|$)
Ecuador,acoso sexual,acoso sexual,acoso sexual,acoso sexual,False,True,False,Support / Search Term,Support,,Spanish publication/search keyword. Translation/Gloss: sexual harassment.,regex,(?:^|[^\p{L}\p{N}_])acoso\ sexual(?:[^\p{L}\p{N}_]|$)
Egypt,#AnaKaman,#AnaKaman,AnaKaman,anakaman,True,True,False,Support / Translation,Support,,Egypt/Middle East: Arabic #MeToo counterpart; later Egyptian platforms such as Assault Police amplified survivor testimony. Translation/Gloss: Me too.,regex,(?:^|[^\p{L}\p{N}_])anakaman(?:[^\p{L}\p{N}_]|$)
Egypt,#AssaultPolice,#AssaultPolice,AssaultPolice,assaultpolice,True,True,False,Support / Adjacent,Support,,Egypt: Instagram/social-media platform founded by Nadeen Ashraf to expose and document sexual harassment/assault reports. Translation/Gloss: Assault Police.,regex,(?:^|[^\p{L}\p{N}_])assaultpolice(?:[^\p{L}\p{N}_]|$)
Egypt,#HimToo,#HimToo,HimToo,himtoo,True,True,False,Backlash / Counter,Backlash,,Major counter-/backlash hashtag that recast #MeToo through false-accusation or accused-men-as-victims narratives; included as a global backlash search term. Translation/Gloss: Him too.,regex,(?:^|[^\p{L}\p{N}_])himtoo(?:[^\p{L}\p{N}_]|$)
Egypt,#MeToo,#MeToo,MeToo,metoo,True,True,False,Support / Global,Support,,Baseline global #MeToo hashtag; included for every country/territory as the common cross-border search term. Translation/Gloss: Me too.,regex,(?:^|[^\p{L}\p{N}_])metoo(?:[^\p{L}\p{N}_]|$)
Egypt,#MosqueMeToo,#MosqueMeToo,MosqueMeToo,mosquemetoo,True,True,False,Support / Adjacent,Support,,"Hashtag for Muslim women's accounts of harassment/abuse during Hajj, in mosques, or in religious spaces. Translation/Gloss: MeToo in mosque/Hajj contexts.",regex,(?:^|[^\p{L}\p{N}_])mosquemetoo(?:[^\p{L}\p{N}_]|$)
Egypt,#أنا_أيضا,#أنا_أيضا,أنا_أيضا,أنا_أيضا,True,False,False,Support / Translation,Support,,Formal Arabic equivalent of #MeToo. Translation/Gloss: Me too / I also.,substr,
Egypt,#أنا_كمان,#أنا_كمان,أنا_كمان,أنا_كمان,True,False,False,Support,Support,,Ana Kaman (Me Too). Challenged deeply entrenched victim-blaming and the expectation in the Arab world that women must keep sexual harassment a private secret.,substr,
Egypt,#أنا_كمان / #MeTooEgypt,#MeTooEgypt,MeTooEgypt,metooegypt,True,True,False,Support,Support,,'Ana kaman' (me too); July 2020 second wave driven by Instagram account @assaultpolice exposing serial predator Ahmed Bassam Zaki (convicted).,regex,(?:^|[^\p{L}\p{N}_])metooegypt(?:[^\p{L}\p{N}_]|$)
Egypt,#افضح,#افضح,افضح,افضح,True,False,False,Support,Support,,Efdah (Expose) - urging the exposure of abusers.,substr,
Egypt,#فيرمونت (Fairmont case),#فيرمونت (Fairmont case),فيرمونت (Fairmont case),فيرمونت (fairmont case),True,False,False,Support / Case / Backlash / State Response,Support,,2014 Fairmont Nile City gang rape exposed 2020; authorities arrested witnesses - chilling backlash that defined the wave's limits.,regex,(?:^|[^\p{L}\p{N}_])فيرمونت\ \(fairmont\ case\)(?:[^\p{L}\p{N}_]|$)
Egypt,Assault Police / أحمد بسام زكي,Assault Police,Assault Police,assault police,False,True,False,Support / Case,Support,,The account that catalyzed Egypt's 2020 wave; Zaki case became emblematic.,regex,(?:^|[^\p{L}\p{N}_])assault\ police(?:[^\p{L}\p{N}_]|$)
Egypt,Assault Police / أحمد بسام زكي,أحمد بسام زكي,أحمد بسام زكي,أحمد بسام زكي,False,False,False,Support / Case,Support,,The account that catalyzed Egypt's 2020 wave; Zaki case became emblematic.,substr,
Egypt,التحرش,التحرش,التحرش,التحرش,False,False,False,Support / Generic Term,Support,,'Harassment' - high-recall Arabic term (HarassMap era onward).,substr,
Egypt,التحرش_الجنسي,التحرش_الجنسي,التحرش_الجنسي,التحرش_الجنسي,False,False,False,Support / Search Term,Support,,Arabic publication/search keyword. Translation/Gloss: sexual harassment.,substr,
Egypt,العنف_ضد_المرأة,العنف_ضد_المرأة,العنف_ضد_المرأة,العنف_ضد_المرأة,False,False,False,Support / Search Term,Support,,Arabic publication/search keyword. Translation/Gloss: violence against women.,substr,
El Salvador,#Cuéntalo,#Cuéntalo,Cuéntalo,cuéntalo,True,False,False,Support / Adjacent,Support,,Spanish testimony hashtag associated especially with Spain and the La Manada reckoning; useful across Spanish-language searches. Translation/Gloss: Tell it / tell your story.,regex,(?:^|[^\p{L}\p{N}_])cuéntalo(?:[^\p{L}\p{N}_]|$)
El Salvador,#HimToo,#HimToo,HimToo,himtoo,True,True,False,Backlash / Counter,Backlash,,Major counter-/backlash hashtag that recast #MeToo through false-accusation or accused-men-as-victims narratives; included as a global backlash search term. Translation/Gloss: Him too.,regex,(?:^|[^\p{L}\p{N}_])himtoo(?:[^\p{L}\p{N}_]|$)
El Salvador,#MeToo,#MeToo,MeToo,metoo,True,True,False,Support / Global,Support,,Baseline global #MeToo hashtag; included for every country/territory as the common cross-border search term. Translation/Gloss: Me too.,regex,(?:^|[^\p{L}\p{N}_])metoo(?:[^\p{L}\p{N}_]|$)
El Salvador,#NiUnaMenos,#NiUnaMenos,NiUnaMenos,niunamenos,True,True,False,Support / Adjacent,Support,,Latin American movement against femicide and violence against women; often overlaps with #MeToo-adjacent activism. Translation/Gloss: Not one woman less.,regex,(?:^|[^\p{L}\p{N}_])niunamenos(?:[^\p{L}\p{N}_]|$)
El Salvador,#NiUnaMenos / feminicidio,feminicidio,feminicidio,feminicidio,False,True,False,Support,Support,,Regional frame; coverage dominated by femicide and abortion criminalization; no distinct national MeToo tag.,regex,(?:^|[^\p{L}\p{N}_])feminicidio(?:[^\p{L}\p{N}_]|$)
El Salvador,#YoSíTeCreo,#YoSíTeCreo,YoSíTeCreo,yosítecreo,True,False,False,Support / Solidarity,Support,,Spanish solidarity tag/phrase used around sexual-violence testimony and belief of survivors. Translation/Gloss: I do believe you.,regex,(?:^|[^\p{L}\p{N}_])yosítecreo(?:[^\p{L}\p{N}_]|$)
El Salvador,#YoTambién,#YoTambién,YoTambién,yotambién,True,False,False,Support / Translation,Support,,Spanish-language equivalent of #MeToo; documented in global/regional lists. Translation/Gloss: Me too.,regex,(?:^|[^\p{L}\p{N}_])yotambién(?:[^\p{L}\p{N}_]|$)
El Salvador,acoso sexual,acoso sexual,acoso sexual,acoso sexual,False,True,False,Support / Search Term,Support,,Spanish publication/search keyword. Translation/Gloss: sexual harassment.,regex,(?:^|[^\p{L}\p{N}_])acoso\ sexual(?:[^\p{L}\p{N}_]|$)
Equatorial Guinea,#ChegaDeFiuFiu,#ChegaDeFiuFiu,ChegaDeFiuFiu,chegadefiufiu,True,True,False,Support / Adjacent,Support,,Brazil-origin anti-street-harassment campaign; relevant for Portuguese-language searches. Translation/Gloss: Enough with catcalling.,regex,(?:^|[^\p{L}\p{N}_])chegadefiufiu(?:[^\p{L}\p{N}_]|$)
Equatorial Guinea,#EuTambém,#EuTambém,EuTambém,eutambém,True,False,False,Support / Translation,Support,,Portuguese equivalent of #MeToo. Translation/Gloss: Me too.,regex,(?:^|[^\p{L}\p{N}_])eutambém(?:[^\p{L}\p{N}_]|$)
Equatorial Guinea,#HimToo,#HimToo,HimToo,himtoo,True,True,False,Backlash / Counter,Backlash,,Major counter-/backlash hashtag that recast #MeToo through false-accusation or accused-men-as-victims narratives; included as a global backlash search term. Translation/Gloss: Him too.,regex,(?:^|[^\p{L}\p{N}_])himtoo(?:[^\p{L}\p{N}_]|$)
Equatorial Guinea,#MeToo,#MeToo,MeToo,metoo,True,True,False,Support / Global,Support,,Baseline global #MeToo hashtag; included for every country/territory as the common cross-border search term. Translation/Gloss: Me too.,regex,(?:^|[^\p{L}\p{N}_])metoo(?:[^\p{L}\p{N}_]|$)
Equatorial Guinea,#PrimeiroAssédio,#PrimeiroAssédio,PrimeiroAssédio,primeiroassédio,True,False,False,Support / Adjacent,Support,,Brazil-origin hashtag where women shared first harassment experiences. Translation/Gloss: First harassment.,regex,(?:^|[^\p{L}\p{N}_])primeiroassédio(?:[^\p{L}\p{N}_]|$)
Equatorial Guinea,assédio sexual,assédio sexual,assédio sexual,assédio sexual,False,False,False,Support / Search Term,Support,,Portuguese publication/search keyword. Translation/Gloss: sexual harassment.,regex,(?:^|[^\p{L}\p{N}_])assédio\ sexual(?:[^\p{L}\p{N}_]|$)
Eritrea,#HimToo,#HimToo,HimToo,himtoo,True,True,False,Backlash / Counter,Backlash,,Major counter-/backlash hashtag that recast #MeToo through false-accusation or accused-men-as-victims narratives; included as a global backlash search term. Translation/Gloss: Him too.,regex,(?:^|[^\p{L}\p{N}_])himtoo(?:[^\p{L}\p{N}_]|$)
Eritrea,#MeToo,#MeToo,MeToo,metoo,True,True,False,Support / Global,Support,,Baseline global #MeToo hashtag; included for every country/territory as the common cross-border search term. Translation/Gloss: Me too.,regex,(?:^|[^\p{L}\p{N}_])metoo(?:[^\p{L}\p{N}_]|$)
Estonia,#HimToo,#HimToo,HimToo,himtoo,True,True,False,Backlash / Counter,Backlash,,Major counter-/backlash hashtag that recast #MeToo through false-accusation or accused-men-as-victims narratives; included as a global backlash search term. Translation/Gloss: Him too.,regex,(?:^|[^\p{L}\p{N}_])himtoo(?:[^\p{L}\p{N}_]|$)
Estonia,#MeToo,#MeToo,MeToo,metoo,True,True,False,Support / Global,Support,,Baseline global #MeToo hashtag; included for every country/territory as the common cross-border search term. Translation/Gloss: Me too.,regex,(?:^|[^\p{L}\p{N}_])metoo(?:[^\p{L}\p{N}_]|$)
Estonia,seksuaalne ahistamine,seksuaalne ahistamine,seksuaalne ahistamine,seksuaalne ahistamine,False,True,False,Support / Generic Term,Support,,No distinct national wave documented.,regex,(?:^|[^\p{L}\p{N}_])seksuaalne\ ahistamine(?:[^\p{L}\p{N}_]|$)
Eswatini,#BelieveWomen,#BelieveWomen,BelieveWomen,believewomen,True,True,False,Support / Solidarity,Support,,Survivor-belief and anti-victim-blaming phrase used in #MeToo-related discourse. Translation/Gloss: Believe women.,regex,(?:^|[^\p{L}\p{N}_])believewomen(?:[^\p{L}\p{N}_]|$)
Eswatini,#HimToo,#HimToo,HimToo,himtoo,True,True,False,Backlash / Counter,Backlash,,Major counter-/backlash hashtag that recast #MeToo through false-accusation or accused-men-as-victims narratives; included as a global backlash search term. Translation/Gloss: Him too.,regex,(?:^|[^\p{L}\p{N}_])himtoo(?:[^\p{L}\p{N}_]|$)
Eswatini,#MeToo,#MeToo,MeToo,metoo,True,True,False,Support / Global,Support,,Baseline global #MeToo hashtag; included for every country/territory as the common cross-border search term. Translation/Gloss: Me too.,regex,(?:^|[^\p{L}\p{N}_])metoo(?:[^\p{L}\p{N}_]|$)
Eswatini,#TimesUp,#TimesUp,TimesUp,timesup,True,True,False,Support / Solidarity,Support,,Transnational accountability and anti-harassment hashtag frequently paired with #MeToo. Translation/Gloss: Time is up.,regex,(?:^|[^\p{L}\p{N}_])timesup(?:[^\p{L}\p{N}_]|$)
Eswatini,sexual harassment,sexual harassment,sexual harassment,sexual harassment,False,True,False,Support / Search Term,Support,,English search keyword for #MeToo-related social-media and publication searches. Translation/Gloss: sexual harassment.,regex,(?:^|[^\p{L}\p{N}_])sexual\ harassment(?:[^\p{L}\p{N}_]|$)
Eswatini,violence against women,violence against women,violence against women,violence against women,False,True,False,Support / Search Term,Support,,English search keyword for adjacent #MeToo and gender-based violence coverage. Translation/Gloss: violence against women.,regex,(?:^|[^\p{L}\p{N}_])violence\ against\ women(?:[^\p{L}\p{N}_]|$)
Ethiopia,#HimToo,#HimToo,HimToo,himtoo,True,True,False,Backlash / Counter,Backlash,,Major counter-/backlash hashtag that recast #MeToo through false-accusation or accused-men-as-victims narratives; included as a global backlash search term. Translation/Gloss: Him too.,regex,(?:^|[^\p{L}\p{N}_])himtoo(?:[^\p{L}\p{N}_]|$)
Ethiopia,#MeToo,#MeToo,MeToo,metoo,True,True,False,Support / Global,Support,,Baseline global #MeToo hashtag; included for every country/territory as the common cross-border search term. Translation/Gloss: Me too.,regex,(?:^|[^\p{L}\p{N}_])metoo(?:[^\p{L}\p{N}_]|$)
Ethiopia,#እኔም,#እኔም,እኔም,እኔም,True,False,False,Support / Translation,Support,,Amharic equivalent of #MeToo. Translation/Gloss: Me too.,substr,
Ethiopia,sexual violence (conflict) / generic,sexual violence,sexual violence,sexual violence,False,True,False,Support / Context,Support,conflict,No national hashtag movement; CRSV coverage (Tigray) dominates the GBV news space post-2020.,regex,(?:^|[^\p{L}\p{N}_])sexual\ violence(?:[^\p{L}\p{N}_]|$)
Ethiopia,የፆታ_ትንኮሳ,የፆታ_ትንኮሳ,የፆታ_ትንኮሳ,የፆታ_ትንኮሳ,False,False,False,Support / Search Term,Support,,Amharic publication/search keyword. Translation/Gloss: sexual harassment.,substr,
Falkland Islands (Malvinas),#BelieveWomen,#BelieveWomen,BelieveWomen,believewomen,True,True,False,Support / Solidarity,Support,,Survivor-belief and anti-victim-blaming phrase used in #MeToo-related discourse. Translation/Gloss: Believe women.,regex,(?:^|[^\p{L}\p{N}_])believewomen(?:[^\p{L}\p{N}_]|$)
Falkland Islands (Malvinas),#HimToo,#HimToo,HimToo,himtoo,True,True,False,Backlash / Counter,Backlash,,Major counter-/backlash hashtag that recast #MeToo through false-accusation or accused-men-as-victims narratives; included as a global backlash search term. Translation/Gloss: Him too.,regex,(?:^|[^\p{L}\p{N}_])himtoo(?:[^\p{L}\p{N}_]|$)
Falkland Islands (Malvinas),#MeToo,#MeToo,MeToo,metoo,True,True,False,Support / Global,Support,,Baseline global #MeToo hashtag; included for every country/territory as the common cross-border search term. Translation/Gloss: Me too.,regex,(?:^|[^\p{L}\p{N}_])metoo(?:[^\p{L}\p{N}_]|$)
Falkland Islands (Malvinas),#TimesUp,#TimesUp,TimesUp,timesup,True,True,False,Support / Solidarity,Support,,Transnational accountability and anti-harassment hashtag frequently paired with #MeToo. Translation/Gloss: Time is up.,regex,(?:^|[^\p{L}\p{N}_])timesup(?:[^\p{L}\p{N}_]|$)
Falkland Islands (Malvinas),sexual harassment,sexual harassment,sexual harassment,sexual harassment,False,True,False,Support / Search Term,Support,,English search keyword for #MeToo-related social-media and publication searches. Translation/Gloss: sexual harassment.,regex,(?:^|[^\p{L}\p{N}_])sexual\ harassment(?:[^\p{L}\p{N}_]|$)
Falkland Islands (Malvinas),violence against women,violence against women,violence against women,violence against women,False,True,False,Support / Search Term,Support,,English search keyword for adjacent #MeToo and gender-based violence coverage. Translation/Gloss: violence against women.,regex,(?:^|[^\p{L}\p{N}_])violence\ against\ women(?:[^\p{L}\p{N}_]|$)
Faroe Islands,#HimToo,#HimToo,HimToo,himtoo,True,True,False,Backlash / Counter,Backlash,,Major counter-/backlash hashtag that recast #MeToo through false-accusation or accused-men-as-victims narratives; included as a global backlash search term. Translation/Gloss: Him too.,regex,(?:^|[^\p{L}\p{N}_])himtoo(?:[^\p{L}\p{N}_]|$)
Faroe Islands,#MeToo,#MeToo,MeToo,metoo,True,True,False,Support / Global,Support,,Baseline global #MeToo hashtag; included for every country/territory as the common cross-border search term. Translation/Gloss: Me too.,regex,(?:^|[^\p{L}\p{N}_])metoo(?:[^\p{L}\p{N}_]|$)
Faroe Islands,seksuel chikane,seksuel chikane,seksuel chikane,seksuel chikane,False,True,False,Support / Search Term,Support,,Danish publication/search keyword; Denmark's #MeToo discussion is often indexed using #MeToo plus this term. Translation/Gloss: sexual harassment.,regex,(?:^|[^\p{L}\p{N}_])seksuel\ chikane(?:[^\p{L}\p{N}_]|$)
Federated States of Micronesia,#HimToo,#HimToo,HimToo,himtoo,True,True,False,Backlash / Counter,Backlash,,Major counter-/backlash hashtag that recast #MeToo through false-accusation or accused-men-as-victims narratives; included as a global backlash search term. Translation/Gloss: Him too.,regex,(?:^|[^\p{L}\p{N}_])himtoo(?:[^\p{L}\p{N}_]|$)
Federated States of Micronesia,#MeToo,#MeToo,MeToo,metoo,True,True,False,Support / Global,Support,,Baseline global #MeToo hashtag; included for every country/territory as the common cross-border search term. Translation/Gloss: Me too.,regex,(?:^|[^\p{L}\p{N}_])metoo(?:[^\p{L}\p{N}_]|$)
Fiji,#BelieveWomen,#BelieveWomen,BelieveWomen,believewomen,True,True,False,Support / Solidarity,Support,,Survivor-belief and anti-victim-blaming phrase used in #MeToo-related discourse. Translation/Gloss: Believe women.,regex,(?:^|[^\p{L}\p{N}_])believewomen(?:[^\p{L}\p{N}_]|$)
Fiji,#HimToo,#HimToo,HimToo,himtoo,True,True,False,Backlash / Counter,Backlash,,Major counter-/backlash hashtag that recast #MeToo through false-accusation or accused-men-as-victims narratives; included as a global backlash search term. Translation/Gloss: Him too.,regex,(?:^|[^\p{L}\p{N}_])himtoo(?:[^\p{L}\p{N}_]|$)
Fiji,#MeToo,#MeToo,MeToo,metoo,True,True,False,Support / Global,Support,,Baseline global #MeToo hashtag; included for every country/territory as the common cross-border search term. Translation/Gloss: Me too.,regex,(?:^|[^\p{L}\p{N}_])metoo(?:[^\p{L}\p{N}_]|$)
Fiji,#TimesUp,#TimesUp,TimesUp,timesup,True,True,False,Support / Solidarity,Support,,Transnational accountability and anti-harassment hashtag frequently paired with #MeToo. Translation/Gloss: Time is up.,regex,(?:^|[^\p{L}\p{N}_])timesup(?:[^\p{L}\p{N}_]|$)
Fiji,Fiji Women's Rights Movement,Fiji Women's Rights Movement,Fiji Women's Rights Movement,fiji women's rights movement,False,True,False,Support / Org,Support,,NGO-led advocacy; no distinct viral hashtag documented.,regex,(?:^|[^\p{L}\p{N}_])fiji\ women's\ rights\ movement(?:[^\p{L}\p{N}_]|$)
Fiji,sexual harassment,sexual harassment,sexual harassment,sexual harassment,False,True,False,Support / Search Term,Support,,English search keyword for #MeToo-related social-media and publication searches. Translation/Gloss: sexual harassment.,regex,(?:^|[^\p{L}\p{N}_])sexual\ harassment(?:[^\p{L}\p{N}_]|$)
Fiji,violence against women,violence against women,violence against women,violence against women,False,True,False,Support / Search Term,Support,,English search keyword for adjacent #MeToo and gender-based violence coverage. Translation/Gloss: violence against women.,regex,(?:^|[^\p{L}\p{N}_])violence\ against\ women(?:[^\p{L}\p{N}_]|$)
Finland,#HimToo,#HimToo,HimToo,himtoo,True,True,False,Backlash / Counter,Backlash,,Major counter-/backlash hashtag that recast #MeToo through false-accusation or accused-men-as-victims narratives; included as a global backlash search term. Translation/Gloss: Him too.,regex,(?:^|[^\p{L}\p{N}_])himtoo(?:[^\p{L}\p{N}_]|$)
Finland,#MeToo,#MeToo,MeToo,metoo,True,True,False,Support / Global,Support,,Baseline global #MeToo hashtag; included for every country/territory as the common cross-border search term. Translation/Gloss: Me too.,regex,(?:^|[^\p{L}\p{N}_])metoo(?:[^\p{L}\p{N}_]|$)
Finland,#dammenbrister,#dammenbrister,dammenbrister,dammenbrister,True,True,False,Support / Sectoral,Support,,Finland: Swedish-speaking women launched #dammenbrister as their #MeToo answer against sexual harassment. Translation/Gloss: the dam is breaking.,regex,(?:^|[^\p{L}\p{N}_])dammenbrister(?:[^\p{L}\p{N}_]|$)
Finland,#tystnadtagning,#tystnadtagning,tystnadtagning,tystnadtagning,True,True,False,Support / Sectoral,Support,,"Swedish theatre/film sector hashtag, the first joint Swedish #MeToo call. Translation/Gloss: silent shoot.",regex,(?:^|[^\p{L}\p{N}_])tystnadtagning(?:[^\p{L}\p{N}_]|$)
Finland,Aku Louhimies / seksuaalinen häirintä,Aku Louhimies,Aku Louhimies,aku louhimies,False,True,False,Support / Case,Support,,Mar 2018: actresses described abusive treatment by director Aku Louhimies; main Finnish-language case.,regex,(?:^|[^\p{L}\p{N}_])aku\ louhimies(?:[^\p{L}\p{N}_]|$)
Finland,Aku Louhimies / seksuaalinen häirintä,seksuaalinen häirintä,seksuaalinen häirintä,seksuaalinen häirintä,False,False,False,Support / Case,Support,,Mar 2018: actresses described abusive treatment by director Aku Louhimies; main Finnish-language case.,regex,(?:^|[^\p{L}\p{N}_])seksuaalinen\ häirintä(?:[^\p{L}\p{N}_]|$)
Finland,sexuella trakasserier,sexuella trakasserier,sexuella trakasserier,sexuella trakasserier,False,True,False,Support / Search Term,Support,,Swedish publication/search keyword. Translation/Gloss: sexual harassment.,regex,(?:^|[^\p{L}\p{N}_])sexuella\ trakasserier(?:[^\p{L}\p{N}_]|$)
France,#BalanceTonPorc,#BalanceTonPorc,BalanceTonPorc,balancetonporc,True,True,False,Support,Support,,"'Squeal on your pig', 13 Oct 2017, Sandra Muller - preceded the viral #MeToo by two days. Muller was sued for defamation by Eric Brion, lost at first instance (2019), won on appeal (2021) - the legal saga is a key backlash thread.",regex,(?:^|[^\p{L}\p{N}_])balancetonporc(?:[^\p{L}\p{N}_]|$)
France,#HimToo,#HimToo,HimToo,himtoo,True,True,False,Backlash / Counter,Backlash,,Major counter-/backlash hashtag that recast #MeToo through false-accusation or accused-men-as-victims narratives; included as a global backlash search term. Translation/Gloss: Him too.,regex,(?:^|[^\p{L}\p{N}_])himtoo(?:[^\p{L}\p{N}_]|$)
France,#MeToo,#MeToo,MeToo,metoo,True,True,False,Support / Global,Support,,Baseline global #MeToo hashtag; included for every country/territory as the common cross-border search term. Translation/Gloss: Me too.,regex,(?:^|[^\p{L}\p{N}_])metoo(?:[^\p{L}\p{N}_]|$)
France,#MeTooInceste / #MeTooGay / #MeTooThéâtre / #MeTooMedias / #MeTooPolitique / #SciencesPorcs / #DoublePeine,#MeTooInceste,MeTooInceste,metooinceste,True,True,False,Support,Support,,"2021 sectoral waves: incest (Camille Kouchner's book on Olivier Duhamel, Jan 2021), LGBT, theatre, media (PPDA case), politics, Sciences Po campuses, police mistreatment of complainants.",regex,(?:^|[^\p{L}\p{N}_])metooinceste(?:[^\p{L}\p{N}_]|$)
France,#MeTooInceste / #MeTooGay / #MeTooThéâtre / #MeTooMedias / #MeTooPolitique / #SciencesPorcs / #DoublePeine,#MeTooGay,MeTooGay,metoogay,True,True,False,Support,Support,,"2021 sectoral waves: incest (Camille Kouchner's book on Olivier Duhamel, Jan 2021), LGBT, theatre, media (PPDA case), politics, Sciences Po campuses, police mistreatment of complainants.",regex,(?:^|[^\p{L}\p{N}_])metoogay(?:[^\p{L}\p{N}_]|$)
France,#MeTooInceste / #MeTooGay / #MeTooThéâtre / #MeTooMedias / #MeTooPolitique / #SciencesPorcs / #DoublePeine,#MeTooThéâtre,MeTooThéâtre,metoothéâtre,True,False,False,Support,Support,,"2021 sectoral waves: incest (Camille Kouchner's book on Olivier Duhamel, Jan 2021), LGBT, theatre, media (PPDA case), politics, Sciences Po campuses, police mistreatment of complainants.",regex,(?:^|[^\p{L}\p{N}_])metoothéâtre(?:[^\p{L}\p{N}_]|$)
France,#MeTooInceste / #MeTooGay / #MeTooThéâtre / #MeTooMedias / #MeTooPolitique / #SciencesPorcs / #DoublePeine,#MeTooMedias,MeTooMedias,metoomedias,True,True,False,Support,Support,,"2021 sectoral waves: incest (Camille Kouchner's book on Olivier Duhamel, Jan 2021), LGBT, theatre, media (PPDA case), politics, Sciences Po campuses, police mistreatment of complainants.",regex,(?:^|[^\p{L}\p{N}_])metoomedias(?:[^\p{L}\p{N}_]|$)
France,#MeTooInceste / #MeTooGay / #MeTooThéâtre / #MeTooMedias / #MeTooPolitique / #SciencesPorcs / #DoublePeine,#MeTooPolitique,MeTooPolitique,metoopolitique,True,True,False,Support,Support,,"2021 sectoral waves: incest (Camille Kouchner's book on Olivier Duhamel, Jan 2021), LGBT, theatre, media (PPDA case), politics, Sciences Po campuses, police mistreatment of complainants.",regex,(?:^|[^\p{L}\p{N}_])metoopolitique(?:[^\p{L}\p{N}_]|$)
France,#MeTooInceste / #MeTooGay / #MeTooThéâtre / #MeTooMedias / #MeTooPolitique / #SciencesPorcs / #DoublePeine,#SciencesPorcs,SciencesPorcs,sciencesporcs,True,True,False,Support,Support,,"2021 sectoral waves: incest (Camille Kouchner's book on Olivier Duhamel, Jan 2021), LGBT, theatre, media (PPDA case), politics, Sciences Po campuses, police mistreatment of complainants.",regex,(?:^|[^\p{L}\p{N}_])sciencesporcs(?:[^\p{L}\p{N}_]|$)
France,#MeTooInceste / #MeTooGay / #MeTooThéâtre / #MeTooMedias / #MeTooPolitique / #SciencesPorcs / #DoublePeine,#DoublePeine,DoublePeine,doublepeine,True,True,False,Support,Support,,"2021 sectoral waves: incest (Camille Kouchner's book on Olivier Duhamel, Jan 2021), LGBT, theatre, media (PPDA case), politics, Sciences Po campuses, police mistreatment of complainants.",regex,(?:^|[^\p{L}\p{N}_])doublepeine(?:[^\p{L}\p{N}_]|$)
France,#MoiAussi,#MoiAussi,MoiAussi,moiaussi,True,True,False,Support / Translation,Support,,"French-language equivalent of #MeToo, documented in Canada/Francophone coverage. Translation/Gloss: Me too.",regex,(?:^|[^\p{L}\p{N}_])moiaussi(?:[^\p{L}\p{N}_]|$)
France,#MoiAussi / #NousToutes,#NousToutes,NousToutes,noustoutes,True,True,False,Support,Support,,Translation tag; #NousToutes = mass marches against gender violence from Nov 2018.,regex,(?:^|[^\p{L}\p{N}_])noustoutes(?:[^\p{L}\p{N}_]|$)
France,#PayeTaShnek,#PayeTaShnek,PayeTaShnek,payetashnek,True,True,False,Support,Support,,2012 precursor collecting street-harassment testimonies.,regex,(?:^|[^\p{L}\p{N}_])payetashnek(?:[^\p{L}\p{N}_]|$)
France,Adèle Haenel / PPDA / Tariq Ramadan,Adèle Haenel,Adèle Haenel,adèle haenel,False,False,False,Support / Cases,Support,,Haenel's Nov 2019 accusations against Christophe Ruggia and her César 2020 walkout over Polanski's award; Patrick Poivre d'Arvor (2021); Tariq Ramadan rape charges (2017).,regex,(?:^|[^\p{L}\p{N}_])adèle\ haenel(?:[^\p{L}\p{N}_]|$)
France,Adèle Haenel / PPDA / Tariq Ramadan,PPDA,PPDA,ppda,False,True,False,Support / Cases,Support,,Haenel's Nov 2019 accusations against Christophe Ruggia and her César 2020 walkout over Polanski's award; Patrick Poivre d'Arvor (2021); Tariq Ramadan rape charges (2017).,regex,(?:^|[^\p{L}\p{N}_])ppda(?:[^\p{L}\p{N}_]|$)
France,Adèle Haenel / PPDA / Tariq Ramadan,Tariq Ramadan,Tariq Ramadan,tariq ramadan,False,True,False,Support / Cases,Support,,Haenel's Nov 2019 accusations against Christophe Ruggia and her César 2020 walkout over Polanski's award; Patrick Poivre d'Arvor (2021); Tariq Ramadan rape charges (2017).,regex,(?:^|[^\p{L}\p{N}_])tariq\ ramadan(?:[^\p{L}\p{N}_]|$)
France,harcèlement sexuel,harcèlement sexuel,harcèlement sexuel,harcèlement sexuel,False,False,False,Support / Search Term,Support,,French publication/search keyword. Translation/Gloss: sexual harassment.,regex,(?:^|[^\p{L}\p{N}_])harcèlement\ sexuel(?:[^\p{L}\p{N}_]|$)
France,liberté d'importuner (Deneuve letter),liberté d'importuner (Deneuve letter),liberté d'importuner (Deneuve letter),liberté d'importuner (deneuve letter),False,False,False,Backlash,Backlash,,"Jan 2018 Le Monde open letter signed by Catherine Deneuve and 99 others defending men's 'freedom to bother'; the canonical French backlash text. Related backlash vocabulary: 'délation', 'présomption d'innocence'.",regex,(?:^|[^\p{L}\p{N}_])liberté\ d'importuner\ \(deneuve\ letter\)(?:[^\p{L}\p{N}_]|$)
French Guiana,#BalanceTonPorc,#BalanceTonPorc,BalanceTonPorc,balancetonporc,True,True,False,Support / Adjacent,Support,,French #MeToo-era hashtag for naming or denouncing perpetrators; also provoked public backlash debates. Translation/Gloss: Expose/denounce your pig.,regex,(?:^|[^\p{L}\p{N}_])balancetonporc(?:[^\p{L}\p{N}_]|$)
French Guiana,#HimToo,#HimToo,HimToo,himtoo,True,True,False,Backlash / Counter,Backlash,,Major counter-/backlash hashtag that recast #MeToo through false-accusation or accused-men-as-victims narratives; included as a global backlash search term. Translation/Gloss: Him too.,regex,(?:^|[^\p{L}\p{N}_])himtoo(?:[^\p{L}\p{N}_]|$)
French Guiana,#MeToo,#MeToo,MeToo,metoo,True,True,False,Support / Global,Support,,Baseline global #MeToo hashtag; included for every country/territory as the common cross-border search term. Translation/Gloss: Me too.,regex,(?:^|[^\p{L}\p{N}_])metoo(?:[^\p{L}\p{N}_]|$)
French Guiana,#MoiAussi,#MoiAussi,MoiAussi,moiaussi,True,True,False,Support / Translation,Support,,"French-language equivalent of #MeToo, documented in Canada/Francophone coverage. Translation/Gloss: Me too.",regex,(?:^|[^\p{L}\p{N}_])moiaussi(?:[^\p{L}\p{N}_]|$)
French Guiana,#NousToutes,#NousToutes,NousToutes,noustoutes,True,True,False,Support / Adjacent,Support,,French feminist collective/hashtag after #MeToo and #BalanceTonPorc focused on violence against women. Translation/Gloss: All of us women.,regex,(?:^|[^\p{L}\p{N}_])noustoutes(?:[^\p{L}\p{N}_]|$)
French Guiana,harcèlement sexuel,harcèlement sexuel,harcèlement sexuel,harcèlement sexuel,False,False,False,Support / Search Term,Support,,French publication/search keyword. Translation/Gloss: sexual harassment.,regex,(?:^|[^\p{L}\p{N}_])harcèlement\ sexuel(?:[^\p{L}\p{N}_]|$)
French Polynesia,#BalanceTonPorc,#BalanceTonPorc,BalanceTonPorc,balancetonporc,True,True,False,Support / Adjacent,Support,,French #MeToo-era hashtag for naming or denouncing perpetrators; also provoked public backlash debates. Translation/Gloss: Expose/denounce your pig.,regex,(?:^|[^\p{L}\p{N}_])balancetonporc(?:[^\p{L}\p{N}_]|$)
French Polynesia,#HimToo,#HimToo,HimToo,himtoo,True,True,False,Backlash / Counter,Backlash,,Major counter-/backlash hashtag that recast #MeToo through false-accusation or accused-men-as-victims narratives; included as a global backlash search term. Translation/Gloss: Him too.,regex,(?:^|[^\p{L}\p{N}_])himtoo(?:[^\p{L}\p{N}_]|$)
French Polynesia,#MeToo,#MeToo,MeToo,metoo,True,True,False,Support / Global,Support,,Baseline global #MeToo hashtag; included for every country/territory as the common cross-border search term. Translation/Gloss: Me too.,regex,(?:^|[^\p{L}\p{N}_])metoo(?:[^\p{L}\p{N}_]|$)
French Polynesia,#MoiAussi,#MoiAussi,MoiAussi,moiaussi,True,True,False,Support / Translation,Support,,"French-language equivalent of #MeToo, documented in Canada/Francophone coverage. Translation/Gloss: Me too.",regex,(?:^|[^\p{L}\p{N}_])moiaussi(?:[^\p{L}\p{N}_]|$)
French Polynesia,#NousToutes,#NousToutes,NousToutes,noustoutes,True,True,False,Support / Adjacent,Support,,French feminist collective/hashtag after #MeToo and #BalanceTonPorc focused on violence against women. Translation/Gloss: All of us women.,regex,(?:^|[^\p{L}\p{N}_])noustoutes(?:[^\p{L}\p{N}_]|$)
French Polynesia,harcèlement sexuel,harcèlement sexuel,harcèlement sexuel,harcèlement sexuel,False,False,False,Support / Search Term,Support,,French publication/search keyword. Translation/Gloss: sexual harassment.,regex,(?:^|[^\p{L}\p{N}_])harcèlement\ sexuel(?:[^\p{L}\p{N}_]|$)
French Southern Territories,#HimToo,#HimToo,HimToo,himtoo,True,True,False,Backlash / Counter,Backlash,,Major counter-/backlash hashtag that recast #MeToo through false-accusation or accused-men-as-victims narratives; included as a global backlash search term. Translation/Gloss: Him too.,regex,(?:^|[^\p{L}\p{N}_])himtoo(?:[^\p{L}\p{N}_]|$)
French Southern Territories,#MeToo,#MeToo,MeToo,metoo,True,True,False,Support / Global,Support,,Baseline global #MeToo hashtag; included for every country/territory as the common cross-border search term. Translation/Gloss: Me too.,regex,(?:^|[^\p{L}\p{N}_])metoo(?:[^\p{L}\p{N}_]|$)
Gabon,#BalanceTonPorc,#BalanceTonPorc,BalanceTonPorc,balancetonporc,True,True,False,Support / Adjacent,Support,,French #MeToo-era hashtag for naming or denouncing perpetrators; also provoked public backlash debates. Translation/Gloss: Expose/denounce your pig.,regex,(?:^|[^\p{L}\p{N}_])balancetonporc(?:[^\p{L}\p{N}_]|$)
Gabon,#HimToo,#HimToo,HimToo,himtoo,True,True,False,Backlash / Counter,Backlash,,Major counter-/backlash hashtag that recast #MeToo through false-accusation or accused-men-as-victims narratives; included as a global backlash search term. Translation/Gloss: Him too.,regex,(?:^|[^\p{L}\p{N}_])himtoo(?:[^\p{L}\p{N}_]|$)
Gabon,#MeToo,#MeToo,MeToo,metoo,True,True,False,Support / Global,Support,,Baseline global #MeToo hashtag; included for every country/territory as the common cross-border search term. Translation/Gloss: Me too.,regex,(?:^|[^\p{L}\p{N}_])metoo(?:[^\p{L}\p{N}_]|$)
Gabon,#MoiAussi,#MoiAussi,MoiAussi,moiaussi,True,True,False,Support / Translation,Support,,"French-language equivalent of #MeToo, documented in Canada/Francophone coverage. Translation/Gloss: Me too.",regex,(?:^|[^\p{L}\p{N}_])moiaussi(?:[^\p{L}\p{N}_]|$)
Gabon,#NousToutes,#NousToutes,NousToutes,noustoutes,True,True,False,Support / Adjacent,Support,,French feminist collective/hashtag after #MeToo and #BalanceTonPorc focused on violence against women. Translation/Gloss: All of us women.,regex,(?:^|[^\p{L}\p{N}_])noustoutes(?:[^\p{L}\p{N}_]|$)
Gabon,harcèlement sexuel,harcèlement sexuel,harcèlement sexuel,harcèlement sexuel,False,False,False,Support / Search Term,Support,,French publication/search keyword. Translation/Gloss: sexual harassment.,regex,(?:^|[^\p{L}\p{N}_])harcèlement\ sexuel(?:[^\p{L}\p{N}_]|$)
Georgia,#HimToo,#HimToo,HimToo,himtoo,True,True,False,Backlash / Counter,Backlash,,Major counter-/backlash hashtag that recast #MeToo through false-accusation or accused-men-as-victims narratives; included as a global backlash search term. Translation/Gloss: Him too.,regex,(?:^|[^\p{L}\p{N}_])himtoo(?:[^\p{L}\p{N}_]|$)
Georgia,#MeToo,#MeToo,MeToo,metoo,True,True,False,Support / Global,Support,,Baseline global #MeToo hashtag; included for every country/territory as the common cross-border search term. Translation/Gloss: Me too.,regex,(?:^|[^\p{L}\p{N}_])metoo(?:[^\p{L}\p{N}_]|$)
Georgia,#მეც,#მეც,მეც,მეც,True,False,False,Support / Translation,Support,,Georgian equivalent of #MeToo. Translation/Gloss: Me too.,substr,
Georgia,Tatia Samkharadze,Tatia Samkharadze,Tatia Samkharadze,tatia samkharadze,False,True,False,Support / Trigger Case,Support,,"2016: journalist sued Imedi TV boss Shalva Ramishvili for harassment - landmark first case, upheld on appeal 2018; ~80+ women spoke out by 2017; led to 2019 law classifying harassment as discrimination. No single distinctive hashtag.",regex,(?:^|[^\p{L}\p{N}_])tatia\ samkharadze(?:[^\p{L}\p{N}_]|$)
Georgia,სექსუალური შევიწროება,სექსუალური შევიწროება,სექსუალური შევიწროება,სექსუალური შევიწროება,False,False,False,Support / Search Term,Support,,Georgian publication/search keyword. Translation/Gloss: sexual harassment.,substr,
Germany,#Aufschrei,#Aufschrei,Aufschrei,aufschrei,True,True,False,Support,Support,,"'Outcry', Jan 2013 precursor by Anne Wizorek, after journalist's account of FDP politician Rainer Brüderle's behavior; Germany's proto-MeToo.",regex,(?:^|[^\p{L}\p{N}_])aufschrei(?:[^\p{L}\p{N}_]|$)
Germany,#HimToo,#HimToo,HimToo,himtoo,True,True,False,Backlash / Counter,Backlash,,Major counter-/backlash hashtag that recast #MeToo through false-accusation or accused-men-as-victims narratives; included as a global backlash search term. Translation/Gloss: Him too.,regex,(?:^|[^\p{L}\p{N}_])himtoo(?:[^\p{L}\p{N}_]|$)
Germany,#IchAuch,#IchAuch,IchAuch,ichauch,True,True,False,Support / Translation,Support,,German equivalent of #MeToo. Translation/Gloss: Me too.,regex,(?:^|[^\p{L}\p{N}_])ichauch(?:[^\p{L}\p{N}_]|$)
Germany,#MeToo,#MeToo,MeToo,metoo,True,True,False,Support / Global,Support,,Baseline global #MeToo hashtag; included for every country/territory as the common cross-border search term. Translation/Gloss: Me too.,regex,(?:^|[^\p{L}\p{N}_])metoo(?:[^\p{L}\p{N}_]|$)
Germany,#NeinHeisstNein,#NeinHeisstNein,NeinHeisstNein,neinheisstnein,True,True,False,Support,Support,,'No means no' - 2016 consent-law reform slogan (post-Cologne NYE assaults; note the Cologne debate also carried racialized framing).,regex,(?:^|[^\p{L}\p{N}_])neinheisstnein(?:[^\p{L}\p{N}_]|$)
Germany,Dieter Wedel / Julian Reichelt,Dieter Wedel,Dieter Wedel,dieter wedel,False,True,False,Support / Cases,Support,,Jan 2018 Zeit investigation into director Dieter Wedel = German MeToo landmark; Bild editor Julian Reichelt ousted 2021.,regex,(?:^|[^\p{L}\p{N}_])dieter\ wedel(?:[^\p{L}\p{N}_]|$)
Germany,Dieter Wedel / Julian Reichelt,Julian Reichelt,Julian Reichelt,julian reichelt,False,True,False,Support / Cases,Support,,Jan 2018 Zeit investigation into director Dieter Wedel = German MeToo landmark; Bild editor Julian Reichelt ousted 2021.,regex,(?:^|[^\p{L}\p{N}_])julian\ reichelt(?:[^\p{L}\p{N}_]|$)
Germany,Hexenjagd,Hexenjagd,Hexenjagd,hexenjagd,False,True,False,Backlash,Backlash,,'Witch hunt' - standard German backlash frame.,regex,(?:^|[^\p{L}\p{N}_])hexenjagd(?:[^\p{L}\p{N}_]|$)
Germany,sexuelle Belästigung,sexuelle Belästigung,sexuelle Belästigung,sexuelle belästigung,False,False,False,Support / Search Term,Support,,German publication/search keyword. Translation/Gloss: sexual harassment.,regex,(?:^|[^\p{L}\p{N}_])sexuelle\ belästigung(?:[^\p{L}\p{N}_]|$)
Ghana,#BelieveWomen,#BelieveWomen,BelieveWomen,believewomen,True,True,False,Support / Solidarity,Support,,Survivor-belief and anti-victim-blaming phrase used in #MeToo-related discourse. Translation/Gloss: Believe women.,regex,(?:^|[^\p{L}\p{N}_])believewomen(?:[^\p{L}\p{N}_]|$)
Ghana,#HimToo,#HimToo,HimToo,himtoo,True,True,False,Backlash / Counter,Backlash,,Major counter-/backlash hashtag that recast #MeToo through false-accusation or accused-men-as-victims narratives; included as a global backlash search term. Translation/Gloss: Him too.,regex,(?:^|[^\p{L}\p{N}_])himtoo(?:[^\p{L}\p{N}_]|$)
Ghana,#MeToo,#MeToo,MeToo,metoo,True,True,False,Support / Global,Support,,Baseline global #MeToo hashtag; included for every country/territory as the common cross-border search term. Translation/Gloss: Me too.,regex,(?:^|[^\p{L}\p{N}_])metoo(?:[^\p{L}\p{N}_]|$)
Ghana,#SexForGrades,#SexForGrades,SexForGrades,sexforgrades,True,True,False,Support,Support,,"Oct 2019 BBC Africa Eye undercover investigation into lecturers at University of Ghana (and UNILAG, Nigeria).",regex,(?:^|[^\p{L}\p{N}_])sexforgrades(?:[^\p{L}\p{N}_]|$)
Ghana,#TimesUp,#TimesUp,TimesUp,timesup,True,True,False,Support / Solidarity,Support,,Transnational accountability and anti-harassment hashtag frequently paired with #MeToo. Translation/Gloss: Time is up.,regex,(?:^|[^\p{L}\p{N}_])timesup(?:[^\p{L}\p{N}_]|$)
Ghana,sexual harassment,sexual harassment,sexual harassment,sexual harassment,False,True,False,Support / Search Term,Support,,English search keyword for #MeToo-related social-media and publication searches. Translation/Gloss: sexual harassment.,regex,(?:^|[^\p{L}\p{N}_])sexual\ harassment(?:[^\p{L}\p{N}_]|$)
Ghana,violence against women,violence against women,violence against women,violence against women,False,True,False,Support / Search Term,Support,,English search keyword for adjacent #MeToo and gender-based violence coverage. Translation/Gloss: violence against women.,regex,(?:^|[^\p{L}\p{N}_])violence\ against\ women(?:[^\p{L}\p{N}_]|$)
Gibraltar,#BelieveWomen,#BelieveWomen,BelieveWomen,believewomen,True,True,False,Support / Solidarity,Support,,Survivor-belief and anti-victim-blaming phrase used in #MeToo-related discourse. Translation/Gloss: Believe women.,regex,(?:^|[^\p{L}\p{N}_])believewomen(?:[^\p{L}\p{N}_]|$)
Gibraltar,#HimToo,#HimToo,HimToo,himtoo,True,True,False,Backlash / Counter,Backlash,,Major counter-/backlash hashtag that recast #MeToo through false-accusation or accused-men-as-victims narratives; included as a global backlash search term. Translation/Gloss: Him too.,regex,(?:^|[^\p{L}\p{N}_])himtoo(?:[^\p{L}\p{N}_]|$)
Gibraltar,#MeToo,#MeToo,MeToo,metoo,True,True,False,Support / Global,Support,,Baseline global #MeToo hashtag; included for every country/territory as the common cross-border search term. Translation/Gloss: Me too.,regex,(?:^|[^\p{L}\p{N}_])metoo(?:[^\p{L}\p{N}_]|$)
Gibraltar,#TimesUp,#TimesUp,TimesUp,timesup,True,True,False,Support / Solidarity,Support,,Transnational accountability and anti-harassment hashtag frequently paired with #MeToo. Translation/Gloss: Time is up.,regex,(?:^|[^\p{L}\p{N}_])timesup(?:[^\p{L}\p{N}_]|$)
Gibraltar,sexual harassment,sexual harassment,sexual harassment,sexual harassment,False,True,False,Support / Search Term,Support,,English search keyword for #MeToo-related social-media and publication searches. Translation/Gloss: sexual harassment.,regex,(?:^|[^\p{L}\p{N}_])sexual\ harassment(?:[^\p{L}\p{N}_]|$)
Gibraltar,violence against women,violence against women,violence against women,violence against women,False,True,False,Support / Search Term,Support,,English search keyword for adjacent #MeToo and gender-based violence coverage. Translation/Gloss: violence against women.,regex,(?:^|[^\p{L}\p{N}_])violence\ against\ women(?:[^\p{L}\p{N}_]|$)
Greece,#HimToo,#HimToo,HimToo,himtoo,True,True,False,Backlash / Counter,Backlash,,Major counter-/backlash hashtag that recast #MeToo through false-accusation or accused-men-as-victims narratives; included as a global backlash search term. Translation/Gloss: Him too.,regex,(?:^|[^\p{L}\p{N}_])himtoo(?:[^\p{L}\p{N}_]|$)
Greece,#MeTinSofia,#MeTinSofia,MeTinSofia,metinsofia,True,True,False,Support / Solidarity,Support,,Greece: Olympian Sofia Bekatorou's abuse disclosure triggered the Hellenic #MeToo wave. Translation/Gloss: With Sofia.,regex,(?:^|[^\p{L}\p{N}_])metinsofia(?:[^\p{L}\p{N}_]|$)
Greece,#MeToo,#MeToo,MeToo,metoo,True,True,False,Support / Global,Support,,Baseline global #MeToo hashtag; included for every country/territory as the common cross-border search term. Translation/Gloss: Me too.,regex,(?:^|[^\p{L}\p{N}_])metoo(?:[^\p{L}\p{N}_]|$)
Greece,Δημήτρης Λιγνάδης (Lignadis) / #metoogr,Δημήτρης Λιγνάδης (Lignadis),Δημήτρης Λιγνάδης (Lignadis),δημήτρης λιγνάδης (lignadis),False,False,False,Support / Case,Support,,"National Theatre director arrested Feb 2021, convicted of rape; emblematic case of the wave.",regex,(?:^|[^\p{L}\p{N}_])δημήτρης\ λιγνάδης\ \(lignadis\)(?:[^\p{L}\p{N}_]|$)
Greece,Δημήτρης Λιγνάδης (Lignadis) / #metoogr,#metoogr,metoogr,metoogr,True,True,False,Support / Case,Support,,"National Theatre director arrested Feb 2021, convicted of rape; emblematic case of the wave.",regex,(?:^|[^\p{L}\p{N}_])metoogr(?:[^\p{L}\p{N}_]|$)
Greece,Σοφία Μπεκατώρου (Sofia Bekatorou),Σοφία Μπεκατώρου (Sofia Bekatorou),Σοφία Μπεκατώρου (Sofia Bekatorou),σοφία μπεκατώρου (sofia bekatorou),False,False,False,Support / Trigger,Support,,Jan 2021: Olympic sailing champion disclosed assault by a federation official - unleashed the Greek MeToo wave.,regex,(?:^|[^\p{L}\p{N}_])σοφία\ μπεκατώρου\ \(sofia\ bekatorou\)(?:[^\p{L}\p{N}_]|$)
Greece,σεξουαλική παρενόχληση,σεξουαλική παρενόχληση,σεξουαλική παρενόχληση,σεξουαλική παρενόχληση,False,False,False,Support / Search Term,Support,,Greek publication/search keyword. Translation/Gloss: sexual harassment.,substr,
Greenland,#HimToo,#HimToo,HimToo,himtoo,True,True,False,Backlash / Counter,Backlash,,Major counter-/backlash hashtag that recast #MeToo through false-accusation or accused-men-as-victims narratives; included as a global backlash search term. Translation/Gloss: Him too.,regex,(?:^|[^\p{L}\p{N}_])himtoo(?:[^\p{L}\p{N}_]|$)
Greenland,#MeToo,#MeToo,MeToo,metoo,True,True,False,Support / Global,Support,,Baseline global #MeToo hashtag; included for every country/territory as the common cross-border search term. Translation/Gloss: Me too.,regex,(?:^|[^\p{L}\p{N}_])metoo(?:[^\p{L}\p{N}_]|$)
Greenland,seksuel chikane,seksuel chikane,seksuel chikane,seksuel chikane,False,True,False,Support / Search Term,Support,,Danish publication/search keyword; Denmark's #MeToo discussion is often indexed using #MeToo plus this term. Translation/Gloss: sexual harassment.,regex,(?:^|[^\p{L}\p{N}_])seksuel\ chikane(?:[^\p{L}\p{N}_]|$)
Grenada,#BelieveWomen,#BelieveWomen,BelieveWomen,believewomen,True,True,False,Support / Solidarity,Support,,Survivor-belief and anti-victim-blaming phrase used in #MeToo-related discourse. Translation/Gloss: Believe women.,regex,(?:^|[^\p{L}\p{N}_])believewomen(?:[^\p{L}\p{N}_]|$)
Grenada,#HimToo,#HimToo,HimToo,himtoo,True,True,False,Backlash / Counter,Backlash,,Major counter-/backlash hashtag that recast #MeToo through false-accusation or accused-men-as-victims narratives; included as a global backlash search term. Translation/Gloss: Him too.,regex,(?:^|[^\p{L}\p{N}_])himtoo(?:[^\p{L}\p{N}_]|$)
Grenada,#MeToo,#MeToo,MeToo,metoo,True,True,False,Support / Global,Support,,Baseline global #MeToo hashtag; included for every country/territory as the common cross-border search term. Translation/Gloss: Me too.,regex,(?:^|[^\p{L}\p{N}_])metoo(?:[^\p{L}\p{N}_]|$)
Grenada,#TimesUp,#TimesUp,TimesUp,timesup,True,True,False,Support / Solidarity,Support,,Transnational accountability and anti-harassment hashtag frequently paired with #MeToo. Translation/Gloss: Time is up.,regex,(?:^|[^\p{L}\p{N}_])timesup(?:[^\p{L}\p{N}_]|$)
Grenada,sexual harassment,sexual harassment,sexual harassment,sexual harassment,False,True,False,Support / Search Term,Support,,English search keyword for #MeToo-related social-media and publication searches. Translation/Gloss: sexual harassment.,regex,(?:^|[^\p{L}\p{N}_])sexual\ harassment(?:[^\p{L}\p{N}_]|$)
Grenada,violence against women,violence against women,violence against women,violence against women,False,True,False,Support / Search Term,Support,,English search keyword for adjacent #MeToo and gender-based violence coverage. Translation/Gloss: violence against women.,regex,(?:^|[^\p{L}\p{N}_])violence\ against\ women(?:[^\p{L}\p{N}_]|$)
Guadeloupe,#BalanceTonPorc,#BalanceTonPorc,BalanceTonPorc,balancetonporc,True,True,False,Support / Adjacent,Support,,French #MeToo-era hashtag for naming or denouncing perpetrators; also provoked public backlash debates. Translation/Gloss: Expose/denounce your pig.,regex,(?:^|[^\p{L}\p{N}_])balancetonporc(?:[^\p{L}\p{N}_]|$)
Guadeloupe,#HimToo,#HimToo,HimToo,himtoo,True,True,False,Backlash / Counter,Backlash,,Major counter-/backlash hashtag that recast #MeToo through false-accusation or accused-men-as-victims narratives; included as a global backlash search term. Translation/Gloss: Him too.,regex,(?:^|[^\p{L}\p{N}_])himtoo(?:[^\p{L}\p{N}_]|$)
Guadeloupe,#MeToo,#MeToo,MeToo,metoo,True,True,False,Support / Global,Support,,Baseline global #MeToo hashtag; included for every country/territory as the common cross-border search term. Translation/Gloss: Me too.,regex,(?:^|[^\p{L}\p{N}_])metoo(?:[^\p{L}\p{N}_]|$)
Guadeloupe,#MoiAussi,#MoiAussi,MoiAussi,moiaussi,True,True,False,Support / Translation,Support,,"French-language equivalent of #MeToo, documented in Canada/Francophone coverage. Translation/Gloss: Me too.",regex,(?:^|[^\p{L}\p{N}_])moiaussi(?:[^\p{L}\p{N}_]|$)
Guadeloupe,#NousToutes,#NousToutes,NousToutes,noustoutes,True,True,False,Support / Adjacent,Support,,French feminist collective/hashtag after #MeToo and #BalanceTonPorc focused on violence against women. Translation/Gloss: All of us women.,regex,(?:^|[^\p{L}\p{N}_])noustoutes(?:[^\p{L}\p{N}_]|$)
Guadeloupe,harcèlement sexuel,harcèlement sexuel,harcèlement sexuel,harcèlement sexuel,False,False,False,Support / Search Term,Support,,French publication/search keyword. Translation/Gloss: sexual harassment.,regex,(?:^|[^\p{L}\p{N}_])harcèlement\ sexuel(?:[^\p{L}\p{N}_]|$)
Guam,#HimToo,#HimToo,HimToo,himtoo,True,True,False,Backlash / Counter,Backlash,,Major counter-/backlash hashtag that recast #MeToo through false-accusation or accused-men-as-victims narratives; included as a global backlash search term. Translation/Gloss: Him too.,regex,(?:^|[^\p{L}\p{N}_])himtoo(?:[^\p{L}\p{N}_]|$)
Guam,#MeToo,#MeToo,MeToo,metoo,True,True,False,Support / Global,Support,,Baseline global #MeToo hashtag; included for every country/territory as the common cross-border search term. Translation/Gloss: Me too.,regex,(?:^|[^\p{L}\p{N}_])metoo(?:[^\p{L}\p{N}_]|$)
Guatemala,#Cuéntalo,#Cuéntalo,Cuéntalo,cuéntalo,True,False,False,Support / Adjacent,Support,,Spanish testimony hashtag associated especially with Spain and the La Manada reckoning; useful across Spanish-language searches. Translation/Gloss: Tell it / tell your story.,regex,(?:^|[^\p{L}\p{N}_])cuéntalo(?:[^\p{L}\p{N}_]|$)
Guatemala,#HimToo,#HimToo,HimToo,himtoo,True,True,False,Backlash / Counter,Backlash,,Major counter-/backlash hashtag that recast #MeToo through false-accusation or accused-men-as-victims narratives; included as a global backlash search term. Translation/Gloss: Him too.,regex,(?:^|[^\p{L}\p{N}_])himtoo(?:[^\p{L}\p{N}_]|$)
Guatemala,#MeToo,#MeToo,MeToo,metoo,True,True,False,Support / Global,Support,,Baseline global #MeToo hashtag; included for every country/territory as the common cross-border search term. Translation/Gloss: Me too.,regex,(?:^|[^\p{L}\p{N}_])metoo(?:[^\p{L}\p{N}_]|$)
Guatemala,#NiUnaMenos,#NiUnaMenos,NiUnaMenos,niunamenos,True,True,False,Support / Adjacent,Support,,Latin American movement against femicide and violence against women; often overlaps with #MeToo-adjacent activism. Translation/Gloss: Not one woman less.,regex,(?:^|[^\p{L}\p{N}_])niunamenos(?:[^\p{L}\p{N}_]|$)
Guatemala,#NosDuelen56,#NosDuelen56,NosDuelen56,nosduelen56,True,True,False,Support,Support,,Mar 2017 Hogar Seguro state shelter fire killed 41 girls (56 burned) after abuse complaints ignored; emblem of state violence against girls.,regex,(?:^|[^\p{L}\p{N}_])nosduelen56(?:[^\p{L}\p{N}_]|$)
Guatemala,#TengoMiedo,#TengoMiedo,TengoMiedo,tengomiedo,True,True,False,Support,Support,,'I am afraid' - Guatemalan women sharing fear/harassment testimonies (2017); verify volume before relying on it.,regex,(?:^|[^\p{L}\p{N}_])tengomiedo(?:[^\p{L}\p{N}_]|$)
Guatemala,#YoSíTeCreo,#YoSíTeCreo,YoSíTeCreo,yosítecreo,True,False,False,Support / Solidarity,Support,,Spanish solidarity tag/phrase used around sexual-violence testimony and belief of survivors. Translation/Gloss: I do believe you.,regex,(?:^|[^\p{L}\p{N}_])yosítecreo(?:[^\p{L}\p{N}_]|$)
Guatemala,#YoTambién,#YoTambién,YoTambién,yotambién,True,False,False,Support / Translation,Support,,Spanish-language equivalent of #MeToo; documented in global/regional lists. Translation/Gloss: Me too.,regex,(?:^|[^\p{L}\p{N}_])yotambién(?:[^\p{L}\p{N}_]|$)
Guatemala,acoso sexual,acoso sexual,acoso sexual,acoso sexual,False,True,False,Support / Search Term,Support,,Spanish publication/search keyword. Translation/Gloss: sexual harassment.,regex,(?:^|[^\p{L}\p{N}_])acoso\ sexual(?:[^\p{L}\p{N}_]|$)
Guernsey,#HimToo,#HimToo,HimToo,himtoo,True,True,False,Backlash / Counter,Backlash,,Major counter-/backlash hashtag that recast #MeToo through false-accusation or accused-men-as-victims narratives; included as a global backlash search term. Translation/Gloss: Him too.,regex,(?:^|[^\p{L}\p{N}_])himtoo(?:[^\p{L}\p{N}_]|$)
Guernsey,#MeToo,#MeToo,MeToo,metoo,True,True,False,Support / Global,Support,,Baseline global #MeToo hashtag; included for every country/territory as the common cross-border search term. Translation/Gloss: Me too.,regex,(?:^|[^\p{L}\p{N}_])metoo(?:[^\p{L}\p{N}_]|$)
Guinea,#BalanceTonPorc,#BalanceTonPorc,BalanceTonPorc,balancetonporc,True,True,False,Support / Adjacent,Support,,French #MeToo-era hashtag for naming or denouncing perpetrators; also provoked public backlash debates. Translation/Gloss: Expose/denounce your pig.,regex,(?:^|[^\p{L}\p{N}_])balancetonporc(?:[^\p{L}\p{N}_]|$)
Guinea,#HimToo,#HimToo,HimToo,himtoo,True,True,False,Backlash / Counter,Backlash,,Major counter-/backlash hashtag that recast #MeToo through false-accusation or accused-men-as-victims narratives; included as a global backlash search term. Translation/Gloss: Him too.,regex,(?:^|[^\p{L}\p{N}_])himtoo(?:[^\p{L}\p{N}_]|$)
Guinea,#MeToo,#MeToo,MeToo,metoo,True,True,False,Support / Global,Support,,Baseline global #MeToo hashtag; included for every country/territory as the common cross-border search term. Translation/Gloss: Me too.,regex,(?:^|[^\p{L}\p{N}_])metoo(?:[^\p{L}\p{N}_]|$)
Guinea,#MoiAussi,#MoiAussi,MoiAussi,moiaussi,True,True,False,Support / Translation,Support,,"French-language equivalent of #MeToo, documented in Canada/Francophone coverage. Translation/Gloss: Me too.",regex,(?:^|[^\p{L}\p{N}_])moiaussi(?:[^\p{L}\p{N}_]|$)
Guinea,#NousToutes,#NousToutes,NousToutes,noustoutes,True,True,False,Support / Adjacent,Support,,French feminist collective/hashtag after #MeToo and #BalanceTonPorc focused on violence against women. Translation/Gloss: All of us women.,regex,(?:^|[^\p{L}\p{N}_])noustoutes(?:[^\p{L}\p{N}_]|$)
Guinea,harcèlement sexuel,harcèlement sexuel,harcèlement sexuel,harcèlement sexuel,False,False,False,Support / Search Term,Support,,French publication/search keyword. Translation/Gloss: sexual harassment.,regex,(?:^|[^\p{L}\p{N}_])harcèlement\ sexuel(?:[^\p{L}\p{N}_]|$)
Guinea,harcèlement sexuel / viol,viol,viol,viol,False,True,False,Support / Generic Term,Support,,No sustained national hashtag movement documented.,regex,(?:^|[^\p{L}\p{N}_])viol(?:[^\p{L}\p{N}_]|$)
Guinea-Bissau,#ChegaDeFiuFiu,#ChegaDeFiuFiu,ChegaDeFiuFiu,chegadefiufiu,True,True,False,Support / Adjacent,Support,,Brazil-origin anti-street-harassment campaign; relevant for Portuguese-language searches. Translation/Gloss: Enough with catcalling.,regex,(?:^|[^\p{L}\p{N}_])chegadefiufiu(?:[^\p{L}\p{N}_]|$)
Guinea-Bissau,#EuTambém,#EuTambém,EuTambém,eutambém,True,False,False,Support / Translation,Support,,Portuguese equivalent of #MeToo. Translation/Gloss: Me too.,regex,(?:^|[^\p{L}\p{N}_])eutambém(?:[^\p{L}\p{N}_]|$)
Guinea-Bissau,#HimToo,#HimToo,HimToo,himtoo,True,True,False,Backlash / Counter,Backlash,,Major counter-/backlash hashtag that recast #MeToo through false-accusation or accused-men-as-victims narratives; included as a global backlash search term. Translation/Gloss: Him too.,regex,(?:^|[^\p{L}\p{N}_])himtoo(?:[^\p{L}\p{N}_]|$)
Guinea-Bissau,#MeToo,#MeToo,MeToo,metoo,True,True,False,Support / Global,Support,,Baseline global #MeToo hashtag; included for every country/territory as the common cross-border search term. Translation/Gloss: Me too.,regex,(?:^|[^\p{L}\p{N}_])metoo(?:[^\p{L}\p{N}_]|$)
Guinea-Bissau,#PrimeiroAssédio,#PrimeiroAssédio,PrimeiroAssédio,primeiroassédio,True,False,False,Support / Adjacent,Support,,Brazil-origin hashtag where women shared first harassment experiences. Translation/Gloss: First harassment.,regex,(?:^|[^\p{L}\p{N}_])primeiroassédio(?:[^\p{L}\p{N}_]|$)
Guinea-Bissau,assédio sexual,assédio sexual,assédio sexual,assédio sexual,False,False,False,Support / Search Term,Support,,Portuguese publication/search keyword. Translation/Gloss: sexual harassment.,regex,(?:^|[^\p{L}\p{N}_])assédio\ sexual(?:[^\p{L}\p{N}_]|$)
Guyana,#BelieveWomen,#BelieveWomen,BelieveWomen,believewomen,True,True,False,Support / Solidarity,Support,,Survivor-belief and anti-victim-blaming phrase used in #MeToo-related discourse. Translation/Gloss: Believe women.,regex,(?:^|[^\p{L}\p{N}_])believewomen(?:[^\p{L}\p{N}_]|$)
Guyana,#HimToo,#HimToo,HimToo,himtoo,True,True,False,Backlash / Counter,Backlash,,Major counter-/backlash hashtag that recast #MeToo through false-accusation or accused-men-as-victims narratives; included as a global backlash search term. Translation/Gloss: Him too.,regex,(?:^|[^\p{L}\p{N}_])himtoo(?:[^\p{L}\p{N}_]|$)
Guyana,#LifeInLeggings,#LifeInLeggings,LifeInLeggings,lifeinleggings,True,True,False,Support,Support,,Regional wave incl. 2017 solidarity marches in Georgetown.,regex,(?:^|[^\p{L}\p{N}_])lifeinleggings(?:[^\p{L}\p{N}_]|$)
Guyana,#MeToo,#MeToo,MeToo,metoo,True,True,False,Support / Global,Support,,Baseline global #MeToo hashtag; included for every country/territory as the common cross-border search term. Translation/Gloss: Me too.,regex,(?:^|[^\p{L}\p{N}_])metoo(?:[^\p{L}\p{N}_]|$)
Guyana,#TimesUp,#TimesUp,TimesUp,timesup,True,True,False,Support / Solidarity,Support,,Transnational accountability and anti-harassment hashtag frequently paired with #MeToo. Translation/Gloss: Time is up.,regex,(?:^|[^\p{L}\p{N}_])timesup(?:[^\p{L}\p{N}_]|$)
Guyana,sexual harassment,sexual harassment,sexual harassment,sexual harassment,False,True,False,Support / Search Term,Support,,English search keyword for #MeToo-related social-media and publication searches. Translation/Gloss: sexual harassment.,regex,(?:^|[^\p{L}\p{N}_])sexual\ harassment(?:[^\p{L}\p{N}_]|$)
Guyana,violence against women,violence against women,violence against women,violence against women,False,True,False,Support / Search Term,Support,,English search keyword for adjacent #MeToo and gender-based violence coverage. Translation/Gloss: violence against women.,regex,(?:^|[^\p{L}\p{N}_])violence\ against\ women(?:[^\p{L}\p{N}_]|$)
Haiti,#BalanceTonPorc,#BalanceTonPorc,BalanceTonPorc,balancetonporc,True,True,False,Support / Adjacent,Support,,French #MeToo-era hashtag for naming or denouncing perpetrators; also provoked public backlash debates. Translation/Gloss: Expose/denounce your pig.,regex,(?:^|[^\p{L}\p{N}_])balancetonporc(?:[^\p{L}\p{N}_]|$)
Haiti,#HimToo,#HimToo,HimToo,himtoo,True,True,False,Backlash / Counter,Backlash,,Major counter-/backlash hashtag that recast #MeToo through false-accusation or accused-men-as-victims narratives; included as a global backlash search term. Translation/Gloss: Him too.,regex,(?:^|[^\p{L}\p{N}_])himtoo(?:[^\p{L}\p{N}_]|$)
Haiti,#MeToo,#MeToo,MeToo,metoo,True,True,False,Support / Global,Support,,Baseline global #MeToo hashtag; included for every country/territory as the common cross-border search term. Translation/Gloss: Me too.,regex,(?:^|[^\p{L}\p{N}_])metoo(?:[^\p{L}\p{N}_]|$)
Haiti,#MoiAussi,#MoiAussi,MoiAussi,moiaussi,True,True,False,Support / Translation,Support,,"French-language equivalent of #MeToo, documented in Canada/Francophone coverage. Translation/Gloss: Me too.",regex,(?:^|[^\p{L}\p{N}_])moiaussi(?:[^\p{L}\p{N}_]|$)
Haiti,#NousToutes,#NousToutes,NousToutes,noustoutes,True,True,False,Support / Adjacent,Support,,French feminist collective/hashtag after #MeToo and #BalanceTonPorc focused on violence against women. Translation/Gloss: All of us women.,regex,(?:^|[^\p{L}\p{N}_])noustoutes(?:[^\p{L}\p{N}_]|$)
Haiti,Oxfam Haiti / #AidToo,Oxfam Haiti,Oxfam Haiti,oxfam haiti,False,True,False,Support / Exposure,Support,,Feb 2018 Oxfam sexual exploitation scandal in post-quake Haiti; launched the #AidToo reckoning in the aid sector.,regex,(?:^|[^\p{L}\p{N}_])oxfam\ haiti(?:[^\p{L}\p{N}_]|$)
Haiti,Oxfam Haiti / #AidToo,#AidToo,AidToo,aidtoo,True,True,False,Support / Exposure,Support,,Feb 2018 Oxfam sexual exploitation scandal in post-quake Haiti; launched the #AidToo reckoning in the aid sector.,regex,(?:^|[^\p{L}\p{N}_])aidtoo(?:[^\p{L}\p{N}_]|$)
Haiti,harcèlement sexuel,harcèlement sexuel,harcèlement sexuel,harcèlement sexuel,False,False,False,Support / Search Term,Support,,French publication/search keyword. Translation/Gloss: sexual harassment.,regex,(?:^|[^\p{L}\p{N}_])harcèlement\ sexuel(?:[^\p{L}\p{N}_]|$)
Heard Island and McDonald Islands,#HimToo,#HimToo,HimToo,himtoo,True,True,False,Backlash / Counter,Backlash,,Major counter-/backlash hashtag that recast #MeToo through false-accusation or accused-men-as-victims narratives; included as a global backlash search term. Translation/Gloss: Him too.,regex,(?:^|[^\p{L}\p{N}_])himtoo(?:[^\p{L}\p{N}_]|$)
Heard Island and McDonald Islands,#MeToo,#MeToo,MeToo,metoo,True,True,False,Support / Global,Support,,Baseline global #MeToo hashtag; included for every country/territory as the common cross-border search term. Translation/Gloss: Me too.,regex,(?:^|[^\p{L}\p{N}_])metoo(?:[^\p{L}\p{N}_]|$)
Holy See (Vatican City State),#HimToo,#HimToo,HimToo,himtoo,True,True,False,Backlash / Counter,Backlash,,Major counter-/backlash hashtag that recast #MeToo through false-accusation or accused-men-as-victims narratives; included as a global backlash search term. Translation/Gloss: Him too.,regex,(?:^|[^\p{L}\p{N}_])himtoo(?:[^\p{L}\p{N}_]|$)
Holy See (Vatican City State),#IoAnche,#IoAnche,IoAnche,ioanche,True,True,False,Support / Translation,Support,,Italian equivalent of #MeToo. Translation/Gloss: Me too.,regex,(?:^|[^\p{L}\p{N}_])ioanche(?:[^\p{L}\p{N}_]|$)
Holy See (Vatican City State),#MeToo,#MeToo,MeToo,metoo,True,True,False,Support / Global,Support,,Baseline global #MeToo hashtag; included for every country/territory as the common cross-border search term. Translation/Gloss: Me too.,regex,(?:^|[^\p{L}\p{N}_])metoo(?:[^\p{L}\p{N}_]|$)
Holy See (Vatican City State),#QuellaVoltaChe,#QuellaVoltaChe,QuellaVoltaChe,quellavoltache,True,True,False,Support / Adjacent,Support,,Italian #MeToo-era testimony hashtag. Translation/Gloss: That time when.,regex,(?:^|[^\p{L}\p{N}_])quellavoltache(?:[^\p{L}\p{N}_]|$)
Holy See (Vatican City State),molestie sessuali,molestie sessuali,molestie sessuali,molestie sessuali,False,True,False,Support / Search Term,Support,,Italian publication/search keyword. Translation/Gloss: sexual harassment.,regex,(?:^|[^\p{L}\p{N}_])molestie\ sessuali(?:[^\p{L}\p{N}_]|$)
Honduras,#Cuéntalo,#Cuéntalo,Cuéntalo,cuéntalo,True,False,False,Support / Adjacent,Support,,Spanish testimony hashtag associated especially with Spain and the La Manada reckoning; useful across Spanish-language searches. Translation/Gloss: Tell it / tell your story.,regex,(?:^|[^\p{L}\p{N}_])cuéntalo(?:[^\p{L}\p{N}_]|$)
Honduras,#HimToo,#HimToo,HimToo,himtoo,True,True,False,Backlash / Counter,Backlash,,Major counter-/backlash hashtag that recast #MeToo through false-accusation or accused-men-as-victims narratives; included as a global backlash search term. Translation/Gloss: Him too.,regex,(?:^|[^\p{L}\p{N}_])himtoo(?:[^\p{L}\p{N}_]|$)
Honduras,#MeToo,#MeToo,MeToo,metoo,True,True,False,Support / Global,Support,,Baseline global #MeToo hashtag; included for every country/territory as the common cross-border search term. Translation/Gloss: Me too.,regex,(?:^|[^\p{L}\p{N}_])metoo(?:[^\p{L}\p{N}_]|$)
Honduras,#NiUnaMenos,#NiUnaMenos,NiUnaMenos,niunamenos,True,True,False,Support / Adjacent,Support,,Latin American movement against femicide and violence against women; often overlaps with #MeToo-adjacent activism. Translation/Gloss: Not one woman less.,regex,(?:^|[^\p{L}\p{N}_])niunamenos(?:[^\p{L}\p{N}_]|$)
Honduras,#NiUnaMenos / femicidio,femicidio,femicidio,femicidio,False,True,False,Support,Support,,Regional frame; no distinct national tag documented.,regex,(?:^|[^\p{L}\p{N}_])femicidio(?:[^\p{L}\p{N}_]|$)
Honduras,#YoSíTeCreo,#YoSíTeCreo,YoSíTeCreo,yosítecreo,True,False,False,Support / Solidarity,Support,,Spanish solidarity tag/phrase used around sexual-violence testimony and belief of survivors. Translation/Gloss: I do believe you.,regex,(?:^|[^\p{L}\p{N}_])yosítecreo(?:[^\p{L}\p{N}_]|$)
Honduras,#YoTambién,#YoTambién,YoTambién,yotambién,True,False,False,Support / Translation,Support,,Spanish-language equivalent of #MeToo; documented in global/regional lists. Translation/Gloss: Me too.,regex,(?:^|[^\p{L}\p{N}_])yotambién(?:[^\p{L}\p{N}_]|$)
Honduras,acoso sexual,acoso sexual,acoso sexual,acoso sexual,False,True,False,Support / Search Term,Support,,Spanish publication/search keyword. Translation/Gloss: sexual harassment.,regex,(?:^|[^\p{L}\p{N}_])acoso\ sexual(?:[^\p{L}\p{N}_]|$)
Hong Kong,#BelieveWomen,#BelieveWomen,BelieveWomen,believewomen,True,True,False,Support / Solidarity,Support,,Survivor-belief and anti-victim-blaming phrase used in #MeToo-related discourse. Translation/Gloss: Believe women.,regex,(?:^|[^\p{L}\p{N}_])believewomen(?:[^\p{L}\p{N}_]|$)
Hong Kong,#HimToo,#HimToo,HimToo,himtoo,True,True,False,Backlash / Counter,Backlash,,Major counter-/backlash hashtag that recast #MeToo through false-accusation or accused-men-as-victims narratives; included as a global backlash search term. Translation/Gloss: Him too.,regex,(?:^|[^\p{L}\p{N}_])himtoo(?:[^\p{L}\p{N}_]|$)
Hong Kong,#MeToo,#MeToo,MeToo,metoo,True,True,False,Support / Global,Support,,Baseline global #MeToo hashtag; included for every country/territory as the common cross-border search term. Translation/Gloss: Me too.,regex,(?:^|[^\p{L}\p{N}_])metoo(?:[^\p{L}\p{N}_]|$)
Hong Kong,#ProtestToo,#ProtestToo,ProtestToo,protesttoo,True,True,False,Support / Adjacent,Support,,Hong Kong: #MeToo converged with 2019 pro-democracy protests and evolved into #ProtestToo against alleged sexual violence/police abuse. Translation/Gloss: Protest Too.,regex,(?:^|[^\p{L}\p{N}_])protesttoo(?:[^\p{L}\p{N}_]|$)
Hong Kong,#RiceBunny,#RiceBunny,RiceBunny,ricebunny,True,True,False,Support / Censorship Workaround,Support,,English transliteration/hashtag version of the Chinese coded #MeToo phrase. Translation/Gloss: Rice bunny / MeToo homophone.,regex,(?:^|[^\p{L}\p{N}_])ricebunny(?:[^\p{L}\p{N}_]|$)
Hong Kong,#TimesUp,#TimesUp,TimesUp,timesup,True,True,False,Support / Solidarity,Support,,Transnational accountability and anti-harassment hashtag frequently paired with #MeToo. Translation/Gloss: Time is up.,regex,(?:^|[^\p{L}\p{N}_])timesup(?:[^\p{L}\p{N}_]|$)
Hong Kong,#我也是,#我也是,我也是,我也是,True,False,True,Support / Translation,Support,,Chinese #MeToo equivalent. Translation/Gloss: Me too.,substr,
Hong Kong,#米兔,#米兔,米兔,米兔,True,False,True,Support / Censorship Workaround,Support,,Chinese homophone/coded form used to avoid #MeToo censorship. Translation/Gloss: Rice bunny / MeToo homophone.,substr,
Hong Kong,sexual harassment,sexual harassment,sexual harassment,sexual harassment,False,True,False,Support / Search Term,Support,,English search keyword for #MeToo-related social-media and publication searches. Translation/Gloss: sexual harassment.,regex,(?:^|[^\p{L}\p{N}_])sexual\ harassment(?:[^\p{L}\p{N}_]|$)
Hong Kong,violence against women,violence against women,violence against women,violence against women,False,True,False,Support / Search Term,Support,,English search keyword for adjacent #MeToo and gender-based violence coverage. Translation/Gloss: violence against women.,regex,(?:^|[^\p{L}\p{N}_])violence\ against\ women(?:[^\p{L}\p{N}_]|$)
Hong Kong,呂麗瑤 (Vera Lui) / #MeTooHK,呂麗瑤 (Vera Lui),呂麗瑤 (Vera Lui),呂麗瑤 (vera lui),False,False,True,Support,Support,,Nov 2017: hurdler Vera Lui Lai-yiu disclosed childhood abuse by a coach on Facebook - Hong Kong's MeToo trigger.,substr,
Hong Kong,呂麗瑤 (Vera Lui) / #MeTooHK,#MeTooHK,MeTooHK,metoohk,True,True,False,Support,Support,,Nov 2017: hurdler Vera Lui Lai-yiu disclosed childhood abuse by a coach on Facebook - Hong Kong's MeToo trigger.,regex,(?:^|[^\p{L}\p{N}_])metoohk(?:[^\p{L}\p{N}_]|$)
Hong Kong,性骚扰,性骚扰,性骚扰,性骚扰,False,False,True,Support / Search Term,Support,,Chinese publication/search keyword. Translation/Gloss: sexual harassment.,substr,
Hungary,#HimToo,#HimToo,HimToo,himtoo,True,True,False,Backlash / Counter,Backlash,,Major counter-/backlash hashtag that recast #MeToo through false-accusation or accused-men-as-victims narratives; included as a global backlash search term. Translation/Gloss: Him too.,regex,(?:^|[^\p{L}\p{N}_])himtoo(?:[^\p{L}\p{N}_]|$)
Hungary,#MeToo,#MeToo,MeToo,metoo,True,True,False,Support / Global,Support,,Baseline global #MeToo hashtag; included for every country/territory as the common cross-border search term. Translation/Gloss: Me too.,regex,(?:^|[^\p{L}\p{N}_])metoo(?:[^\p{L}\p{N}_]|$)
Hungary,#ÉnIs,#ÉnIs,ÉnIs,énis,True,False,False,Support / Translation,Support,,Hungarian equivalent of #MeToo. Translation/Gloss: Me too.,regex,(?:^|[^\p{L}\p{N}_])énis(?:[^\p{L}\p{N}_]|$)
Hungary,Marton László,Marton László,Marton László,marton lászló,False,False,False,Support / Trigger Case,Support,,Oct 2017: several women accused Vígszínház director László Marton of harassment - Hungary's main MeToo case; generic #MeToo otherwise.,regex,(?:^|[^\p{L}\p{N}_])marton\ lászló(?:[^\p{L}\p{N}_]|$)
Hungary,genderideológia,genderideológia,genderideológia,genderideológia,False,False,False,Backlash,Backlash,,Government/pro-government media frame casting MeToo and gender-equality advocacy as foreign 'gender ideology'.,regex,(?:^|[^\p{L}\p{N}_])genderideológia(?:[^\p{L}\p{N}_]|$)
Hungary,szexuális zaklatás,szexuális zaklatás,szexuális zaklatás,szexuális zaklatás,False,False,False,Support / Search Term,Support,,Hungarian publication/search keyword. Translation/Gloss: sexual harassment.,regex,(?:^|[^\p{L}\p{N}_])szexuális\ zaklatás(?:[^\p{L}\p{N}_]|$)
Iceland,#HimToo,#HimToo,HimToo,himtoo,True,True,False,Backlash / Counter,Backlash,,Major counter-/backlash hashtag that recast #MeToo through false-accusation or accused-men-as-victims narratives; included as a global backlash search term. Translation/Gloss: Him too.,regex,(?:^|[^\p{L}\p{N}_])himtoo(?:[^\p{L}\p{N}_]|$)
Iceland,#MeToo,#MeToo,MeToo,metoo,True,True,False,Support / Global,Support,,Baseline global #MeToo hashtag; included for every country/territory as the common cross-border search term. Translation/Gloss: Me too.,regex,(?:^|[^\p{L}\p{N}_])metoo(?:[^\p{L}\p{N}_]|$)
Iceland,#MeToo (sectoral declarations),#MeToo (sectoral declarations),MeToo (sectoral declarations),metoo (sectoral declarations),True,True,False,Support,Support,,"Jan 2018: hundreds of women (politicians, doctors, actresses etc.) published sector-by-sector testimony declarations modeled on Sweden.",regex,(?:^|[^\p{L}\p{N}_])metoo\ \(sectoral\ declarations\)(?:[^\p{L}\p{N}_]|$)
Iceland,KSÍ scandal (2021 second wave),KSÍ scandal (2021 second wave),KSÍ scandal (2021 second wave),ksí scandal (2021 second wave),False,False,False,Support,Support,,2021 second wave: abuse allegations around national-team footballers led the football association (KSÍ) board to resign; renewed testimonial flood.,regex,(?:^|[^\p{L}\p{N}_])ksí\ scandal\ \(2021\ second\ wave\)(?:[^\p{L}\p{N}_]|$)
India,#AblaNaariSyndrome,#AblaNaariSyndrome,AblaNaariSyndrome,ablanaarisyndrome,True,True,False,Backlash,Backlash,,Mocking women who are seen as playing the victim.,regex,(?:^|[^\p{L}\p{N}_])ablanaarisyndrome(?:[^\p{L}\p{N}_]|$)
India,#FalseCaseDay,#FalseCaseDay,FalseCaseDay,falsecaseday,True,True,False,Backlash,Backlash,,Used by Men's Rights Activists to highlight what they claim to be false accusations.,regex,(?:^|[^\p{L}\p{N}_])falsecaseday(?:[^\p{L}\p{N}_]|$)
India,#HimToo,#HimToo,HimToo,himtoo,True,True,False,Backlash / Counter,Backlash,,Major counter-/backlash hashtag that recast #MeToo through false-accusation or accused-men-as-victims narratives; included as a global backlash search term. Translation/Gloss: Him too.,regex,(?:^|[^\p{L}\p{N}_])himtoo(?:[^\p{L}\p{N}_]|$)
India,#IWillGoOut,#IWillGoOut,IWillGoOut,iwillgoout,True,True,False,Support / Adjacent,Support,,India: protests against public sexual harassment and victim-blaming after high-profile New Year's incidents. Translation/Gloss: I will go out.,regex,(?:^|[^\p{L}\p{N}_])iwillgoout(?:[^\p{L}\p{N}_]|$)
India,#LoSHA,#LoSHA,LoSHA,losha,True,True,False,Support / Adjacent,Support,,Crowdsourced list that shaped pre-/parallel #MeToo debates in Indian academia. Translation/Gloss: List of Sexual Harassers in Academia.,regex,(?:^|[^\p{L}\p{N}_])losha(?:[^\p{L}\p{N}_]|$)
India,#MeAt14,#MeAt14,MeAt14,meat14,True,True,False,Support,Support,,Women sharing ages they were first harassed.,regex,(?:^|[^\p{L}\p{N}_])meat14(?:[^\p{L}\p{N}_]|$)
India,#MeToo,#MeToo,MeToo,metoo,True,True,False,Support / Global,Support,,Baseline global #MeToo hashtag; included for every country/territory as the common cross-border search term. Translation/Gloss: Me too.,regex,(?:^|[^\p{L}\p{N}_])metoo(?:[^\p{L}\p{N}_]|$)
India,#MeTooIndia,#MeTooIndia,MeTooIndia,metooindia,True,True,False,Support / Localized,Support,,"India: 2018 wave catalyzed by Tanushree Dutta's allegations against Nana Patekar and widened to media, politics, entertainment, and academia. Translation/Gloss: MeToo India.",regex,(?:^|[^\p{L}\p{N}_])metooindia(?:[^\p{L}\p{N}_]|$)
India,#MenToo,#MenToo,MenToo,mentoo,True,True,False,Backlash,Backlash,,Pushed heavily by men's rights activists (MRAs) in India to highlight alleged false accusations and demand legal protections for men.,regex,(?:^|[^\p{L}\p{N}_])mentoo(?:[^\p{L}\p{N}_]|$)
India,#मैंभी,#मैंभी,मैंभी,मैंभी,True,False,False,Support / Translation,Support,,Hindi equivalent of #MeToo. Translation/Gloss: Me too.,substr,
India,MJ Akbar / Priya Ramani,MJ Akbar,MJ Akbar,mj akbar,False,True,False,Support / Case + Backlash / Legal,Support,,Akbar sued journalist Priya Ramani for criminal defamation - she was acquitted Feb 2021 (landmark judgment: right to speak out).,regex,(?:^|[^\p{L}\p{N}_])mj\ akbar(?:[^\p{L}\p{N}_]|$)
India,MJ Akbar / Priya Ramani,Priya Ramani,Priya Ramani,priya ramani,False,True,False,Support / Case + Backlash / Legal,Support,,Akbar sued journalist Priya Ramani for criminal defamation - she was acquitted Feb 2021 (landmark judgment: right to speak out).,regex,(?:^|[^\p{L}\p{N}_])priya\ ramani(?:[^\p{L}\p{N}_]|$)
India,Nirbhaya / #PinjraTod,Nirbhaya,Nirbhaya,nirbhaya,False,True,False,Support / Precursor,Support,,2012 Delhi gang rape (Nirbhaya) as foundational reference; Pinjra Tod campus movement against restrictive hostel rules.,regex,(?:^|[^\p{L}\p{N}_])nirbhaya(?:[^\p{L}\p{N}_]|$)
India,Nirbhaya / #PinjraTod,#PinjraTod,PinjraTod,pinjratod,True,True,False,Support / Precursor,Support,,2012 Delhi gang rape (Nirbhaya) as foundational reference; Pinjra Tod campus movement against restrictive hostel rules.,regex,(?:^|[^\p{L}\p{N}_])pinjratod(?:[^\p{L}\p{N}_]|$)
India,यौन उत्पीड़न,यौन उत्पीड़न,यौन उत्पीड़न,यौन उत्पीड़न,False,False,False,Support / Search Term,Support,,Hindi publication/search keyword. Translation/Gloss: sexual harassment.,substr,
Indonesia,#HimToo,#HimToo,HimToo,himtoo,True,True,False,Backlash / Counter,Backlash,,Major counter-/backlash hashtag that recast #MeToo through false-accusation or accused-men-as-victims narratives; included as a global backlash search term. Translation/Gloss: Him too.,regex,(?:^|[^\p{L}\p{N}_])himtoo(?:[^\p{L}\p{N}_]|$)
Indonesia,#KitaAgni,#KitaAgni,KitaAgni,kitaagni,True,True,False,Support,Support,,Sparked when Gadjah Mada University prioritized protecting the institution's reputation over seeking justice for a female student (pseudonym Agni) who was sexually assaulted.,regex,(?:^|[^\p{L}\p{N}_])kitaagni(?:[^\p{L}\p{N}_]|$)
Indonesia,#MeToo,#MeToo,MeToo,metoo,True,True,False,Support / Global,Support,,Baseline global #MeToo hashtag; included for every country/territory as the common cross-border search term. Translation/Gloss: Me too.,regex,(?:^|[^\p{L}\p{N}_])metoo(?:[^\p{L}\p{N}_]|$)
Indonesia,#MulaiBicara,#MulaiBicara,MulaiBicara,mulaibicara,True,True,False,Support / Adjacent,Support,,Southeast Asian #MeToo-adjacent phrase for beginning to speak about harassment/violence. Translation/Gloss: Start speaking.,regex,(?:^|[^\p{L}\p{N}_])mulaibicara(?:[^\p{L}\p{N}_]|$)
Indonesia,#NamaBaikKampus,#NamaBaikKampus,NamaBaikKampus,namabaikkampus,True,True,False,Support,Support,,Sarcastic hashtag criticizing universities that hide sexual assault to protect their campus reputation.,regex,(?:^|[^\p{L}\p{N}_])namabaikkampus(?:[^\p{L}\p{N}_]|$)
Indonesia,#PercumaLaporPolisi,#PercumaLaporPolisi,PercumaLaporPolisi,percumalaporpolisi,True,True,False,Support / Institutional Critique,Support,,"'No use reporting to the police', Oct 2021, after police dismissed an abuse case.",regex,(?:^|[^\p{L}\p{N}_])percumalaporpolisi(?:[^\p{L}\p{N}_]|$)
Indonesia,#SahkanRUUPKS / UU TPKS,#SahkanRUUPKS,SahkanRUUPKS,sahkanruupks,True,True,False,Support,Support,,"Campaign to pass the Sexual Violence Eradication Bill (passed as UU TPKS, Apr 2022).",regex,(?:^|[^\p{L}\p{N}_])sahkanruupks(?:[^\p{L}\p{N}_]|$)
Indonesia,#SahkanRUUPKS / UU TPKS,UU TPKS,UU TPKS,uu tpks,False,True,False,Support,Support,,"Campaign to pass the Sexual Violence Eradication Bill (passed as UU TPKS, Apr 2022).",regex,(?:^|[^\p{L}\p{N}_])uu\ tpks(?:[^\p{L}\p{N}_]|$)
Indonesia,#SayaJuga,#SayaJuga,SayaJuga,sayajuga,True,True,False,Support / Translation / Localized,Support,,Malay/Indonesian equivalent and local #MeToo-inspired hashtag. Translation/Gloss: Me too.,regex,(?:^|[^\p{L}\p{N}_])sayajuga(?:[^\p{L}\p{N}_]|$)
Indonesia,Baiq Nuril / #SaveIbuNuril,Baiq Nuril,Baiq Nuril,baiq nuril,False,True,False,Support / Case,Support,,Teacher criminalized under ITE law for recording her harasser; presidential amnesty 2019.,regex,(?:^|[^\p{L}\p{N}_])baiq\ nuril(?:[^\p{L}\p{N}_]|$)
Indonesia,Baiq Nuril / #SaveIbuNuril,#SaveIbuNuril,SaveIbuNuril,saveibunuril,True,True,False,Support / Case,Support,,Teacher criminalized under ITE law for recording her harasser; presidential amnesty 2019.,regex,(?:^|[^\p{L}\p{N}_])saveibunuril(?:[^\p{L}\p{N}_]|$)
Indonesia,RUU Pro-Zina framing,RUU Pro-Zina framing,RUU Pro-Zina framing,ruu pro-zina framing,False,True,False,Backlash,Backlash,,Conservative framing of the sexual-violence bill as legalizing adultery ('pro-zina'); plus pervasive victim-blaming ('pakaian korban').,regex,(?:^|[^\p{L}\p{N}_])ruu\ pro\-zina\ framing(?:[^\p{L}\p{N}_]|$)
Indonesia,pelecehan seksual,pelecehan seksual,pelecehan seksual,pelecehan seksual,False,True,False,Support / Search Term,Support,,Indonesian/Malay publication/search keyword. Translation/Gloss: sexual harassment.,regex,(?:^|[^\p{L}\p{N}_])pelecehan\ seksual(?:[^\p{L}\p{N}_]|$)
Iran,#HimToo,#HimToo,HimToo,himtoo,True,True,False,Backlash / Counter,Backlash,,Major counter-/backlash hashtag that recast #MeToo through false-accusation or accused-men-as-victims narratives; included as a global backlash search term. Translation/Gloss: Him too.,regex,(?:^|[^\p{L}\p{N}_])himtoo(?:[^\p{L}\p{N}_]|$)
Iran,#MeToo,#MeToo,MeToo,metoo,True,True,False,Support / Global,Support,,Baseline global #MeToo hashtag; included for every country/territory as the common cross-border search term. Translation/Gloss: Me too.,regex,(?:^|[^\p{L}\p{N}_])metoo(?:[^\p{L}\p{N}_]|$)
Iran,#من_هم,#من_هم,من_هم,من_هم,True,False,False,Support / Translation,Support,,Iran: Persian #MeToo discourse emerged around allegations against prominent figures including Aydin Aghdashloo and Keivan Emamverdi. Translation/Gloss: Me too.,substr,
Iran,#من_هم (man ham),#من_هم (man ham),من_هم (man ham),من_هم (man ham),True,False,False,Support,Support,,"Aug 2020 Iranian MeToo: dozens accused Keyvan Emamverdi of rape (arrested, sentenced); allegations also against artist Aydin Aghdashloo.",regex,(?:^|[^\p{L}\p{N}_])من_هم\ \(man\ ham\)(?:[^\p{L}\p{N}_]|$)
Iran,#مهسا_امینی / زن زندگی آزادی,#مهسا_امینی,مهسا_امینی,مهسا_امینی,True,False,False,Support / Broader Women's Uprising,Support,,"Sept 2022 death of Mahsa Amini in morality-police custody; 'Woman, Life, Freedom' movement - broader than MeToo but core to women's-rights coverage.",substr,
Iran,#مهسا_امینی / زن زندگی آزادی,زن زندگی آزادی,زن زندگی آزادی,زن زندگی آزادی,False,False,False,Support / Broader Women's Uprising,Support,,"Sept 2022 death of Mahsa Amini in morality-police custody; 'Woman, Life, Freedom' movement - broader than MeToo but core to women's-rights coverage.",substr,
Iran,state repression / Western plot framing,state repression,state repression,state repression,False,True,False,Backlash,Backlash,,State frames women's campaigns as foreign-orchestrated; arrests of complainants and activists.,regex,(?:^|[^\p{L}\p{N}_])state\ repression(?:[^\p{L}\p{N}_]|$)
Iran,state repression / Western plot framing,Western plot framing,Western plot framing,western plot framing,False,True,False,Backlash,Backlash,,State frames women's campaigns as foreign-orchestrated; arrests of complainants and activists.,regex,(?:^|[^\p{L}\p{N}_])western\ plot\ framing(?:[^\p{L}\p{N}_]|$)
Iran,آزار_جنسی,آزار_جنسی,آزار_جنسی,آزار_جنسی,False,False,False,Support / Search Term,Support,,Persian/Dari publication/search keyword. Translation/Gloss: sexual harassment/sexual abuse.,substr,
Iraq,#HimToo,#HimToo,HimToo,himtoo,True,True,False,Backlash / Counter,Backlash,,Major counter-/backlash hashtag that recast #MeToo through false-accusation or accused-men-as-victims narratives; included as a global backlash search term. Translation/Gloss: Him too.,regex,(?:^|[^\p{L}\p{N}_])himtoo(?:[^\p{L}\p{N}_]|$)
Iraq,#MeToo,#MeToo,MeToo,metoo,True,True,False,Support / Global,Support,,Baseline global #MeToo hashtag; included for every country/territory as the common cross-border search term. Translation/Gloss: Me too.,regex,(?:^|[^\p{L}\p{N}_])metoo(?:[^\p{L}\p{N}_]|$)
Iraq,#MosqueMeToo,#MosqueMeToo,MosqueMeToo,mosquemetoo,True,True,False,Support / Adjacent,Support,,"Hashtag for Muslim women's accounts of harassment/abuse during Hajj, in mosques, or in religious spaces. Translation/Gloss: MeToo in mosque/Hajj contexts.",regex,(?:^|[^\p{L}\p{N}_])mosquemetoo(?:[^\p{L}\p{N}_]|$)
Iraq,#أنا_أيضا,#أنا_أيضا,أنا_أيضا,أنا_أيضا,True,False,False,Support / Translation,Support,,Formal Arabic equivalent of #MeToo. Translation/Gloss: Me too / I also.,substr,
Iraq,#أنا_كمان,#أنا_كمان,أنا_كمان,أنا_كمان,True,False,False,Support / Translation,Support,,Arabic #MeToo counterpart used across Arabic-speaking social media. Translation/Gloss: Me too.,substr,
Iraq,التحرش_الجنسي,التحرش_الجنسي,التحرش_الجنسي,التحرش_الجنسي,False,False,False,Support / Search Term,Support,,Arabic publication/search keyword. Translation/Gloss: sexual harassment.,substr,
Iraq,العنف_ضد_المرأة,العنف_ضد_المرأة,العنف_ضد_المرأة,العنف_ضد_المرأة,False,False,False,Support / Search Term,Support,,Arabic publication/search keyword. Translation/Gloss: violence against women.,substr,
Iraq,تحرش / قتل الشرف,تحرش,تحرش,تحرش,False,False,False,Support / Generic / Context,Support,,"No sustained hashtag movement; honor-killing cases periodically trend (e.g., Tiba al-Ali, 2023).",substr,
Iraq,تحرش / قتل الشرف,قتل الشرف,قتل الشرف,قتل الشرف,False,False,False,Support / Generic / Context,Support,,"No sustained hashtag movement; honor-killing cases periodically trend (e.g., Tiba al-Ali, 2023).",substr,
Ireland,#BelieveWomen,#BelieveWomen,BelieveWomen,believewomen,True,True,False,Support / Solidarity,Support,,Survivor-belief and anti-victim-blaming phrase used in #MeToo-related discourse. Translation/Gloss: Believe women.,regex,(?:^|[^\p{L}\p{N}_])believewomen(?:[^\p{L}\p{N}_]|$)
Ireland,#HimToo,#HimToo,HimToo,himtoo,True,True,False,Backlash / Counter,Backlash,,Major counter-/backlash hashtag that recast #MeToo through false-accusation or accused-men-as-victims narratives; included as a global backlash search term. Translation/Gloss: Him too.,regex,(?:^|[^\p{L}\p{N}_])himtoo(?:[^\p{L}\p{N}_]|$)
Ireland,#IBelieveHer,#IBelieveHer,IBelieveHer,ibelieveher,True,True,False,Support,Support,,"Mar 2018: acquittals in the Belfast rugby rape trial (Paddy Jackson, Stuart Olding) triggered mass protests across Ireland - the defining Irish/NI MeToo moment.",regex,(?:^|[^\p{L}\p{N}_])ibelieveher(?:[^\p{L}\p{N}_]|$)
Ireland,#MeToo,#MeToo,MeToo,metoo,True,True,False,Support / Global,Support,,Baseline global #MeToo hashtag; included for every country/territory as the common cross-border search term. Translation/Gloss: Me too.,regex,(?:^|[^\p{L}\p{N}_])metoo(?:[^\p{L}\p{N}_]|$)
Ireland,#ThisIsNotConsent,#ThisIsNotConsent,ThisIsNotConsent,thisisnotconsent,True,True,False,Support,Support,,"Nov 2018 Cork trial where a teenager's thong was cited by the defense; protests, underwear displayed in the Dáil.",regex,(?:^|[^\p{L}\p{N}_])thisisnotconsent(?:[^\p{L}\p{N}_]|$)
Ireland,#TimesUp,#TimesUp,TimesUp,timesup,True,True,False,Support / Solidarity,Support,,Transnational accountability and anti-harassment hashtag frequently paired with #MeToo. Translation/Gloss: Time is up.,regex,(?:^|[^\p{L}\p{N}_])timesup(?:[^\p{L}\p{N}_]|$)
Ireland,sexual harassment,sexual harassment,sexual harassment,sexual harassment,False,True,False,Support / Search Term,Support,,English search keyword for #MeToo-related social-media and publication searches. Translation/Gloss: sexual harassment.,regex,(?:^|[^\p{L}\p{N}_])sexual\ harassment(?:[^\p{L}\p{N}_]|$)
Ireland,violence against women,violence against women,violence against women,violence against women,False,True,False,Support / Search Term,Support,,English search keyword for adjacent #MeToo and gender-based violence coverage. Translation/Gloss: violence against women.,regex,(?:^|[^\p{L}\p{N}_])violence\ against\ women(?:[^\p{L}\p{N}_]|$)
Isle of Man,#HimToo,#HimToo,HimToo,himtoo,True,True,False,Backlash / Counter,Backlash,,Major counter-/backlash hashtag that recast #MeToo through false-accusation or accused-men-as-victims narratives; included as a global backlash search term. Translation/Gloss: Him too.,regex,(?:^|[^\p{L}\p{N}_])himtoo(?:[^\p{L}\p{N}_]|$)
Isle of Man,#MeToo,#MeToo,MeToo,metoo,True,True,False,Support / Global,Support,,Baseline global #MeToo hashtag; included for every country/territory as the common cross-border search term. Translation/Gloss: Me too.,regex,(?:^|[^\p{L}\p{N}_])metoo(?:[^\p{L}\p{N}_]|$)
Israel,#HimToo,#HimToo,HimToo,himtoo,True,True,False,Backlash / Counter,Backlash,,Major counter-/backlash hashtag that recast #MeToo through false-accusation or accused-men-as-victims narratives; included as a global backlash search term. Translation/Gloss: Him too.,regex,(?:^|[^\p{L}\p{N}_])himtoo(?:[^\p{L}\p{N}_]|$)
Israel,#HowIWillChange,#HowIWillChange,HowIWillChange,howiwillchange,True,True,False,Support / Ally Accountability,Support,,Israeli-linked ally/accountability tag reported alongside #MeToo coverage. Translation/Gloss: How I will change.,regex,(?:^|[^\p{L}\p{N}_])howiwillchange(?:[^\p{L}\p{N}_]|$)
Israel,#MeToo,#MeToo,MeToo,metoo,True,True,False,Support / Global,Support,,Baseline global #MeToo hashtag; included for every country/territory as the common cross-border search term. Translation/Gloss: Me too.,regex,(?:^|[^\p{L}\p{N}_])metoo(?:[^\p{L}\p{N}_]|$)
Israel,#גם_אני (GamAni),#גם_אני (GamAni),גם_אני (GamAni),גם_אני (gamani),True,False,False,Support,Support,,"Hebrew 'me too', Oct 2017.",regex,(?:^|[^\p{L}\p{N}_])גם_אני\ \(gamani\)(?:[^\p{L}\p{N}_]|$)
Israel,#גםאנחנו,#גםאנחנו,גםאנחנו,גםאנחנו,True,False,False,Support / Translation,Support,,Hebrew #MeToo equivalent used in Israel. Translation/Gloss: Us too / we too.,substr,
Israel,Alon Kastiel / Moshe Katsav,Alon Kastiel,Alon Kastiel,alon kastiel,False,True,False,Support / Cases,Support,,"Kastiel (2016 exposé, convicted) as precursor; ex-president Katsav's 2010 rape conviction as historical reference.",regex,(?:^|[^\p{L}\p{N}_])alon\ kastiel(?:[^\p{L}\p{N}_]|$)
Israel,Alon Kastiel / Moshe Katsav,Moshe Katsav,Moshe Katsav,moshe katsav,False,True,False,Support / Cases,Support,,"Kastiel (2016 exposé, convicted) as precursor; ex-president Katsav's 2010 rape conviction as historical reference.",regex,(?:^|[^\p{L}\p{N}_])moshe\ katsav(?:[^\p{L}\p{N}_]|$)
Israel,אחת מתוך אחת (One of One),אחת מתוך אחת (One of One),אחת מתוך אחת (One of One),אחת מתוך אחת (one of one),False,False,False,Support,Support,,2020 protest movement after the Eilat hotel gang rape of a 16-year-old; 'one of one' = every woman.,regex,(?:^|[^\p{L}\p{N}_])אחת\ מתוך\ אחת\ \(one\ of\ one\)(?:[^\p{L}\p{N}_]|$)
Israel,הטרדה מינית,הטרדה מינית,הטרדה מינית,הטרדה מינית,False,False,False,Support / Search Term,Support,,Hebrew publication/search keyword. Translation/Gloss: sexual harassment.,substr,
Italy,#HimToo,#HimToo,HimToo,himtoo,True,True,False,Backlash / Counter,Backlash,,Major counter-/backlash hashtag that recast #MeToo through false-accusation or accused-men-as-victims narratives; included as a global backlash search term. Translation/Gloss: Him too.,regex,(?:^|[^\p{L}\p{N}_])himtoo(?:[^\p{L}\p{N}_]|$)
Italy,#IoAnche,#IoAnche,IoAnche,ioanche,True,True,False,Support / Translation,Support,,Italian equivalent of #MeToo. Translation/Gloss: Me too.,regex,(?:^|[^\p{L}\p{N}_])ioanche(?:[^\p{L}\p{N}_]|$)
Italy,#MeToo,#MeToo,MeToo,metoo,True,True,False,Support / Global,Support,,Baseline global #MeToo hashtag; included for every country/territory as the common cross-border search term. Translation/Gloss: Me too.,regex,(?:^|[^\p{L}\p{N}_])metoo(?:[^\p{L}\p{N}_]|$)
Italy,#NonUnaDiMeno,#NonUnaDiMeno,NonUnaDiMeno,nonunadimeno,True,True,False,Support,Support,,"'Not one (woman) less' - Italian branch of Ni Una Menos, from 2016.",regex,(?:^|[^\p{L}\p{N}_])nonunadimeno(?:[^\p{L}\p{N}_]|$)
Italy,#QuellaVoltaChe,#QuellaVoltaChe,QuellaVoltaChe,quellavoltache,True,True,False,Support,Support,,"Started by writer Giulia Blasi just before the Weinstein scandal broke, asking women to share specific memories of harassment without needing to name the abuser.",regex,(?:^|[^\p{L}\p{N}_])quellavoltache(?:[^\p{L}\p{N}_]|$)
Italy,Asia Argento,Asia Argento,Asia Argento,asia argento,False,True,False,Support / Then Contested,Support,,Accused Weinstein Oct 2017 and faced fierce Italian media hostility; 2018 Jimmy Bennett allegations against her complicated the narrative.,regex,(?:^|[^\p{L}\p{N}_])asia\ argento(?:[^\p{L}\p{N}_]|$)
Italy,molestie sessuali,molestie sessuali,molestie sessuali,molestie sessuali,False,True,False,Support / Search Term,Support,,Italian publication/search keyword. Translation/Gloss: sexual harassment.,regex,(?:^|[^\p{L}\p{N}_])molestie\ sessuali(?:[^\p{L}\p{N}_]|$)
Italy,se l'è cercata / caccia alle streghe,se l'è cercata,se l'è cercata,se l'è cercata,False,False,False,Backlash,Backlash,,'She asked for it' victim-blaming and 'witch hunt' frames dominant in Italian backlash commentary.,regex,(?:^|[^\p{L}\p{N}_])se\ l'è\ cercata(?:[^\p{L}\p{N}_]|$)
Italy,se l'è cercata / caccia alle streghe,caccia alle streghe,caccia alle streghe,caccia alle streghe,False,True,False,Backlash,Backlash,,'She asked for it' victim-blaming and 'witch hunt' frames dominant in Italian backlash commentary.,regex,(?:^|[^\p{L}\p{N}_])caccia\ alle\ streghe(?:[^\p{L}\p{N}_]|$)
Jamaica,#BelieveWomen,#BelieveWomen,BelieveWomen,believewomen,True,True,False,Support / Solidarity,Support,,Survivor-belief and anti-victim-blaming phrase used in #MeToo-related discourse. Translation/Gloss: Believe women.,regex,(?:^|[^\p{L}\p{N}_])believewomen(?:[^\p{L}\p{N}_]|$)
Jamaica,#HimToo,#HimToo,HimToo,himtoo,True,True,False,Backlash / Counter,Backlash,,Major counter-/backlash hashtag that recast #MeToo through false-accusation or accused-men-as-victims narratives; included as a global backlash search term. Translation/Gloss: Him too.,regex,(?:^|[^\p{L}\p{N}_])himtoo(?:[^\p{L}\p{N}_]|$)
Jamaica,#LifeInLeggings,#LifeInLeggings,LifeInLeggings,lifeinleggings,True,True,False,Support,Support,,Regional tag also used in Jamaica.,regex,(?:^|[^\p{L}\p{N}_])lifeinleggings(?:[^\p{L}\p{N}_]|$)
Jamaica,#MeToo,#MeToo,MeToo,metoo,True,True,False,Support / Global,Support,,Baseline global #MeToo hashtag; included for every country/territory as the common cross-border search term. Translation/Gloss: Me too.,regex,(?:^|[^\p{L}\p{N}_])metoo(?:[^\p{L}\p{N}_]|$)
Jamaica,#TambourineArmy / #SayTheirNames,#TambourineArmy,TambourineArmy,tambourinearmy,True,True,False,Support,Support,,Feb 2017 survivor-led movement after a Moravian pastor was caught with a 15-year-old; co-founder Latoya Nugent arrested under the Cybercrimes Act for naming abusers (legal backlash).,regex,(?:^|[^\p{L}\p{N}_])tambourinearmy(?:[^\p{L}\p{N}_]|$)
Jamaica,#TambourineArmy / #SayTheirNames,#SayTheirNames,SayTheirNames,saytheirnames,True,True,False,Support,Support,,Feb 2017 survivor-led movement after a Moravian pastor was caught with a 15-year-old; co-founder Latoya Nugent arrested under the Cybercrimes Act for naming abusers (legal backlash).,regex,(?:^|[^\p{L}\p{N}_])saytheirnames(?:[^\p{L}\p{N}_]|$)
Jamaica,#TimesUp,#TimesUp,TimesUp,timesup,True,True,False,Support / Solidarity,Support,,Transnational accountability and anti-harassment hashtag frequently paired with #MeToo. Translation/Gloss: Time is up.,regex,(?:^|[^\p{L}\p{N}_])timesup(?:[^\p{L}\p{N}_]|$)
Jamaica,sexual harassment,sexual harassment,sexual harassment,sexual harassment,False,True,False,Support / Search Term,Support,,English search keyword for #MeToo-related social-media and publication searches. Translation/Gloss: sexual harassment.,regex,(?:^|[^\p{L}\p{N}_])sexual\ harassment(?:[^\p{L}\p{N}_]|$)
Jamaica,violence against women,violence against women,violence against women,violence against women,False,True,False,Support / Search Term,Support,,English search keyword for adjacent #MeToo and gender-based violence coverage. Translation/Gloss: violence against women.,regex,(?:^|[^\p{L}\p{N}_])violence\ against\ women(?:[^\p{L}\p{N}_]|$)
Japan,#HimToo,#HimToo,HimToo,himtoo,True,True,False,Backlash / Counter,Backlash,,Major counter-/backlash hashtag that recast #MeToo through false-accusation or accused-men-as-victims narratives; included as a global backlash search term. Translation/Gloss: Him too.,regex,(?:^|[^\p{L}\p{N}_])himtoo(?:[^\p{L}\p{N}_]|$)
Japan,#KuToo,#KuToo,KuToo,kutoo,True,True,False,Support,Support,,"Initiated by Yumi Ishikawa. A play on words for shoes (kutsu), pain (kutsuu), and #MeToo; protested Japanese corporate codes forcing women to wear high heels.",regex,(?:^|[^\p{L}\p{N}_])kutoo(?:[^\p{L}\p{N}_]|$)
Japan,#MeToo,#MeToo,MeToo,metoo,True,True,False,Support / Global,Support,,Baseline global #MeToo hashtag; included for every country/territory as the common cross-border search term. Translation/Gloss: Me too.,regex,(?:^|[^\p{L}\p{N}_])metoo(?:[^\p{L}\p{N}_]|$)
Japan,#WeToo,#WeToo,WeToo,wetoo,True,True,False,Support / Solidarity,Support,,Japan-localized solidarity hashtag used alongside #MeToo. Translation/Gloss: We too.,regex,(?:^|[^\p{L}\p{N}_])wetoo(?:[^\p{L}\p{N}_]|$)
Japan,#WeToo / #WithYou,#WithYou,WithYou,withyou,True,True,False,Support,Support,,Coined to broaden solidarity where #MeToo uptake was low due to stigma.,regex,(?:^|[^\p{L}\p{N}_])withyou(?:[^\p{L}\p{N}_]|$)
Japan,#フラワーデモ,#フラワーデモ,フラワーデモ,フラワーデモ,True,False,True,Support / Adjacent,Support,,Japan: monthly demonstrations against sexual violence after controversial acquittals; uses #metoo/#withyou framing. Translation/Gloss: Flower Demo.,substr,
Japan,#私も,#私も,私も,私も,True,False,True,Support / Translation,Support,,Japanese equivalent useful for search; #MeToo also appears directly in Japan. Translation/Gloss: Me too.,substr,
Japan,セクハラ,セクハラ,セクハラ,セクハラ,False,False,True,Support / Search Term,Support,,Common Japanese abbreviation for sexual harassment.,substr,
Japan,フラワーデモ (Flower Demo),フラワーデモ (Flower Demo),フラワーデモ (Flower Demo),フラワーデモ (flower demo),False,False,True,Support,Support,,Monthly demonstrations from Apr 2019 after a cluster of rape acquittals (incl. Nagoya father case); flowers as symbol.,substr,
Japan,伊藤詩織 (Shiori Ito),伊藤詩織 (Shiori Ito),伊藤詩織 (Shiori Ito),伊藤詩織 (shiori ito),False,False,True,Support / Face Of Movement,Support,,2017: went public accusing journalist Noriyuki Yamaguchi of rape after prosecutors dropped the case; won civil suit Dec 2019; endured intense online abuse (bashing = backlash keyword).,substr,
Japan,杉田水脈 (Sugita Mio),杉田水脈 (Sugita Mio),杉田水脈 (Sugita Mio),杉田水脈 (sugita mio),False,False,True,Backlash,Backlash,,LDP MP who mocked Ito and claimed women 'lie' about assault - emblematic backlash figure.,substr,
Japan,財務省セクハラ / セクハラ,財務省セクハラ,財務省セクハラ,財務省セクハラ,False,False,True,Support / Case / Generic,Support,,Apr 2018: Finance Ministry vice-minister Junichi Fukuda resigned over harassment of a TV Asahi reporter; 'sekuhara' is the standard term.,substr,
Jersey,#HimToo,#HimToo,HimToo,himtoo,True,True,False,Backlash / Counter,Backlash,,Major counter-/backlash hashtag that recast #MeToo through false-accusation or accused-men-as-victims narratives; included as a global backlash search term. Translation/Gloss: Him too.,regex,(?:^|[^\p{L}\p{N}_])himtoo(?:[^\p{L}\p{N}_]|$)
Jersey,#MeToo,#MeToo,MeToo,metoo,True,True,False,Support / Global,Support,,Baseline global #MeToo hashtag; included for every country/territory as the common cross-border search term. Translation/Gloss: Me too.,regex,(?:^|[^\p{L}\p{N}_])metoo(?:[^\p{L}\p{N}_]|$)
Jordan,#HimToo,#HimToo,HimToo,himtoo,True,True,False,Backlash / Counter,Backlash,,Major counter-/backlash hashtag that recast #MeToo through false-accusation or accused-men-as-victims narratives; included as a global backlash search term. Translation/Gloss: Him too.,regex,(?:^|[^\p{L}\p{N}_])himtoo(?:[^\p{L}\p{N}_]|$)
Jordan,#MeToo,#MeToo,MeToo,metoo,True,True,False,Support / Global,Support,,Baseline global #MeToo hashtag; included for every country/territory as the common cross-border search term. Translation/Gloss: Me too.,regex,(?:^|[^\p{L}\p{N}_])metoo(?:[^\p{L}\p{N}_]|$)
Jordan,#MosqueMeToo,#MosqueMeToo,MosqueMeToo,mosquemetoo,True,True,False,Support / Adjacent,Support,,"Hashtag for Muslim women's accounts of harassment/abuse during Hajj, in mosques, or in religious spaces. Translation/Gloss: MeToo in mosque/Hajj contexts.",regex,(?:^|[^\p{L}\p{N}_])mosquemetoo(?:[^\p{L}\p{N}_]|$)
Jordan,#أنا_أيضا,#أنا_أيضا,أنا_أيضا,أنا_أيضا,True,False,False,Support / Translation,Support,,Formal Arabic equivalent of #MeToo. Translation/Gloss: Me too / I also.,substr,
Jordan,#أنا_كمان,#أنا_كمان,أنا_كمان,أنا_كمان,True,False,False,Support / Translation,Support,,Arabic #MeToo counterpart used across Arabic-speaking social media. Translation/Gloss: Me too.,substr,
Jordan,التحرش_الجنسي,التحرش_الجنسي,التحرش_الجنسي,التحرش_الجنسي,False,False,False,Support / Search Term,Support,,Arabic publication/search keyword. Translation/Gloss: sexual harassment.,substr,
Jordan,العنف_ضد_المرأة,العنف_ضد_المرأة,العنف_ضد_المرأة,العنف_ضد_المرأة,False,False,False,Support / Search Term,Support,,Arabic publication/search keyword. Translation/Gloss: violence against women.,substr,
Jordan,صرخة أحلام (Ahlam case),صرخة أحلام (Ahlam case),صرخة أحلام (Ahlam case),صرخة أحلام (ahlam case),False,False,False,Support / Outrage Case,Support,,July 2020: 'Ahlam' killed by her father in an honor crime; her screams were heard by neighbors - protests outside parliament demanding protection laws.,regex,(?:^|[^\p{L}\p{N}_])صرخة\ أحلام\ \(ahlam\ case\)(?:[^\p{L}\p{N}_]|$)
Kazakhstan,#HimToo,#HimToo,HimToo,himtoo,True,True,False,Backlash / Counter,Backlash,,Major counter-/backlash hashtag that recast #MeToo through false-accusation or accused-men-as-victims narratives; included as a global backlash search term. Translation/Gloss: Him too.,regex,(?:^|[^\p{L}\p{N}_])himtoo(?:[^\p{L}\p{N}_]|$)
Kazakhstan,#MeToo,#MeToo,MeToo,metoo,True,True,False,Support / Global,Support,,Baseline global #MeToo hashtag; included for every country/territory as the common cross-border search term. Translation/Gloss: Me too.,regex,(?:^|[^\p{L}\p{N}_])metoo(?:[^\p{L}\p{N}_]|$)
Kazakhstan,#НеМолчи,#НеМолчи,НеМолчи,немолчи,True,False,False,Support,Support,,NeMolchi (Don't be silent). Aimed at breaking the regional Central Asian taboo ('uyat' or shame) that prevents victims from reporting domestic abuse and rape to the police.,substr,
Kazakhstan,#ЯБоюсьМужчин,#ЯБоюсьМужчин,ЯБоюсьМужчин,ябоюсьмужчин,True,False,False,Support / Adjacent,Support,,"Russian feminist hashtag against male violence/femicide, reported alongside #MeToo-adjacent campaigns. Translation/Gloss: I fear men.",substr,
Kazakhstan,#ЯНеБоюсьСказать,#ЯНеБоюсьСказать,ЯНеБоюсьСказать,янебоюсьсказать,True,False,False,Support / Adjacent,Support,,Russian-language version of the Ukraine/Russia anti-sexual-violence flashmob precursor to #MeToo. Translation/Gloss: I am not afraid to say.,substr,
Kazakhstan,#ЯТоже,#ЯТоже,ЯТоже,ятоже,True,False,False,Support / Translation,Support,,Russian #MeToo equivalent/search term. Translation/Gloss: Me too.,substr,
Kazakhstan,сексуальные домогательства,сексуальные домогательства,сексуальные домогательства,сексуальные домогательства,False,False,False,Support / Search Term,Support,,Russian publication/search keyword. Translation/Gloss: sexual harassment.,substr,
Kenya,#BelieveWomen,#BelieveWomen,BelieveWomen,believewomen,True,True,False,Support / Solidarity,Support,,Survivor-belief and anti-victim-blaming phrase used in #MeToo-related discourse. Translation/Gloss: Believe women.,regex,(?:^|[^\p{L}\p{N}_])believewomen(?:[^\p{L}\p{N}_]|$)
Kenya,#EndFemicideKE / #TotalShutDownKE,#EndFemicideKE,EndFemicideKE,endfemicideke,True,True,False,Support,Support,,Jan 2024 nationwide marches after a spate of femicides (Starlet Wahu case et al.).,regex,(?:^|[^\p{L}\p{N}_])endfemicideke(?:[^\p{L}\p{N}_]|$)
Kenya,#EndFemicideKE / #TotalShutDownKE,#TotalShutDownKE,TotalShutDownKE,totalshutdownke,True,True,False,Support,Support,,Jan 2024 nationwide marches after a spate of femicides (Starlet Wahu case et al.).,regex,(?:^|[^\p{L}\p{N}_])totalshutdownke(?:[^\p{L}\p{N}_]|$)
Kenya,#HimToo,#HimToo,HimToo,himtoo,True,True,False,Backlash / Counter,Backlash,,Major counter-/backlash hashtag that recast #MeToo through false-accusation or accused-men-as-victims narratives; included as a global backlash search term. Translation/Gloss: Him too.,regex,(?:^|[^\p{L}\p{N}_])himtoo(?:[^\p{L}\p{N}_]|$)
Kenya,#JusticeForLiz,#JusticeForLiz,JusticeForLiz,justiceforliz,True,True,False,Support,Support,,2013 campaign after gang-rape perpetrators were 'punished' by cutting grass.,regex,(?:^|[^\p{L}\p{N}_])justiceforliz(?:[^\p{L}\p{N}_]|$)
Kenya,#MeToo,#MeToo,MeToo,metoo,True,True,False,Support / Global,Support,,Baseline global #MeToo hashtag; included for every country/territory as the common cross-border search term. Translation/Gloss: Me too.,regex,(?:^|[^\p{L}\p{N}_])metoo(?:[^\p{L}\p{N}_]|$)
Kenya,#MyDressMyChoice,#MyDressMyChoice,MyDressMyChoice,mydressmychoice,True,True,False,Support,Support,,Nov 2014 protests after women were stripped at bus stops for 'indecent' dress.,regex,(?:^|[^\p{L}\p{N}_])mydressmychoice(?:[^\p{L}\p{N}_]|$)
Kenya,#TimesUp,#TimesUp,TimesUp,timesup,True,True,False,Support / Solidarity,Support,,Transnational accountability and anti-harassment hashtag frequently paired with #MeToo. Translation/Gloss: Time is up.,regex,(?:^|[^\p{L}\p{N}_])timesup(?:[^\p{L}\p{N}_]|$)
Kenya,sexual harassment,sexual harassment,sexual harassment,sexual harassment,False,True,False,Support / Search Term,Support,,English search keyword for #MeToo-related social-media and publication searches. Translation/Gloss: sexual harassment.,regex,(?:^|[^\p{L}\p{N}_])sexual\ harassment(?:[^\p{L}\p{N}_]|$)
Kenya,ukatili dhidi ya wanawake,ukatili dhidi ya wanawake,ukatili dhidi ya wanawake,ukatili dhidi ya wanawake,False,True,False,Support / Search Term,Support,,Swahili search keyword. Translation/Gloss: violence against women.,regex,(?:^|[^\p{L}\p{N}_])ukatili\ dhidi\ ya\ wanawake(?:[^\p{L}\p{N}_]|$)
Kenya,unyanyasaji wa kijinsia,unyanyasaji wa kijinsia,unyanyasaji wa kijinsia,unyanyasaji wa kijinsia,False,True,False,Support / Search Term,Support,,Swahili search keyword used across East/Central African contexts. Translation/Gloss: gender/sexual harassment.,regex,(?:^|[^\p{L}\p{N}_])unyanyasaji\ wa\ kijinsia(?:[^\p{L}\p{N}_]|$)
Kenya,violence against women,violence against women,violence against women,violence against women,False,True,False,Support / Search Term,Support,,English search keyword for adjacent #MeToo and gender-based violence coverage. Translation/Gloss: violence against women.,regex,(?:^|[^\p{L}\p{N}_])violence\ against\ women(?:[^\p{L}\p{N}_]|$)
Kiribati,#HimToo,#HimToo,HimToo,himtoo,True,True,False,Backlash / Counter,Backlash,,Major counter-/backlash hashtag that recast #MeToo through false-accusation or accused-men-as-victims narratives; included as a global backlash search term. Translation/Gloss: Him too.,regex,(?:^|[^\p{L}\p{N}_])himtoo(?:[^\p{L}\p{N}_]|$)
Kiribati,#MeToo,#MeToo,MeToo,metoo,True,True,False,Support / Global,Support,,Baseline global #MeToo hashtag; included for every country/territory as the common cross-border search term. Translation/Gloss: Me too.,regex,(?:^|[^\p{L}\p{N}_])metoo(?:[^\p{L}\p{N}_]|$)
Kosovo,#EdheUnë,#EdheUnë,EdheUnë,edheunë,True,False,False,Support / Translation,Support,,Albanian equivalent of #MeToo. Translation/Gloss: Me too.,regex,(?:^|[^\p{L}\p{N}_])edheunë(?:[^\p{L}\p{N}_]|$)
Kosovo,#HimToo,#HimToo,HimToo,himtoo,True,True,False,Backlash / Counter,Backlash,,Major counter-/backlash hashtag that recast #MeToo through false-accusation or accused-men-as-victims narratives; included as a global backlash search term. Translation/Gloss: Him too.,regex,(?:^|[^\p{L}\p{N}_])himtoo(?:[^\p{L}\p{N}_]|$)
Kosovo,#MeToo,#MeToo,MeToo,metoo,True,True,False,Support / Global,Support,,Baseline global #MeToo hashtag; included for every country/territory as the common cross-border search term. Translation/Gloss: Me too.,regex,(?:^|[^\p{L}\p{N}_])metoo(?:[^\p{L}\p{N}_]|$)
Kosovo,#NisamTražila,#NisamTražila,NisamTražila,nisamtražila,True,False,False,Support / Adjacent,Support,,Western Balkan survivor-support initiative responding to sexual violence disclosures. Translation/Gloss: I didn't ask for it.,regex,(?:^|[^\p{L}\p{N}_])nisamtražila(?:[^\p{L}\p{N}_]|$)
Kosovo,#nisamprijavila,#nisamprijavila,nisamprijavila,nisamprijavila,True,True,False,Support / Adjacent,Support,,Western Balkan hashtag where women recounted sexual abuse/harassment and barriers to reporting. Translation/Gloss: I did not report.,regex,(?:^|[^\p{L}\p{N}_])nisamprijavila(?:[^\p{L}\p{N}_]|$)
Kosovo,ngacmim seksual,ngacmim seksual,ngacmim seksual,ngacmim seksual,False,True,False,Support / Search Term,Support,,Albanian publication/search keyword. Translation/Gloss: sexual harassment.,regex,(?:^|[^\p{L}\p{N}_])ngacmim\ seksual(?:[^\p{L}\p{N}_]|$)
Kosovo,seksualno uznemiravanje,seksualno uznemiravanje,seksualno uznemiravanje,seksualno uznemiravanje,False,True,False,Support / Search Term,Support,,Bosnian/Croatian/Serbian search keyword. Translation/Gloss: sexual harassment.,regex,(?:^|[^\p{L}\p{N}_])seksualno\ uznemiravanje(?:[^\p{L}\p{N}_]|$)
Kuwait,#HimToo,#HimToo,HimToo,himtoo,True,True,False,Backlash / Counter,Backlash,,Major counter-/backlash hashtag that recast #MeToo through false-accusation or accused-men-as-victims narratives; included as a global backlash search term. Translation/Gloss: Him too.,regex,(?:^|[^\p{L}\p{N}_])himtoo(?:[^\p{L}\p{N}_]|$)
Kuwait,#MeToo,#MeToo,MeToo,metoo,True,True,False,Support / Global,Support,,Baseline global #MeToo hashtag; included for every country/territory as the common cross-border search term. Translation/Gloss: Me too.,regex,(?:^|[^\p{L}\p{N}_])metoo(?:[^\p{L}\p{N}_]|$)
Kuwait,#MosqueMeToo,#MosqueMeToo,MosqueMeToo,mosquemetoo,True,True,False,Support / Adjacent,Support,,"Hashtag for Muslim women's accounts of harassment/abuse during Hajj, in mosques, or in religious spaces. Translation/Gloss: MeToo in mosque/Hajj contexts.",regex,(?:^|[^\p{L}\p{N}_])mosquemetoo(?:[^\p{L}\p{N}_]|$)
Kuwait,#أنا_أيضا,#أنا_أيضا,أنا_أيضا,أنا_أيضا,True,False,False,Support / Translation,Support,,Formal Arabic equivalent of #MeToo. Translation/Gloss: Me too / I also.,substr,
Kuwait,#أنا_كمان,#أنا_كمان,أنا_كمان,أنا_كمان,True,False,False,Support / Translation,Support,,Arabic #MeToo counterpart used across Arabic-speaking social media. Translation/Gloss: Me too.,substr,
Kuwait,#لن_اسكت (Lan Asket),#لن_اسكت (Lan Asket),لن_اسكت (Lan Asket),لن_اسكت (lan asket),True,False,False,Support,Support,,"'I will not be silent', Feb 2021, sparked by influencer Ascia al-Faraj's viral video on harassment - Kuwait's MeToo; the Apr 2021 murder of Farah Akbar (after she reported her stalker) intensified it.",regex,(?:^|[^\p{L}\p{N}_])لن_اسكت\ \(lan\ asket\)(?:[^\p{L}\p{N}_]|$)
Kuwait,التحرش_الجنسي,التحرش_الجنسي,التحرش_الجنسي,التحرش_الجنسي,False,False,False,Support / Search Term,Support,,Arabic publication/search keyword. Translation/Gloss: sexual harassment.,substr,
Kuwait,العنف_ضد_المرأة,العنف_ضد_المرأة,العنف_ضد_المرأة,العنف_ضد_المرأة,False,False,False,Support / Search Term,Support,,Arabic publication/search keyword. Translation/Gloss: violence against women.,substr,
Kyrgyzstan,#HimToo,#HimToo,HimToo,himtoo,True,True,False,Backlash / Counter,Backlash,,Major counter-/backlash hashtag that recast #MeToo through false-accusation or accused-men-as-victims narratives; included as a global backlash search term. Translation/Gloss: Him too.,regex,(?:^|[^\p{L}\p{N}_])himtoo(?:[^\p{L}\p{N}_]|$)
Kyrgyzstan,#MeToo,#MeToo,MeToo,metoo,True,True,False,Support / Global,Support,,Baseline global #MeToo hashtag; included for every country/territory as the common cross-border search term. Translation/Gloss: Me too.,regex,(?:^|[^\p{L}\p{N}_])metoo(?:[^\p{L}\p{N}_]|$)
Kyrgyzstan,#ЯБоюсьМужчин,#ЯБоюсьМужчин,ЯБоюсьМужчин,ябоюсьмужчин,True,False,False,Support / Adjacent,Support,,"Russian feminist hashtag against male violence/femicide, reported alongside #MeToo-adjacent campaigns. Translation/Gloss: I fear men.",substr,
Kyrgyzstan,#ЯНеБоюсьСказать,#ЯНеБоюсьСказать,ЯНеБоюсьСказать,янебоюсьсказать,True,False,False,Support / Adjacent,Support,,Russian-language version of the Ukraine/Russia anti-sexual-violence flashmob precursor to #MeToo. Translation/Gloss: I am not afraid to say.,substr,
Kyrgyzstan,#ЯТоже,#ЯТоже,ЯТоже,ятоже,True,False,False,Support / Translation,Support,,Russian #MeToo equivalent/search term. Translation/Gloss: Me too.,substr,
Kyrgyzstan,ala kachuu (bride kidnapping),ala kachuu (bride kidnapping),ala kachuu (bride kidnapping),ala kachuu (bride kidnapping),False,True,False,Support / Context,Support,,"Deaths of Burulai Turdaaly kyzy (2018, killed inside a police station) and Aizada Kanatbekova (2021) sparked protests; 2020 March 8 women's march attacked while police detained the marchers.",regex,(?:^|[^\p{L}\p{N}_])ala\ kachuu\ \(bride\ kidnapping\)(?:[^\p{L}\p{N}_]|$)
Kyrgyzstan,сексуальные домогательства,сексуальные домогательства,сексуальные домогательства,сексуальные домогательства,False,False,False,Support / Search Term,Support,,Russian publication/search keyword. Translation/Gloss: sexual harassment.,substr,
Laos,#HimToo,#HimToo,HimToo,himtoo,True,True,False,Backlash / Counter,Backlash,,Major counter-/backlash hashtag that recast #MeToo through false-accusation or accused-men-as-victims narratives; included as a global backlash search term. Translation/Gloss: Him too.,regex,(?:^|[^\p{L}\p{N}_])himtoo(?:[^\p{L}\p{N}_]|$)
Laos,#MeToo,#MeToo,MeToo,metoo,True,True,False,Support / Global,Support,,Baseline global #MeToo hashtag; included for every country/territory as the common cross-border search term. Translation/Gloss: Me too.,regex,(?:^|[^\p{L}\p{N}_])metoo(?:[^\p{L}\p{N}_]|$)
Laos,sexual harassment (generic),sexual harassment,sexual harassment,sexual harassment,False,True,False,Support / Generic Term,Support,generic,No documented movement.,regex,(?:^|[^\p{L}\p{N}_])sexual\ harassment(?:[^\p{L}\p{N}_]|$)
Laos,ການລ່ວງລະເມີດທາງເພດ,ການລ່ວງລະເມີດທາງເພດ,ການລ່ວງລະເມີດທາງເພດ,ການລ່ວງລະເມີດທາງເພດ,False,False,False,Support / Search Term,Support,,Lao publication/search keyword. Translation/Gloss: sexual harassment.,substr,
Latvia,#HimToo,#HimToo,HimToo,himtoo,True,True,False,Backlash / Counter,Backlash,,Major counter-/backlash hashtag that recast #MeToo through false-accusation or accused-men-as-victims narratives; included as a global backlash search term. Translation/Gloss: Him too.,regex,(?:^|[^\p{L}\p{N}_])himtoo(?:[^\p{L}\p{N}_]|$)
Latvia,#MeToo,#MeToo,MeToo,metoo,True,True,False,Support / Global,Support,,Baseline global #MeToo hashtag; included for every country/territory as the common cross-border search term. Translation/Gloss: Me too.,regex,(?:^|[^\p{L}\p{N}_])metoo(?:[^\p{L}\p{N}_]|$)
Latvia,seksuālā uzmākšanās,seksuālā uzmākšanās,seksuālā uzmākšanās,seksuālā uzmākšanās,False,False,False,Support / Generic Term,Support,,No distinct national wave documented.,regex,(?:^|[^\p{L}\p{N}_])seksuālā\ uzmākšanās(?:[^\p{L}\p{N}_]|$)
Lebanon,#HimToo,#HimToo,HimToo,himtoo,True,True,False,Backlash / Counter,Backlash,,Major counter-/backlash hashtag that recast #MeToo through false-accusation or accused-men-as-victims narratives; included as a global backlash search term. Translation/Gloss: Him too.,regex,(?:^|[^\p{L}\p{N}_])himtoo(?:[^\p{L}\p{N}_]|$)
Lebanon,#MeToo,#MeToo,MeToo,metoo,True,True,False,Support / Global,Support,,Baseline global #MeToo hashtag; included for every country/territory as the common cross-border search term. Translation/Gloss: Me too.,regex,(?:^|[^\p{L}\p{N}_])metoo(?:[^\p{L}\p{N}_]|$)
Lebanon,#Mesh_Basita,#Mesh_Basita,Mesh_Basita,mesh_basita,True,True,False,Support / Adjacent,Support,,Lebanon: national campaign that sparked debate on anti-sexual-harassment protections and Law No. 205. Native script: #مش_بسيطة. Translation/Gloss: Not okay / not simple.,regex,(?:^|[^\p{L}\p{N}_])mesh_basita(?:[^\p{L}\p{N}_]|$)
Lebanon,#MosqueMeToo,#MosqueMeToo,MosqueMeToo,mosquemetoo,True,True,False,Support / Adjacent,Support,,"Hashtag for Muslim women's accounts of harassment/abuse during Hajj, in mosques, or in religious spaces. Translation/Gloss: MeToo in mosque/Hajj contexts.",regex,(?:^|[^\p{L}\p{N}_])mosquemetoo(?:[^\p{L}\p{N}_]|$)
Lebanon,#أنا_أيضا,#أنا_أيضا,أنا_أيضا,أنا_أيضا,True,False,False,Support / Translation,Support,,Formal Arabic equivalent of #MeToo. Translation/Gloss: Me too / I also.,substr,
Lebanon,#أنا_كمان,#أنا_كمان,أنا_كمان,أنا_كمان,True,False,False,Support / Translation,Support,,Arabic #MeToo counterpart used across Arabic-speaking social media. Translation/Gloss: Me too.,substr,
Lebanon,Marwan Habib,Marwan Habib,Marwan Habib,marwan habib,False,True,False,Support / Case,Support,,Serial harasser publicly exposed by dozens of women (2019-21; later arrested in Miami) - Lebanon's most visible MeToo thread; NGO KAFA central to GBV coverage.,regex,(?:^|[^\p{L}\p{N}_])marwan\ habib(?:[^\p{L}\p{N}_]|$)
Lebanon,التحرش_الجنسي,التحرش_الجنسي,التحرش_الجنسي,التحرش_الجنسي,False,False,False,Support / Search Term,Support,,Arabic publication/search keyword. Translation/Gloss: sexual harassment.,substr,
Lebanon,العنف_ضد_المرأة,العنف_ضد_المرأة,العنف_ضد_المرأة,العنف_ضد_المرأة,False,False,False,Support / Search Term,Support,,Arabic publication/search keyword. Translation/Gloss: violence against women.,substr,
Lebanon,تحرش (Lebanon 2020 wave),تحرش (Lebanon 2020 wave),تحرش (Lebanon 2020 wave),تحرش (lebanon 2020 wave),False,False,False,Support,Support,,Mid-2020 social-media wave of naming abusers paralleling Egypt's; largely account-driven rather than one hashtag.,regex,(?:^|[^\p{L}\p{N}_])تحرش\ \(lebanon\ 2020\ wave\)(?:[^\p{L}\p{N}_]|$)
Lesotho,#BelieveWomen,#BelieveWomen,BelieveWomen,believewomen,True,True,False,Support / Solidarity,Support,,Survivor-belief and anti-victim-blaming phrase used in #MeToo-related discourse. Translation/Gloss: Believe women.,regex,(?:^|[^\p{L}\p{N}_])believewomen(?:[^\p{L}\p{N}_]|$)
Lesotho,#HimToo,#HimToo,HimToo,himtoo,True,True,False,Backlash / Counter,Backlash,,Major counter-/backlash hashtag that recast #MeToo through false-accusation or accused-men-as-victims narratives; included as a global backlash search term. Translation/Gloss: Him too.,regex,(?:^|[^\p{L}\p{N}_])himtoo(?:[^\p{L}\p{N}_]|$)
Lesotho,#MeToo,#MeToo,MeToo,metoo,True,True,False,Support / Global,Support,,Baseline global #MeToo hashtag; included for every country/territory as the common cross-border search term. Translation/Gloss: Me too.,regex,(?:^|[^\p{L}\p{N}_])metoo(?:[^\p{L}\p{N}_]|$)
Lesotho,#TimesUp,#TimesUp,TimesUp,timesup,True,True,False,Support / Solidarity,Support,,Transnational accountability and anti-harassment hashtag frequently paired with #MeToo. Translation/Gloss: Time is up.,regex,(?:^|[^\p{L}\p{N}_])timesup(?:[^\p{L}\p{N}_]|$)
Lesotho,sexual harassment,sexual harassment,sexual harassment,sexual harassment,False,True,False,Support / Search Term,Support,,English search keyword for #MeToo-related social-media and publication searches. Translation/Gloss: sexual harassment.,regex,(?:^|[^\p{L}\p{N}_])sexual\ harassment(?:[^\p{L}\p{N}_]|$)
Lesotho,violence against women,violence against women,violence against women,violence against women,False,True,False,Support / Search Term,Support,,English search keyword for adjacent #MeToo and gender-based violence coverage. Translation/Gloss: violence against women.,regex,(?:^|[^\p{L}\p{N}_])violence\ against\ women(?:[^\p{L}\p{N}_]|$)
Liberia,#BelieveWomen,#BelieveWomen,BelieveWomen,believewomen,True,True,False,Support / Solidarity,Support,,Survivor-belief and anti-victim-blaming phrase used in #MeToo-related discourse. Translation/Gloss: Believe women.,regex,(?:^|[^\p{L}\p{N}_])believewomen(?:[^\p{L}\p{N}_]|$)
Liberia,#HimToo,#HimToo,HimToo,himtoo,True,True,False,Backlash / Counter,Backlash,,Major counter-/backlash hashtag that recast #MeToo through false-accusation or accused-men-as-victims narratives; included as a global backlash search term. Translation/Gloss: Him too.,regex,(?:^|[^\p{L}\p{N}_])himtoo(?:[^\p{L}\p{N}_]|$)
Liberia,#MeToo,#MeToo,MeToo,metoo,True,True,False,Support / Global,Support,,Baseline global #MeToo hashtag; included for every country/territory as the common cross-border search term. Translation/Gloss: Me too.,regex,(?:^|[^\p{L}\p{N}_])metoo(?:[^\p{L}\p{N}_]|$)
Liberia,#TimesUp,#TimesUp,TimesUp,timesup,True,True,False,Support / Solidarity,Support,,Transnational accountability and anti-harassment hashtag frequently paired with #MeToo. Translation/Gloss: Time is up.,regex,(?:^|[^\p{L}\p{N}_])timesup(?:[^\p{L}\p{N}_]|$)
Liberia,More Than Me,More Than Me,More Than Me,more than me,False,True,False,Support / Exposure,Support,,2018 ProPublica/Time investigation into abuse at the More Than Me charity school.,regex,(?:^|[^\p{L}\p{N}_])more\ than\ me(?:[^\p{L}\p{N}_]|$)
Liberia,anti-rape protests 2020,anti-rape protests 2020,anti-rape protests 2020,anti-rape protests 2020,False,True,False,Support,Support,,Aug-Sep 2020 mass protests over rape surge; President Weah declared rape a national emergency.,regex,(?:^|[^\p{L}\p{N}_])anti\-rape\ protests\ 2020(?:[^\p{L}\p{N}_]|$)
Liberia,sexual harassment,sexual harassment,sexual harassment,sexual harassment,False,True,False,Support / Search Term,Support,,English search keyword for #MeToo-related social-media and publication searches. Translation/Gloss: sexual harassment.,regex,(?:^|[^\p{L}\p{N}_])sexual\ harassment(?:[^\p{L}\p{N}_]|$)
Liberia,violence against women,violence against women,violence against women,violence against women,False,True,False,Support / Search Term,Support,,English search keyword for adjacent #MeToo and gender-based violence coverage. Translation/Gloss: violence against women.,regex,(?:^|[^\p{L}\p{N}_])violence\ against\ women(?:[^\p{L}\p{N}_]|$)
Libya,#HimToo,#HimToo,HimToo,himtoo,True,True,False,Backlash / Counter,Backlash,,Major counter-/backlash hashtag that recast #MeToo through false-accusation or accused-men-as-victims narratives; included as a global backlash search term. Translation/Gloss: Him too.,regex,(?:^|[^\p{L}\p{N}_])himtoo(?:[^\p{L}\p{N}_]|$)
Libya,#MeToo,#MeToo,MeToo,metoo,True,True,False,Support / Global,Support,,Baseline global #MeToo hashtag; included for every country/territory as the common cross-border search term. Translation/Gloss: Me too.,regex,(?:^|[^\p{L}\p{N}_])metoo(?:[^\p{L}\p{N}_]|$)
Libya,#MosqueMeToo,#MosqueMeToo,MosqueMeToo,mosquemetoo,True,True,False,Support / Adjacent,Support,,"Hashtag for Muslim women's accounts of harassment/abuse during Hajj, in mosques, or in religious spaces. Translation/Gloss: MeToo in mosque/Hajj contexts.",regex,(?:^|[^\p{L}\p{N}_])mosquemetoo(?:[^\p{L}\p{N}_]|$)
Libya,#أنا_أيضا,#أنا_أيضا,أنا_أيضا,أنا_أيضا,True,False,False,Support / Translation,Support,,Formal Arabic equivalent of #MeToo. Translation/Gloss: Me too / I also.,substr,
Libya,#أنا_كمان,#أنا_كمان,أنا_كمان,أنا_كمان,True,False,False,Support / Translation,Support,,Arabic #MeToo counterpart used across Arabic-speaking social media. Translation/Gloss: Me too.,substr,
Libya,التحرش_الجنسي,التحرش_الجنسي,التحرش_الجنسي,التحرش_الجنسي,False,False,False,Support / Search Term,Support,,Arabic publication/search keyword. Translation/Gloss: sexual harassment.,substr,
Libya,العنف_ضد_المرأة,العنف_ضد_المرأة,العنف_ضد_المرأة,العنف_ضد_المرأة,False,False,False,Support / Search Term,Support,,Arabic publication/search keyword. Translation/Gloss: violence against women.,substr,
Liechtenstein,#HimToo,#HimToo,HimToo,himtoo,True,True,False,Backlash / Counter,Backlash,,Major counter-/backlash hashtag that recast #MeToo through false-accusation or accused-men-as-victims narratives; included as a global backlash search term. Translation/Gloss: Him too.,regex,(?:^|[^\p{L}\p{N}_])himtoo(?:[^\p{L}\p{N}_]|$)
Liechtenstein,#IchAuch,#IchAuch,IchAuch,ichauch,True,True,False,Support / Translation,Support,,German equivalent of #MeToo. Translation/Gloss: Me too.,regex,(?:^|[^\p{L}\p{N}_])ichauch(?:[^\p{L}\p{N}_]|$)
Liechtenstein,#MeToo,#MeToo,MeToo,metoo,True,True,False,Support / Global,Support,,Baseline global #MeToo hashtag; included for every country/territory as the common cross-border search term. Translation/Gloss: Me too.,regex,(?:^|[^\p{L}\p{N}_])metoo(?:[^\p{L}\p{N}_]|$)
Liechtenstein,#aufschrei,#aufschrei,aufschrei,aufschrei,True,True,False,Support / Adjacent,Support,,German anti-sexism hashtag predating and overlapping #MeToo themes. Translation/Gloss: Outcry.,regex,(?:^|[^\p{L}\p{N}_])aufschrei(?:[^\p{L}\p{N}_]|$)
Liechtenstein,sexuelle Belästigung,sexuelle Belästigung,sexuelle Belästigung,sexuelle belästigung,False,False,False,Support / Search Term,Support,,German publication/search keyword. Translation/Gloss: sexual harassment.,regex,(?:^|[^\p{L}\p{N}_])sexuelle\ belästigung(?:[^\p{L}\p{N}_]|$)
Lithuania,#HimToo,#HimToo,HimToo,himtoo,True,True,False,Backlash / Counter,Backlash,,Major counter-/backlash hashtag that recast #MeToo through false-accusation or accused-men-as-victims narratives; included as a global backlash search term. Translation/Gloss: Him too.,regex,(?:^|[^\p{L}\p{N}_])himtoo(?:[^\p{L}\p{N}_]|$)
Lithuania,#MeToo,#MeToo,MeToo,metoo,True,True,False,Support / Global,Support,,Baseline global #MeToo hashtag; included for every country/territory as the common cross-border search term. Translation/Gloss: Me too.,regex,(?:^|[^\p{L}\p{N}_])metoo(?:[^\p{L}\p{N}_]|$)
Lithuania,Šarūnas Bartas,Šarūnas Bartas,Šarūnas Bartas,šarūnas bartas,False,False,False,Support / Trigger Case,Support,,Nov 2017: film director accused by several women - Lithuania's MeToo trigger (also MP Kęstutis Pūkas harassment case 2017).,regex,(?:^|[^\p{L}\p{N}_])šarūnas\ bartas(?:[^\p{L}\p{N}_]|$)
Luxembourg,#BalanceTonPorc,#BalanceTonPorc,BalanceTonPorc,balancetonporc,True,True,False,Support / Adjacent,Support,,French #MeToo-era hashtag for naming or denouncing perpetrators; also provoked public backlash debates. Translation/Gloss: Expose/denounce your pig.,regex,(?:^|[^\p{L}\p{N}_])balancetonporc(?:[^\p{L}\p{N}_]|$)
Luxembourg,#HimToo,#HimToo,HimToo,himtoo,True,True,False,Backlash / Counter,Backlash,,Major counter-/backlash hashtag that recast #MeToo through false-accusation or accused-men-as-victims narratives; included as a global backlash search term. Translation/Gloss: Him too.,regex,(?:^|[^\p{L}\p{N}_])himtoo(?:[^\p{L}\p{N}_]|$)
Luxembourg,#IchAuch,#IchAuch,IchAuch,ichauch,True,True,False,Support / Translation,Support,,German equivalent of #MeToo. Translation/Gloss: Me too.,regex,(?:^|[^\p{L}\p{N}_])ichauch(?:[^\p{L}\p{N}_]|$)
Luxembourg,#MeToo,#MeToo,MeToo,metoo,True,True,False,Support / Global,Support,,Baseline global #MeToo hashtag; included for every country/territory as the common cross-border search term. Translation/Gloss: Me too.,regex,(?:^|[^\p{L}\p{N}_])metoo(?:[^\p{L}\p{N}_]|$)
Luxembourg,#MoiAussi,#MoiAussi,MoiAussi,moiaussi,True,True,False,Support / Translation,Support,,"French-language equivalent of #MeToo, documented in Canada/Francophone coverage. Translation/Gloss: Me too.",regex,(?:^|[^\p{L}\p{N}_])moiaussi(?:[^\p{L}\p{N}_]|$)
Luxembourg,#NousToutes,#NousToutes,NousToutes,noustoutes,True,True,False,Support / Adjacent,Support,,French feminist collective/hashtag after #MeToo and #BalanceTonPorc focused on violence against women. Translation/Gloss: All of us women.,regex,(?:^|[^\p{L}\p{N}_])noustoutes(?:[^\p{L}\p{N}_]|$)
Luxembourg,#aufschrei,#aufschrei,aufschrei,aufschrei,True,True,False,Support / Adjacent,Support,,German anti-sexism hashtag predating and overlapping #MeToo themes. Translation/Gloss: Outcry.,regex,(?:^|[^\p{L}\p{N}_])aufschrei(?:[^\p{L}\p{N}_]|$)
Luxembourg,harcèlement sexuel,harcèlement sexuel,harcèlement sexuel,harcèlement sexuel,False,False,False,Support / Search Term,Support,,French publication/search keyword. Translation/Gloss: sexual harassment.,regex,(?:^|[^\p{L}\p{N}_])harcèlement\ sexuel(?:[^\p{L}\p{N}_]|$)
Luxembourg,sexuelle Belästigung,sexuelle Belästigung,sexuelle Belästigung,sexuelle belästigung,False,False,False,Support / Search Term,Support,,German publication/search keyword. Translation/Gloss: sexual harassment.,regex,(?:^|[^\p{L}\p{N}_])sexuelle\ belästigung(?:[^\p{L}\p{N}_]|$)
Macau,#ChegaDeFiuFiu,#ChegaDeFiuFiu,ChegaDeFiuFiu,chegadefiufiu,True,True,False,Support / Adjacent,Support,,Brazil-origin anti-street-harassment campaign; relevant for Portuguese-language searches. Translation/Gloss: Enough with catcalling.,regex,(?:^|[^\p{L}\p{N}_])chegadefiufiu(?:[^\p{L}\p{N}_]|$)
Macau,#EuTambém,#EuTambém,EuTambém,eutambém,True,False,False,Support / Translation,Support,,Portuguese equivalent of #MeToo. Translation/Gloss: Me too.,regex,(?:^|[^\p{L}\p{N}_])eutambém(?:[^\p{L}\p{N}_]|$)
Macau,#HimToo,#HimToo,HimToo,himtoo,True,True,False,Backlash / Counter,Backlash,,Major counter-/backlash hashtag that recast #MeToo through false-accusation or accused-men-as-victims narratives; included as a global backlash search term. Translation/Gloss: Him too.,regex,(?:^|[^\p{L}\p{N}_])himtoo(?:[^\p{L}\p{N}_]|$)
Macau,#MeToo,#MeToo,MeToo,metoo,True,True,False,Support / Global,Support,,Baseline global #MeToo hashtag; included for every country/territory as the common cross-border search term. Translation/Gloss: Me too.,regex,(?:^|[^\p{L}\p{N}_])metoo(?:[^\p{L}\p{N}_]|$)
Macau,#PrimeiroAssédio,#PrimeiroAssédio,PrimeiroAssédio,primeiroassédio,True,False,False,Support / Adjacent,Support,,Brazil-origin hashtag where women shared first harassment experiences. Translation/Gloss: First harassment.,regex,(?:^|[^\p{L}\p{N}_])primeiroassédio(?:[^\p{L}\p{N}_]|$)
Macau,#RiceBunny,#RiceBunny,RiceBunny,ricebunny,True,True,False,Support / Censorship Workaround,Support,,English transliteration/hashtag version of the Chinese coded #MeToo phrase. Translation/Gloss: Rice bunny / MeToo homophone.,regex,(?:^|[^\p{L}\p{N}_])ricebunny(?:[^\p{L}\p{N}_]|$)
Macau,#我也是,#我也是,我也是,我也是,True,False,True,Support / Translation,Support,,Chinese #MeToo equivalent. Translation/Gloss: Me too.,substr,
Macau,#米兔,#米兔,米兔,米兔,True,False,True,Support / Censorship Workaround,Support,,Chinese homophone/coded form used to avoid #MeToo censorship. Translation/Gloss: Rice bunny / MeToo homophone.,substr,
Macau,assédio sexual,assédio sexual,assédio sexual,assédio sexual,False,False,False,Support / Search Term,Support,,Portuguese publication/search keyword. Translation/Gloss: sexual harassment.,regex,(?:^|[^\p{L}\p{N}_])assédio\ sexual(?:[^\p{L}\p{N}_]|$)
Macau,性骚扰,性骚扰,性骚扰,性骚扰,False,False,True,Support / Search Term,Support,,Chinese publication/search keyword. Translation/Gloss: sexual harassment.,substr,
Madagascar,#BalanceTonPorc,#BalanceTonPorc,BalanceTonPorc,balancetonporc,True,True,False,Support / Adjacent,Support,,French #MeToo-era hashtag for naming or denouncing perpetrators; also provoked public backlash debates. Translation/Gloss: Expose/denounce your pig.,regex,(?:^|[^\p{L}\p{N}_])balancetonporc(?:[^\p{L}\p{N}_]|$)
Madagascar,#HimToo,#HimToo,HimToo,himtoo,True,True,False,Backlash / Counter,Backlash,,Major counter-/backlash hashtag that recast #MeToo through false-accusation or accused-men-as-victims narratives; included as a global backlash search term. Translation/Gloss: Him too.,regex,(?:^|[^\p{L}\p{N}_])himtoo(?:[^\p{L}\p{N}_]|$)
Madagascar,#MeToo,#MeToo,MeToo,metoo,True,True,False,Support / Global,Support,,Baseline global #MeToo hashtag; included for every country/territory as the common cross-border search term. Translation/Gloss: Me too.,regex,(?:^|[^\p{L}\p{N}_])metoo(?:[^\p{L}\p{N}_]|$)
Madagascar,#MoiAussi,#MoiAussi,MoiAussi,moiaussi,True,True,False,Support / Translation,Support,,"French-language equivalent of #MeToo, documented in Canada/Francophone coverage. Translation/Gloss: Me too.",regex,(?:^|[^\p{L}\p{N}_])moiaussi(?:[^\p{L}\p{N}_]|$)
Madagascar,#NousToutes,#NousToutes,NousToutes,noustoutes,True,True,False,Support / Adjacent,Support,,French feminist collective/hashtag after #MeToo and #BalanceTonPorc focused on violence against women. Translation/Gloss: All of us women.,regex,(?:^|[^\p{L}\p{N}_])noustoutes(?:[^\p{L}\p{N}_]|$)
Madagascar,#ZaKoa,#ZaKoa,ZaKoa,zakoa,True,True,False,Support / Translation / Localized,Support,,Malagasy #MeToo title/keyword associated with Hary Rabary's feminist novel and discussion of rape/harassment in Madagascar. Translation/Gloss: Me too.,regex,(?:^|[^\p{L}\p{N}_])zakoa(?:[^\p{L}\p{N}_]|$)
Madagascar,harcèlement sexuel,harcèlement sexuel,harcèlement sexuel,harcèlement sexuel,False,False,False,Support / Search Term,Support,,French publication/search keyword. Translation/Gloss: sexual harassment.,regex,(?:^|[^\p{L}\p{N}_])harcèlement\ sexuel(?:[^\p{L}\p{N}_]|$)
Malawi,#BelieveWomen,#BelieveWomen,BelieveWomen,believewomen,True,True,False,Support / Solidarity,Support,,Survivor-belief and anti-victim-blaming phrase used in #MeToo-related discourse. Translation/Gloss: Believe women.,regex,(?:^|[^\p{L}\p{N}_])believewomen(?:[^\p{L}\p{N}_]|$)
Malawi,#HimToo,#HimToo,HimToo,himtoo,True,True,False,Backlash / Counter,Backlash,,Major counter-/backlash hashtag that recast #MeToo through false-accusation or accused-men-as-victims narratives; included as a global backlash search term. Translation/Gloss: Him too.,regex,(?:^|[^\p{L}\p{N}_])himtoo(?:[^\p{L}\p{N}_]|$)
Malawi,#MeToo,#MeToo,MeToo,metoo,True,True,False,Support / Global,Support,,Baseline global #MeToo hashtag; included for every country/territory as the common cross-border search term. Translation/Gloss: Me too.,regex,(?:^|[^\p{L}\p{N}_])metoo(?:[^\p{L}\p{N}_]|$)
Malawi,#TimesUp,#TimesUp,TimesUp,timesup,True,True,False,Support / Solidarity,Support,,Transnational accountability and anti-harassment hashtag frequently paired with #MeToo. Translation/Gloss: Time is up.,regex,(?:^|[^\p{L}\p{N}_])timesup(?:[^\p{L}\p{N}_]|$)
Malawi,sexual harassment,sexual harassment,sexual harassment,sexual harassment,False,True,False,Support / Search Term,Support,,English search keyword for #MeToo-related social-media and publication searches. Translation/Gloss: sexual harassment.,regex,(?:^|[^\p{L}\p{N}_])sexual\ harassment(?:[^\p{L}\p{N}_]|$)
Malawi,violence against women,violence against women,violence against women,violence against women,False,True,False,Support / Search Term,Support,,English search keyword for adjacent #MeToo and gender-based violence coverage. Translation/Gloss: violence against women.,regex,(?:^|[^\p{L}\p{N}_])violence\ against\ women(?:[^\p{L}\p{N}_]|$)
Malaysia,#HimToo,#HimToo,HimToo,himtoo,True,True,False,Backlash / Counter,Backlash,,Major counter-/backlash hashtag that recast #MeToo through false-accusation or accused-men-as-victims narratives; included as a global backlash search term. Translation/Gloss: Him too.,regex,(?:^|[^\p{L}\p{N}_])himtoo(?:[^\p{L}\p{N}_]|$)
Malaysia,#MakeSchoolASaferPlace,#MakeSchoolASaferPlace,MakeSchoolASaferPlace,makeschoolasaferplace,True,True,False,Support,Support,,"Apr 2021: 17-year-old Ain Husniza exposed a teacher's rape joke on TikTok; faced police report and lawsuit threats (backlash), sparking national debate on school sexual culture.",regex,(?:^|[^\p{L}\p{N}_])makeschoolasaferplace(?:[^\p{L}\p{N}_]|$)
Malaysia,#MeToo,#MeToo,MeToo,metoo,True,True,False,Support / Global,Support,,Baseline global #MeToo hashtag; included for every country/territory as the common cross-border search term. Translation/Gloss: Me too.,regex,(?:^|[^\p{L}\p{N}_])metoo(?:[^\p{L}\p{N}_]|$)
Malaysia,#MulaiBicara,#MulaiBicara,MulaiBicara,mulaibicara,True,True,False,Support / Adjacent,Support,,Southeast Asian #MeToo-adjacent phrase for beginning to speak about harassment/violence. Translation/Gloss: Start speaking.,regex,(?:^|[^\p{L}\p{N}_])mulaibicara(?:[^\p{L}\p{N}_]|$)
Malaysia,#SayaJuga,#SayaJuga,SayaJuga,sayajuga,True,True,False,Support / Translation / Localized,Support,,Malay/Indonesian equivalent and local #MeToo-inspired hashtag. Translation/Gloss: Me too.,regex,(?:^|[^\p{L}\p{N}_])sayajuga(?:[^\p{L}\p{N}_]|$)
Malaysia,gangguan seksual,gangguan seksual,gangguan seksual,gangguan seksual,False,True,False,Support / Generic Term,Support,,Recall term; AWAM is the key NGO; Anti-Sexual Harassment Act passed 2022.,regex,(?:^|[^\p{L}\p{N}_])gangguan\ seksual(?:[^\p{L}\p{N}_]|$)
Malaysia,pelecehan seksual,pelecehan seksual,pelecehan seksual,pelecehan seksual,False,True,False,Support / Search Term,Support,,Indonesian/Malay publication/search keyword. Translation/Gloss: sexual harassment.,regex,(?:^|[^\p{L}\p{N}_])pelecehan\ seksual(?:[^\p{L}\p{N}_]|$)
Maldives,#HimToo,#HimToo,HimToo,himtoo,True,True,False,Backlash / Counter,Backlash,,Major counter-/backlash hashtag that recast #MeToo through false-accusation or accused-men-as-victims narratives; included as a global backlash search term. Translation/Gloss: Him too.,regex,(?:^|[^\p{L}\p{N}_])himtoo(?:[^\p{L}\p{N}_]|$)
Maldives,#MeToo,#MeToo,MeToo,metoo,True,True,False,Support / Global,Support,,Baseline global #MeToo hashtag; included for every country/territory as the common cross-border search term. Translation/Gloss: Me too.,regex,(?:^|[^\p{L}\p{N}_])metoo(?:[^\p{L}\p{N}_]|$)
Mali,#BalanceTonPorc,#BalanceTonPorc,BalanceTonPorc,balancetonporc,True,True,False,Support / Adjacent,Support,,French #MeToo-era hashtag for naming or denouncing perpetrators; also provoked public backlash debates. Translation/Gloss: Expose/denounce your pig.,regex,(?:^|[^\p{L}\p{N}_])balancetonporc(?:[^\p{L}\p{N}_]|$)
Mali,#HimToo,#HimToo,HimToo,himtoo,True,True,False,Backlash / Counter,Backlash,,Major counter-/backlash hashtag that recast #MeToo through false-accusation or accused-men-as-victims narratives; included as a global backlash search term. Translation/Gloss: Him too.,regex,(?:^|[^\p{L}\p{N}_])himtoo(?:[^\p{L}\p{N}_]|$)
Mali,#MeToo,#MeToo,MeToo,metoo,True,True,False,Support / Global,Support,,Baseline global #MeToo hashtag; included for every country/territory as the common cross-border search term. Translation/Gloss: Me too.,regex,(?:^|[^\p{L}\p{N}_])metoo(?:[^\p{L}\p{N}_]|$)
Mali,#MoiAussi,#MoiAussi,MoiAussi,moiaussi,True,True,False,Support / Translation,Support,,"French-language equivalent of #MeToo, documented in Canada/Francophone coverage. Translation/Gloss: Me too.",regex,(?:^|[^\p{L}\p{N}_])moiaussi(?:[^\p{L}\p{N}_]|$)
Mali,#NousToutes,#NousToutes,NousToutes,noustoutes,True,True,False,Support / Adjacent,Support,,French feminist collective/hashtag after #MeToo and #BalanceTonPorc focused on violence against women. Translation/Gloss: All of us women.,regex,(?:^|[^\p{L}\p{N}_])noustoutes(?:[^\p{L}\p{N}_]|$)
Mali,harcèlement sexuel,harcèlement sexuel,harcèlement sexuel,harcèlement sexuel,False,False,False,Support / Search Term,Support,,French publication/search keyword. Translation/Gloss: sexual harassment.,regex,(?:^|[^\p{L}\p{N}_])harcèlement\ sexuel(?:[^\p{L}\p{N}_]|$)
Malta,#BelieveWomen,#BelieveWomen,BelieveWomen,believewomen,True,True,False,Support / Solidarity,Support,,Survivor-belief and anti-victim-blaming phrase used in #MeToo-related discourse. Translation/Gloss: Believe women.,regex,(?:^|[^\p{L}\p{N}_])believewomen(?:[^\p{L}\p{N}_]|$)
Malta,#HimToo,#HimToo,HimToo,himtoo,True,True,False,Backlash / Counter,Backlash,,Major counter-/backlash hashtag that recast #MeToo through false-accusation or accused-men-as-victims narratives; included as a global backlash search term. Translation/Gloss: Him too.,regex,(?:^|[^\p{L}\p{N}_])himtoo(?:[^\p{L}\p{N}_]|$)
Malta,#MeToo,#MeToo,MeToo,metoo,True,True,False,Support / Global,Support,,Baseline global #MeToo hashtag; included for every country/territory as the common cross-border search term. Translation/Gloss: Me too.,regex,(?:^|[^\p{L}\p{N}_])metoo(?:[^\p{L}\p{N}_]|$)
Malta,#TimesUp,#TimesUp,TimesUp,timesup,True,True,False,Support / Solidarity,Support,,Transnational accountability and anti-harassment hashtag frequently paired with #MeToo. Translation/Gloss: Time is up.,regex,(?:^|[^\p{L}\p{N}_])timesup(?:[^\p{L}\p{N}_]|$)
Malta,sexual harassment,sexual harassment,sexual harassment,sexual harassment,False,True,False,Support / Search Term,Support,,English search keyword for #MeToo-related social-media and publication searches. Translation/Gloss: sexual harassment.,regex,(?:^|[^\p{L}\p{N}_])sexual\ harassment(?:[^\p{L}\p{N}_]|$)
Malta,violence against women,violence against women,violence against women,violence against women,False,True,False,Support / Search Term,Support,,English search keyword for adjacent #MeToo and gender-based violence coverage. Translation/Gloss: violence against women.,regex,(?:^|[^\p{L}\p{N}_])violence\ against\ women(?:[^\p{L}\p{N}_]|$)
Marshall Islands,#HimToo,#HimToo,HimToo,himtoo,True,True,False,Backlash / Counter,Backlash,,Major counter-/backlash hashtag that recast #MeToo through false-accusation or accused-men-as-victims narratives; included as a global backlash search term. Translation/Gloss: Him too.,regex,(?:^|[^\p{L}\p{N}_])himtoo(?:[^\p{L}\p{N}_]|$)
Marshall Islands,#MeToo,#MeToo,MeToo,metoo,True,True,False,Support / Global,Support,,Baseline global #MeToo hashtag; included for every country/territory as the common cross-border search term. Translation/Gloss: Me too.,regex,(?:^|[^\p{L}\p{N}_])metoo(?:[^\p{L}\p{N}_]|$)
Martinique,#BalanceTonPorc,#BalanceTonPorc,BalanceTonPorc,balancetonporc,True,True,False,Support / Adjacent,Support,,French #MeToo-era hashtag for naming or denouncing perpetrators; also provoked public backlash debates. Translation/Gloss: Expose/denounce your pig.,regex,(?:^|[^\p{L}\p{N}_])balancetonporc(?:[^\p{L}\p{N}_]|$)
Martinique,#HimToo,#HimToo,HimToo,himtoo,True,True,False,Backlash / Counter,Backlash,,Major counter-/backlash hashtag that recast #MeToo through false-accusation or accused-men-as-victims narratives; included as a global backlash search term. Translation/Gloss: Him too.,regex,(?:^|[^\p{L}\p{N}_])himtoo(?:[^\p{L}\p{N}_]|$)
Martinique,#MeToo,#MeToo,MeToo,metoo,True,True,False,Support / Global,Support,,Baseline global #MeToo hashtag; included for every country/territory as the common cross-border search term. Translation/Gloss: Me too.,regex,(?:^|[^\p{L}\p{N}_])metoo(?:[^\p{L}\p{N}_]|$)
Martinique,#MoiAussi,#MoiAussi,MoiAussi,moiaussi,True,True,False,Support / Translation,Support,,"French-language equivalent of #MeToo, documented in Canada/Francophone coverage. Translation/Gloss: Me too.",regex,(?:^|[^\p{L}\p{N}_])moiaussi(?:[^\p{L}\p{N}_]|$)
Martinique,#NousToutes,#NousToutes,NousToutes,noustoutes,True,True,False,Support / Adjacent,Support,,French feminist collective/hashtag after #MeToo and #BalanceTonPorc focused on violence against women. Translation/Gloss: All of us women.,regex,(?:^|[^\p{L}\p{N}_])noustoutes(?:[^\p{L}\p{N}_]|$)
Martinique,harcèlement sexuel,harcèlement sexuel,harcèlement sexuel,harcèlement sexuel,False,False,False,Support / Search Term,Support,,French publication/search keyword. Translation/Gloss: sexual harassment.,regex,(?:^|[^\p{L}\p{N}_])harcèlement\ sexuel(?:[^\p{L}\p{N}_]|$)
Mauritania,#BalanceTonPorc,#BalanceTonPorc,BalanceTonPorc,balancetonporc,True,True,False,Support / Adjacent,Support,,French #MeToo-era hashtag for naming or denouncing perpetrators; also provoked public backlash debates. Translation/Gloss: Expose/denounce your pig.,regex,(?:^|[^\p{L}\p{N}_])balancetonporc(?:[^\p{L}\p{N}_]|$)
Mauritania,#HimToo,#HimToo,HimToo,himtoo,True,True,False,Backlash / Counter,Backlash,,Major counter-/backlash hashtag that recast #MeToo through false-accusation or accused-men-as-victims narratives; included as a global backlash search term. Translation/Gloss: Him too.,regex,(?:^|[^\p{L}\p{N}_])himtoo(?:[^\p{L}\p{N}_]|$)
Mauritania,#MeToo,#MeToo,MeToo,metoo,True,True,False,Support / Global,Support,,Baseline global #MeToo hashtag; included for every country/territory as the common cross-border search term. Translation/Gloss: Me too.,regex,(?:^|[^\p{L}\p{N}_])metoo(?:[^\p{L}\p{N}_]|$)
Mauritania,#MoiAussi,#MoiAussi,MoiAussi,moiaussi,True,True,False,Support / Translation,Support,,"French-language equivalent of #MeToo, documented in Canada/Francophone coverage. Translation/Gloss: Me too.",regex,(?:^|[^\p{L}\p{N}_])moiaussi(?:[^\p{L}\p{N}_]|$)
Mauritania,#MosqueMeToo,#MosqueMeToo,MosqueMeToo,mosquemetoo,True,True,False,Support / Adjacent,Support,,"Hashtag for Muslim women's accounts of harassment/abuse during Hajj, in mosques, or in religious spaces. Translation/Gloss: MeToo in mosque/Hajj contexts.",regex,(?:^|[^\p{L}\p{N}_])mosquemetoo(?:[^\p{L}\p{N}_]|$)
Mauritania,#NousToutes,#NousToutes,NousToutes,noustoutes,True,True,False,Support / Adjacent,Support,,French feminist collective/hashtag after #MeToo and #BalanceTonPorc focused on violence against women. Translation/Gloss: All of us women.,regex,(?:^|[^\p{L}\p{N}_])noustoutes(?:[^\p{L}\p{N}_]|$)
Mauritania,#أنا_أيضا,#أنا_أيضا,أنا_أيضا,أنا_أيضا,True,False,False,Support / Translation,Support,,Formal Arabic equivalent of #MeToo. Translation/Gloss: Me too / I also.,substr,
Mauritania,#أنا_كمان,#أنا_كمان,أنا_كمان,أنا_كمان,True,False,False,Support / Translation,Support,,Arabic #MeToo counterpart used across Arabic-speaking social media. Translation/Gloss: Me too.,substr,
Mauritania,harcèlement sexuel,harcèlement sexuel,harcèlement sexuel,harcèlement sexuel,False,False,False,Support / Search Term,Support,,French publication/search keyword. Translation/Gloss: sexual harassment.,regex,(?:^|[^\p{L}\p{N}_])harcèlement\ sexuel(?:[^\p{L}\p{N}_]|$)
Mauritania,التحرش_الجنسي,التحرش_الجنسي,التحرش_الجنسي,التحرش_الجنسي,False,False,False,Support / Search Term,Support,,Arabic publication/search keyword. Translation/Gloss: sexual harassment.,substr,
Mauritania,العنف_ضد_المرأة,العنف_ضد_المرأة,العنف_ضد_المرأة,العنف_ضد_المرأة,False,False,False,Support / Search Term,Support,,Arabic publication/search keyword. Translation/Gloss: violence against women.,substr,
Mauritania,تحرش / harcèlement,تحرش,تحرش,تحرش,False,False,False,Support / Generic Term,Support,,No documented movement.,substr,
Mauritania,تحرش / harcèlement,harcèlement,harcèlement,harcèlement,False,False,False,Support / Generic Term,Support,,No documented movement.,regex,(?:^|[^\p{L}\p{N}_])harcèlement(?:[^\p{L}\p{N}_]|$)
Mauritius,#BalanceTonPorc,#BalanceTonPorc,BalanceTonPorc,balancetonporc,True,True,False,Support / Adjacent,Support,,French #MeToo-era hashtag for naming or denouncing perpetrators; also provoked public backlash debates. Translation/Gloss: Expose/denounce your pig.,regex,(?:^|[^\p{L}\p{N}_])balancetonporc(?:[^\p{L}\p{N}_]|$)
Mauritius,#BelieveWomen,#BelieveWomen,BelieveWomen,believewomen,True,True,False,Support / Solidarity,Support,,Survivor-belief and anti-victim-blaming phrase used in #MeToo-related discourse. Translation/Gloss: Believe women.,regex,(?:^|[^\p{L}\p{N}_])believewomen(?:[^\p{L}\p{N}_]|$)
Mauritius,#HimToo,#HimToo,HimToo,himtoo,True,True,False,Backlash / Counter,Backlash,,Major counter-/backlash hashtag that recast #MeToo through false-accusation or accused-men-as-victims narratives; included as a global backlash search term. Translation/Gloss: Him too.,regex,(?:^|[^\p{L}\p{N}_])himtoo(?:[^\p{L}\p{N}_]|$)
Mauritius,#MeToo,#MeToo,MeToo,metoo,True,True,False,Support / Global,Support,,Baseline global #MeToo hashtag; included for every country/territory as the common cross-border search term. Translation/Gloss: Me too.,regex,(?:^|[^\p{L}\p{N}_])metoo(?:[^\p{L}\p{N}_]|$)
Mauritius,#MoiAussi,#MoiAussi,MoiAussi,moiaussi,True,True,False,Support / Translation,Support,,"French-language equivalent of #MeToo, documented in Canada/Francophone coverage. Translation/Gloss: Me too.",regex,(?:^|[^\p{L}\p{N}_])moiaussi(?:[^\p{L}\p{N}_]|$)
Mauritius,#NousToutes,#NousToutes,NousToutes,noustoutes,True,True,False,Support / Adjacent,Support,,French feminist collective/hashtag after #MeToo and #BalanceTonPorc focused on violence against women. Translation/Gloss: All of us women.,regex,(?:^|[^\p{L}\p{N}_])noustoutes(?:[^\p{L}\p{N}_]|$)
Mauritius,#TimesUp,#TimesUp,TimesUp,timesup,True,True,False,Support / Solidarity,Support,,Transnational accountability and anti-harassment hashtag frequently paired with #MeToo. Translation/Gloss: Time is up.,regex,(?:^|[^\p{L}\p{N}_])timesup(?:[^\p{L}\p{N}_]|$)
Mauritius,harcèlement sexuel,harcèlement sexuel,harcèlement sexuel,harcèlement sexuel,False,False,False,Support / Search Term,Support,,French publication/search keyword. Translation/Gloss: sexual harassment.,regex,(?:^|[^\p{L}\p{N}_])harcèlement\ sexuel(?:[^\p{L}\p{N}_]|$)
Mauritius,sexual harassment,sexual harassment,sexual harassment,sexual harassment,False,True,False,Support / Search Term,Support,,English search keyword for #MeToo-related social-media and publication searches. Translation/Gloss: sexual harassment.,regex,(?:^|[^\p{L}\p{N}_])sexual\ harassment(?:[^\p{L}\p{N}_]|$)
Mauritius,violence against women,violence against women,violence against women,violence against women,False,True,False,Support / Search Term,Support,,English search keyword for adjacent #MeToo and gender-based violence coverage. Translation/Gloss: violence against women.,regex,(?:^|[^\p{L}\p{N}_])violence\ against\ women(?:[^\p{L}\p{N}_]|$)
Mayotte,#BalanceTonPorc,#BalanceTonPorc,BalanceTonPorc,balancetonporc,True,True,False,Support / Adjacent,Support,,French #MeToo-era hashtag for naming or denouncing perpetrators; also provoked public backlash debates. Translation/Gloss: Expose/denounce your pig.,regex,(?:^|[^\p{L}\p{N}_])balancetonporc(?:[^\p{L}\p{N}_]|$)
Mayotte,#HimToo,#HimToo,HimToo,himtoo,True,True,False,Backlash / Counter,Backlash,,Major counter-/backlash hashtag that recast #MeToo through false-accusation or accused-men-as-victims narratives; included as a global backlash search term. Translation/Gloss: Him too.,regex,(?:^|[^\p{L}\p{N}_])himtoo(?:[^\p{L}\p{N}_]|$)
Mayotte,#MeToo,#MeToo,MeToo,metoo,True,True,False,Support / Global,Support,,Baseline global #MeToo hashtag; included for every country/territory as the common cross-border search term. Translation/Gloss: Me too.,regex,(?:^|[^\p{L}\p{N}_])metoo(?:[^\p{L}\p{N}_]|$)
Mayotte,#MoiAussi,#MoiAussi,MoiAussi,moiaussi,True,True,False,Support / Translation,Support,,"French-language equivalent of #MeToo, documented in Canada/Francophone coverage. Translation/Gloss: Me too.",regex,(?:^|[^\p{L}\p{N}_])moiaussi(?:[^\p{L}\p{N}_]|$)
Mayotte,#NousToutes,#NousToutes,NousToutes,noustoutes,True,True,False,Support / Adjacent,Support,,French feminist collective/hashtag after #MeToo and #BalanceTonPorc focused on violence against women. Translation/Gloss: All of us women.,regex,(?:^|[^\p{L}\p{N}_])noustoutes(?:[^\p{L}\p{N}_]|$)
Mayotte,harcèlement sexuel,harcèlement sexuel,harcèlement sexuel,harcèlement sexuel,False,False,False,Support / Search Term,Support,,French publication/search keyword. Translation/Gloss: sexual harassment.,regex,(?:^|[^\p{L}\p{N}_])harcèlement\ sexuel(?:[^\p{L}\p{N}_]|$)
Mexico,#Cuéntalo,#Cuéntalo,Cuéntalo,cuéntalo,True,False,False,Support / Adjacent,Support,,Spanish testimony hashtag associated especially with Spain and the La Manada reckoning; useful across Spanish-language searches. Translation/Gloss: Tell it / tell your story.,regex,(?:^|[^\p{L}\p{N}_])cuéntalo(?:[^\p{L}\p{N}_]|$)
Mexico,#HimToo,#HimToo,HimToo,himtoo,True,True,False,Backlash / Counter,Backlash,,Major counter-/backlash hashtag that recast #MeToo through false-accusation or accused-men-as-victims narratives; included as a global backlash search term. Translation/Gloss: Him too.,regex,(?:^|[^\p{L}\p{N}_])himtoo(?:[^\p{L}\p{N}_]|$)
Mexico,#MeToo,#MeToo,MeToo,metoo,True,True,False,Support / Global,Support,,Baseline global #MeToo hashtag; included for every country/territory as the common cross-border search term. Translation/Gloss: Me too.,regex,(?:^|[^\p{L}\p{N}_])metoo(?:[^\p{L}\p{N}_]|$)
Mexico,#MeTooAcadémicosMx,#MeTooAcadémicosMx,MeTooAcadémicosMx,metooacadémicosmx,True,False,False,Support / Sectoral,Support,,Mexico: academic-sector hashtag used in the 2019 Mexican #MeToo wave. Translation/Gloss: MeToo Mexican academics.,regex,(?:^|[^\p{L}\p{N}_])metooacadémicosmx(?:[^\p{L}\p{N}_]|$)
Mexico,#MeTooCineMexicano,#MeTooCineMexicano,MeTooCineMexicano,metoocinemexicano,True,True,False,Support / Sectoral,Support,,Mexico: film-sector hashtag in the broader Mexican #MeToo cascade. Translation/Gloss: MeToo Mexican cinema.,regex,(?:^|[^\p{L}\p{N}_])metoocinemexicano(?:[^\p{L}\p{N}_]|$)
Mexico,#MeTooEscritoresMexicanos,#MeTooEscritoresMexicanos,MeTooEscritoresMexicanos,metooescritoresmexicanos,True,True,False,Support / Sectoral,Support,,Mexico: literary-sector disclosures sparked a cascade of sectoral #MeToo hashtags. Translation/Gloss: MeToo Mexican writers.,regex,(?:^|[^\p{L}\p{N}_])metooescritoresmexicanos(?:[^\p{L}\p{N}_]|$)
Mexico,#MeTooEscritoresMexicanos (+ sectoral #MeTooMx),#MeTooEscritoresMexicanos (+ sectoral #MeTooMx),MeTooEscritoresMexicanos (+ sectoral #MeTooMx),metooescritoresmexicanos (+ sectoral #metoomx),True,True,False,Support,Support,,"Mar 2019 sectoral wave (writers, journalists, academics, film). Musician Armando Vega Gil died by suicide after an anonymous accusation - became the flashpoint for backlash against anonymous naming.",regex,(?:^|[^\p{L}\p{N}_])metooescritoresmexicanos\ \(\+\ sectoral\ \#metoomx\)(?:[^\p{L}\p{N}_]|$)
Mexico,#MeTooMX,#MeTooMX,MeTooMX,metoomx,True,True,False,Support,Support,,"Took hold through industry-specific splinter accounts, focusing heavily on exposing abusers in journalism, literature, and the arts.",regex,(?:^|[^\p{L}\p{N}_])metoomx(?:[^\p{L}\p{N}_]|$)
Mexico,#MeTooPeriodistasMexicanos,#MeTooPeriodistasMexicanos,MeTooPeriodistasMexicanos,metooperiodistasmexicanos,True,True,False,Support / Sectoral,Support,,Mexico: journalism-sector disclosures followed the literary-sector #MeToo wave. Translation/Gloss: MeToo Mexican journalists.,regex,(?:^|[^\p{L}\p{N}_])metooperiodistasmexicanos(?:[^\p{L}\p{N}_]|$)
Mexico,#MiPrimerAcoso,#MiPrimerAcoso,MiPrimerAcoso,miprimeracoso,True,True,False,Support,Support,,"'My first harassment', Apr 2016, launched after the assault on journalist Andrea Noel - major precursor.",regex,(?:^|[^\p{L}\p{N}_])miprimeracoso(?:[^\p{L}\p{N}_]|$)
Mexico,#MujeresJuntasMarabunta,#MujeresJuntasMarabunta,MujeresJuntasMarabunta,mujeresjuntasmarabunta,True,True,False,Support / Adjacent,Support,,Mexico: collective announced after #MeTooEscritoresMexicanos to confront machista violence in cultural fields. Translation/Gloss: Women together / swarm.,regex,(?:^|[^\p{L}\p{N}_])mujeresjuntasmarabunta(?:[^\p{L}\p{N}_]|$)
Mexico,#NiUnaMenos,#NiUnaMenos,NiUnaMenos,niunamenos,True,True,False,Support / Adjacent,Support,,Latin American movement against femicide and violence against women; often overlaps with #MeToo-adjacent activism. Translation/Gloss: Not one woman less.,regex,(?:^|[^\p{L}\p{N}_])niunamenos(?:[^\p{L}\p{N}_]|$)
Mexico,#NoMeCuidanMeViolan,#NoMeCuidanMeViolan,NoMeCuidanMeViolan,nomecuidanmeviolan,True,True,False,Support,Support,,"'They don't protect me, they rape me', Aug 2019 glitter protests after police rape allegations in CDMX.",regex,(?:^|[^\p{L}\p{N}_])nomecuidanmeviolan(?:[^\p{L}\p{N}_]|$)
Mexico,#SiMeMatan,#SiMeMatan,SiMeMatan,simematan,True,True,False,Support,Support,,"'If they kill me', May 2017, after authorities victim-blamed murdered student Lesvy Berlín Rivera.",regex,(?:^|[^\p{L}\p{N}_])simematan(?:[^\p{L}\p{N}_]|$)
Mexico,#UnDiaSinNosotras,#UnDiaSinNosotras,UnDiaSinNosotras,undiasinnosotras,True,True,False,Support,Support,,"Mar 9 2020 national women's strike after femicides (Ingrid Escamilla, Fátima).",regex,(?:^|[^\p{L}\p{N}_])undiasinnosotras(?:[^\p{L}\p{N}_]|$)
Mexico,#YoSíTeCreo,#YoSíTeCreo,YoSíTeCreo,yosítecreo,True,False,False,Support / Solidarity,Support,,Spanish solidarity tag/phrase used around sexual-violence testimony and belief of survivors. Translation/Gloss: I do believe you.,regex,(?:^|[^\p{L}\p{N}_])yosítecreo(?:[^\p{L}\p{N}_]|$)
Mexico,#YoTambién,#YoTambién,YoTambién,yotambién,True,False,False,Support / Translation,Support,,Spanish-language equivalent of #MeToo; documented in global/regional lists. Translation/Gloss: Me too.,regex,(?:^|[^\p{L}\p{N}_])yotambién(?:[^\p{L}\p{N}_]|$)
Mexico,AMLO vs feministas / denuncias anónimas,AMLO vs feministas,AMLO vs feministas,amlo vs feministas,False,True,False,Backlash,Backlash,,President López Obrador's dismissals of feminist protests plus post-Vega Gil criticism of anonymous accusations form the main backlash discourse.,regex,(?:^|[^\p{L}\p{N}_])amlo\ vs\ feministas(?:[^\p{L}\p{N}_]|$)
Mexico,AMLO vs feministas / denuncias anónimas,denuncias anónimas,denuncias anónimas,denuncias anónimas,False,False,False,Backlash,Backlash,,President López Obrador's dismissals of feminist protests plus post-Vega Gil criticism of anonymous accusations form the main backlash discourse.,regex,(?:^|[^\p{L}\p{N}_])denuncias\ anónimas(?:[^\p{L}\p{N}_]|$)
Mexico,acoso sexual,acoso sexual,acoso sexual,acoso sexual,False,True,False,Support / Search Term,Support,,Spanish publication/search keyword. Translation/Gloss: sexual harassment.,regex,(?:^|[^\p{L}\p{N}_])acoso\ sexual(?:[^\p{L}\p{N}_]|$)
Moldova,#HimToo,#HimToo,HimToo,himtoo,True,True,False,Backlash / Counter,Backlash,,Major counter-/backlash hashtag that recast #MeToo through false-accusation or accused-men-as-victims narratives; included as a global backlash search term. Translation/Gloss: Him too.,regex,(?:^|[^\p{L}\p{N}_])himtoo(?:[^\p{L}\p{N}_]|$)
Moldova,#MeToo,#MeToo,MeToo,metoo,True,True,False,Support / Global,Support,,Baseline global #MeToo hashtag; included for every country/territory as the common cross-border search term. Translation/Gloss: Me too.,regex,(?:^|[^\p{L}\p{N}_])metoo(?:[^\p{L}\p{N}_]|$)
Moldova,#ȘiEu,#ȘiEu,ȘiEu,șieu,True,False,False,Support / Translation,Support,,Romanian equivalent of #MeToo. Translation/Gloss: Me too.,regex,(?:^|[^\p{L}\p{N}_])șieu(?:[^\p{L}\p{N}_]|$)
Moldova,hărțuire sexuală,hărțuire sexuală,hărțuire sexuală,hărțuire sexuală,False,False,False,Support / Search Term,Support,,Romanian publication/search keyword. Translation/Gloss: sexual harassment.,regex,(?:^|[^\p{L}\p{N}_])hărțuire\ sexuală(?:[^\p{L}\p{N}_]|$)
Monaco,#BalanceTonPorc,#BalanceTonPorc,BalanceTonPorc,balancetonporc,True,True,False,Support / Adjacent,Support,,French #MeToo-era hashtag for naming or denouncing perpetrators; also provoked public backlash debates. Translation/Gloss: Expose/denounce your pig.,regex,(?:^|[^\p{L}\p{N}_])balancetonporc(?:[^\p{L}\p{N}_]|$)
Monaco,#HimToo,#HimToo,HimToo,himtoo,True,True,False,Backlash / Counter,Backlash,,Major counter-/backlash hashtag that recast #MeToo through false-accusation or accused-men-as-victims narratives; included as a global backlash search term. Translation/Gloss: Him too.,regex,(?:^|[^\p{L}\p{N}_])himtoo(?:[^\p{L}\p{N}_]|$)
Monaco,#MeToo,#MeToo,MeToo,metoo,True,True,False,Support / Global,Support,,Baseline global #MeToo hashtag; included for every country/territory as the common cross-border search term. Translation/Gloss: Me too.,regex,(?:^|[^\p{L}\p{N}_])metoo(?:[^\p{L}\p{N}_]|$)
Monaco,#MoiAussi,#MoiAussi,MoiAussi,moiaussi,True,True,False,Support / Translation,Support,,"French-language equivalent of #MeToo, documented in Canada/Francophone coverage. Translation/Gloss: Me too.",regex,(?:^|[^\p{L}\p{N}_])moiaussi(?:[^\p{L}\p{N}_]|$)
Monaco,#NousToutes,#NousToutes,NousToutes,noustoutes,True,True,False,Support / Adjacent,Support,,French feminist collective/hashtag after #MeToo and #BalanceTonPorc focused on violence against women. Translation/Gloss: All of us women.,regex,(?:^|[^\p{L}\p{N}_])noustoutes(?:[^\p{L}\p{N}_]|$)
Monaco,harcèlement sexuel,harcèlement sexuel,harcèlement sexuel,harcèlement sexuel,False,False,False,Support / Search Term,Support,,French publication/search keyword. Translation/Gloss: sexual harassment.,regex,(?:^|[^\p{L}\p{N}_])harcèlement\ sexuel(?:[^\p{L}\p{N}_]|$)
Mongolia,#HimToo,#HimToo,HimToo,himtoo,True,True,False,Backlash / Counter,Backlash,,Major counter-/backlash hashtag that recast #MeToo through false-accusation or accused-men-as-victims narratives; included as a global backlash search term. Translation/Gloss: Him too.,regex,(?:^|[^\p{L}\p{N}_])himtoo(?:[^\p{L}\p{N}_]|$)
Mongolia,#MeToo,#MeToo,MeToo,metoo,True,True,False,Support / Global,Support,,Baseline global #MeToo hashtag; included for every country/territory as the common cross-border search term. Translation/Gloss: Me too.,regex,(?:^|[^\p{L}\p{N}_])metoo(?:[^\p{L}\p{N}_]|$)
Mongolia,#MeToo (limited),#MeToo (limited),MeToo (limited),metoo (limited),True,True,False,Support,Support,,Scattered 2018 usage reported; no well-documented sustained national wave - verify in corpus before weighting.,regex,(?:^|[^\p{L}\p{N}_])metoo\ \(limited\)(?:[^\p{L}\p{N}_]|$)
Mongolia,#БиЧБас,#БиЧБас,БиЧБас,бичбас,True,False,False,Support / Translation,Support,,Mongolian equivalent/search term for #MeToo. Translation/Gloss: Me too.,substr,
Mongolia,бэлгийн дарамт,бэлгийн дарамт,бэлгийн дарамт,бэлгийн дарамт,False,False,False,Support / Search Term,Support,,Mongolian publication/search keyword. Translation/Gloss: sexual harassment.,substr,
Montenegro,#HimToo,#HimToo,HimToo,himtoo,True,True,False,Backlash / Counter,Backlash,,Major counter-/backlash hashtag that recast #MeToo through false-accusation or accused-men-as-victims narratives; included as a global backlash search term. Translation/Gloss: Him too.,regex,(?:^|[^\p{L}\p{N}_])himtoo(?:[^\p{L}\p{N}_]|$)
Montenegro,#MeToo,#MeToo,MeToo,metoo,True,True,False,Support / Global,Support,,Baseline global #MeToo hashtag; included for every country/territory as the common cross-border search term. Translation/Gloss: Me too.,regex,(?:^|[^\p{L}\p{N}_])metoo(?:[^\p{L}\p{N}_]|$)
Montenegro,#NisamTražila,#NisamTražila,NisamTražila,nisamtražila,True,False,False,Support / Adjacent,Support,,Western Balkan survivor-support initiative responding to sexual violence disclosures. Translation/Gloss: I didn't ask for it.,regex,(?:^|[^\p{L}\p{N}_])nisamtražila(?:[^\p{L}\p{N}_]|$)
Montenegro,#nisamprijavila,#nisamprijavila,nisamprijavila,nisamprijavila,True,True,False,Support / Adjacent,Support,,Western Balkan hashtag where women recounted sexual abuse/harassment and barriers to reporting. Translation/Gloss: I did not report.,regex,(?:^|[^\p{L}\p{N}_])nisamprijavila(?:[^\p{L}\p{N}_]|$)
Montenegro,seksualno uznemiravanje,seksualno uznemiravanje,seksualno uznemiravanje,seksualno uznemiravanje,False,True,False,Support / Search Term,Support,,Bosnian/Croatian/Serbian search keyword. Translation/Gloss: sexual harassment.,regex,(?:^|[^\p{L}\p{N}_])seksualno\ uznemiravanje(?:[^\p{L}\p{N}_]|$)
Montserrat,#BelieveWomen,#BelieveWomen,BelieveWomen,believewomen,True,True,False,Support / Solidarity,Support,,Survivor-belief and anti-victim-blaming phrase used in #MeToo-related discourse. Translation/Gloss: Believe women.,regex,(?:^|[^\p{L}\p{N}_])believewomen(?:[^\p{L}\p{N}_]|$)
Montserrat,#HimToo,#HimToo,HimToo,himtoo,True,True,False,Backlash / Counter,Backlash,,Major counter-/backlash hashtag that recast #MeToo through false-accusation or accused-men-as-victims narratives; included as a global backlash search term. Translation/Gloss: Him too.,regex,(?:^|[^\p{L}\p{N}_])himtoo(?:[^\p{L}\p{N}_]|$)
Montserrat,#MeToo,#MeToo,MeToo,metoo,True,True,False,Support / Global,Support,,Baseline global #MeToo hashtag; included for every country/territory as the common cross-border search term. Translation/Gloss: Me too.,regex,(?:^|[^\p{L}\p{N}_])metoo(?:[^\p{L}\p{N}_]|$)
Montserrat,#TimesUp,#TimesUp,TimesUp,timesup,True,True,False,Support / Solidarity,Support,,Transnational accountability and anti-harassment hashtag frequently paired with #MeToo. Translation/Gloss: Time is up.,regex,(?:^|[^\p{L}\p{N}_])timesup(?:[^\p{L}\p{N}_]|$)
Montserrat,sexual harassment,sexual harassment,sexual harassment,sexual harassment,False,True,False,Support / Search Term,Support,,English search keyword for #MeToo-related social-media and publication searches. Translation/Gloss: sexual harassment.,regex,(?:^|[^\p{L}\p{N}_])sexual\ harassment(?:[^\p{L}\p{N}_]|$)
Montserrat,violence against women,violence against women,violence against women,violence against women,False,True,False,Support / Search Term,Support,,English search keyword for adjacent #MeToo and gender-based violence coverage. Translation/Gloss: violence against women.,regex,(?:^|[^\p{L}\p{N}_])violence\ against\ women(?:[^\p{L}\p{N}_]|$)
Morocco,#HimToo,#HimToo,HimToo,himtoo,True,True,False,Backlash / Counter,Backlash,,Major counter-/backlash hashtag that recast #MeToo through false-accusation or accused-men-as-victims narratives; included as a global backlash search term. Translation/Gloss: Him too.,regex,(?:^|[^\p{L}\p{N}_])himtoo(?:[^\p{L}\p{N}_]|$)
Morocco,#Masaktach,#Masaktach,Masaktach,masaktach,True,True,False,Support,Support,,"'I will not be silent', Oct 2018, after the Khadija Okkarou kidnapping/torture case; campaign also targeted radio play of singer Saad Lamjarred (charged with rape in France, later convicted).",regex,(?:^|[^\p{L}\p{N}_])masaktach(?:[^\p{L}\p{N}_]|$)
Morocco,#MeToo,#MeToo,MeToo,metoo,True,True,False,Support / Global,Support,,Baseline global #MeToo hashtag; included for every country/territory as the common cross-border search term. Translation/Gloss: Me too.,regex,(?:^|[^\p{L}\p{N}_])metoo(?:[^\p{L}\p{N}_]|$)
Morocco,#MosqueMeToo,#MosqueMeToo,MosqueMeToo,mosquemetoo,True,True,False,Support / Adjacent,Support,,"Hashtag for Muslim women's accounts of harassment/abuse during Hajj, in mosques, or in religious spaces. Translation/Gloss: MeToo in mosque/Hajj contexts.",regex,(?:^|[^\p{L}\p{N}_])mosquemetoo(?:[^\p{L}\p{N}_]|$)
Morocco,#أنا_أيضا,#أنا_أيضا,أنا_أيضا,أنا_أيضا,True,False,False,Support / Translation,Support,,Formal Arabic equivalent of #MeToo. Translation/Gloss: Me too / I also.,substr,
Morocco,#أنا_كمان,#أنا_كمان,أنا_كمان,أنا_كمان,True,False,False,Support / Translation,Support,,Arabic #MeToo counterpart used across Arabic-speaking social media. Translation/Gloss: Me too.,substr,
Morocco,Saad Lamjarred / Khadija Okkarou,Saad Lamjarred,Saad Lamjarred,saad lamjarred,False,True,False,Support / Cases,Support,,The two anchor cases of the Moroccan wave; heavy victim-blaming of Khadija = backlash thread.,regex,(?:^|[^\p{L}\p{N}_])saad\ lamjarred(?:[^\p{L}\p{N}_]|$)
Morocco,Saad Lamjarred / Khadija Okkarou,Khadija Okkarou,Khadija Okkarou,khadija okkarou,False,True,False,Support / Cases,Support,,The two anchor cases of the Moroccan wave; heavy victim-blaming of Khadija = backlash thread.,regex,(?:^|[^\p{L}\p{N}_])khadija\ okkarou(?:[^\p{L}\p{N}_]|$)
Morocco,التحرش_الجنسي,التحرش_الجنسي,التحرش_الجنسي,التحرش_الجنسي,False,False,False,Support / Search Term,Support,,Arabic publication/search keyword. Translation/Gloss: sexual harassment.,substr,
Morocco,العنف_ضد_المرأة,العنف_ضد_المرأة,العنف_ضد_المرأة,العنف_ضد_المرأة,False,False,False,Support / Search Term,Support,,Arabic publication/search keyword. Translation/Gloss: violence against women.,substr,
Mozambique,#ChegaDeFiuFiu,#ChegaDeFiuFiu,ChegaDeFiuFiu,chegadefiufiu,True,True,False,Support / Adjacent,Support,,Brazil-origin anti-street-harassment campaign; relevant for Portuguese-language searches. Translation/Gloss: Enough with catcalling.,regex,(?:^|[^\p{L}\p{N}_])chegadefiufiu(?:[^\p{L}\p{N}_]|$)
Mozambique,#EuTambém,#EuTambém,EuTambém,eutambém,True,False,False,Support / Translation,Support,,Portuguese equivalent of #MeToo. Translation/Gloss: Me too.,regex,(?:^|[^\p{L}\p{N}_])eutambém(?:[^\p{L}\p{N}_]|$)
Mozambique,#HimToo,#HimToo,HimToo,himtoo,True,True,False,Backlash / Counter,Backlash,,Major counter-/backlash hashtag that recast #MeToo through false-accusation or accused-men-as-victims narratives; included as a global backlash search term. Translation/Gloss: Him too.,regex,(?:^|[^\p{L}\p{N}_])himtoo(?:[^\p{L}\p{N}_]|$)
Mozambique,#MeToo,#MeToo,MeToo,metoo,True,True,False,Support / Global,Support,,Baseline global #MeToo hashtag; included for every country/territory as the common cross-border search term. Translation/Gloss: Me too.,regex,(?:^|[^\p{L}\p{N}_])metoo(?:[^\p{L}\p{N}_]|$)
Mozambique,#PrimeiroAssédio,#PrimeiroAssédio,PrimeiroAssédio,primeiroassédio,True,False,False,Support / Adjacent,Support,,Brazil-origin hashtag where women shared first harassment experiences. Translation/Gloss: First harassment.,regex,(?:^|[^\p{L}\p{N}_])primeiroassédio(?:[^\p{L}\p{N}_]|$)
Mozambique,assédio sexual,assédio sexual,assédio sexual,assédio sexual,False,False,False,Support / Search Term,Support,,Portuguese publication/search keyword. Translation/Gloss: sexual harassment.,regex,(?:^|[^\p{L}\p{N}_])assédio\ sexual(?:[^\p{L}\p{N}_]|$)
Myanmar,#MeToo (limited),#MeToo (limited),MeToo (limited),metoo (limited),True,True,False,Support,Support,,Very limited uptake; activists used English tag; defamation risk suppresses naming.,regex,(?:^|[^\p{L}\p{N}_])metoo\ \(limited\)(?:[^\p{L}\p{N}_]|$)
Myanmar,#HimToo,#HimToo,HimToo,himtoo,True,True,False,Backlash / Counter,Backlash,,Major counter-/backlash hashtag that recast #MeToo through false-accusation or accused-men-as-victims narratives; included as a global backlash search term. Translation/Gloss: Him too.,regex,(?:^|[^\p{L}\p{N}_])himtoo(?:[^\p{L}\p{N}_]|$)
Myanmar,#MeToo,#MeToo,MeToo,metoo,True,True,False,Support / Global,Support,,Baseline global #MeToo hashtag; included for every country/territory as the common cross-border search term. Translation/Gloss: Me too.,regex,(?:^|[^\p{L}\p{N}_])metoo(?:[^\p{L}\p{N}_]|$)
Myanmar,လိင်ပိုင်းဆိုင်ရာ နှောင့်ယှက်မှု,လိင်ပိုင်းဆိုင်ရာ နှောင့်ယှက်မှု,လိင်ပိုင်းဆိုင်ရာ နှောင့်ယှက်မှု,လိင်ပိုင်းဆိုင်ရာ နှောင့်ယှက်မှု,False,False,False,Support / Search Term,Support,,Burmese publication/search keyword. Translation/Gloss: sexual harassment.,substr,
Namibia,#BelieveWomen,#BelieveWomen,BelieveWomen,believewomen,True,True,False,Support / Solidarity,Support,,Survivor-belief and anti-victim-blaming phrase used in #MeToo-related discourse. Translation/Gloss: Believe women.,regex,(?:^|[^\p{L}\p{N}_])believewomen(?:[^\p{L}\p{N}_]|$)
Namibia,#HimToo,#HimToo,HimToo,himtoo,True,True,False,Backlash / Counter,Backlash,,Major counter-/backlash hashtag that recast #MeToo through false-accusation or accused-men-as-victims narratives; included as a global backlash search term. Translation/Gloss: Him too.,regex,(?:^|[^\p{L}\p{N}_])himtoo(?:[^\p{L}\p{N}_]|$)
Namibia,#MeToo,#MeToo,MeToo,metoo,True,True,False,Support / Global,Support,,Baseline global #MeToo hashtag; included for every country/territory as the common cross-border search term. Translation/Gloss: Me too.,regex,(?:^|[^\p{L}\p{N}_])metoo(?:[^\p{L}\p{N}_]|$)
Namibia,#ShutItAllDown,#ShutItAllDown,ShutItAllDown,shutitalldown,True,True,False,Support,Support,,Oct 2020 youth-led protests against SGBV after the death of Shannon Wasserfall; demands for a state of emergency on femicide.,regex,(?:^|[^\p{L}\p{N}_])shutitalldown(?:[^\p{L}\p{N}_]|$)
Namibia,#TimesUp,#TimesUp,TimesUp,timesup,True,True,False,Support / Solidarity,Support,,Transnational accountability and anti-harassment hashtag frequently paired with #MeToo. Translation/Gloss: Time is up.,regex,(?:^|[^\p{L}\p{N}_])timesup(?:[^\p{L}\p{N}_]|$)
Namibia,sexual harassment,sexual harassment,sexual harassment,sexual harassment,False,True,False,Support / Search Term,Support,,English search keyword for #MeToo-related social-media and publication searches. Translation/Gloss: sexual harassment.,regex,(?:^|[^\p{L}\p{N}_])sexual\ harassment(?:[^\p{L}\p{N}_]|$)
Namibia,violence against women,violence against women,violence against women,violence against women,False,True,False,Support / Search Term,Support,,English search keyword for adjacent #MeToo and gender-based violence coverage. Translation/Gloss: violence against women.,regex,(?:^|[^\p{L}\p{N}_])violence\ against\ women(?:[^\p{L}\p{N}_]|$)
Nauru,#HimToo,#HimToo,HimToo,himtoo,True,True,False,Backlash / Counter,Backlash,,Major counter-/backlash hashtag that recast #MeToo through false-accusation or accused-men-as-victims narratives; included as a global backlash search term. Translation/Gloss: Him too.,regex,(?:^|[^\p{L}\p{N}_])himtoo(?:[^\p{L}\p{N}_]|$)
Nauru,#MeToo,#MeToo,MeToo,metoo,True,True,False,Support / Global,Support,,Baseline global #MeToo hashtag; included for every country/territory as the common cross-border search term. Translation/Gloss: Me too.,regex,(?:^|[^\p{L}\p{N}_])metoo(?:[^\p{L}\p{N}_]|$)
Nepal,#HimToo,#HimToo,HimToo,himtoo,True,True,False,Backlash / Counter,Backlash,,Major counter-/backlash hashtag that recast #MeToo through false-accusation or accused-men-as-victims narratives; included as a global backlash search term. Translation/Gloss: Him too.,regex,(?:^|[^\p{L}\p{N}_])himtoo(?:[^\p{L}\p{N}_]|$)
Nepal,#MeToo,#MeToo,MeToo,metoo,True,True,False,Support / Global,Support,,Baseline global #MeToo hashtag; included for every country/territory as the common cross-border search term. Translation/Gloss: Me too.,regex,(?:^|[^\p{L}\p{N}_])metoo(?:[^\p{L}\p{N}_]|$)
Nepal,#MeTooNepal,#MeTooNepal,MeTooNepal,metoonepal,True,True,False,Support / Localized,Support,,Nepal: local wave included allegations against Kathmandu mayor Keshav Sthapit and broader harassment disclosures. Translation/Gloss: MeToo Nepal.,regex,(?:^|[^\p{L}\p{N}_])metoonepal(?:[^\p{L}\p{N}_]|$)
Nepal,#RageAgainstRape / #JusticeForNirmala,#RageAgainstRape,RageAgainstRape,rageagainstrape,True,True,False,Support,Support,,2018: rape and murder of 13-year-old Nirmala Panta and botched police investigation sparked nationwide protests; #MeTooNepal wave followed in 2018-19 (theatre/media allegations).,regex,(?:^|[^\p{L}\p{N}_])rageagainstrape(?:[^\p{L}\p{N}_]|$)
Nepal,#RageAgainstRape / #JusticeForNirmala,#JusticeForNirmala,JusticeForNirmala,justicefornirmala,True,True,False,Support,Support,,2018: rape and murder of 13-year-old Nirmala Panta and botched police investigation sparked nationwide protests; #MeTooNepal wave followed in 2018-19 (theatre/media allegations).,regex,(?:^|[^\p{L}\p{N}_])justicefornirmala(?:[^\p{L}\p{N}_]|$)
Nepal,यौन उत्पीडन,यौन उत्पीडन,यौन उत्पीडन,यौन उत्पीडन,False,False,False,Support / Search Term,Support,,Nepali publication/search keyword. Translation/Gloss: sexual harassment.,substr,
Netherlands,#HimToo,#HimToo,HimToo,himtoo,True,True,False,Backlash / Counter,Backlash,,Major counter-/backlash hashtag that recast #MeToo through false-accusation or accused-men-as-victims narratives; included as a global backlash search term. Translation/Gloss: Him too.,regex,(?:^|[^\p{L}\p{N}_])himtoo(?:[^\p{L}\p{N}_]|$)
Netherlands,#IkOok,#IkOok,IkOok,ikook,True,True,False,Support / Translation,Support,,Dutch equivalent of #MeToo. Translation/Gloss: Me too.,regex,(?:^|[^\p{L}\p{N}_])ikook(?:[^\p{L}\p{N}_]|$)
Netherlands,#MeToo,#MeToo,MeToo,metoo,True,True,False,Support / Global,Support,,Baseline global #MeToo hashtag; included for every country/territory as the common cross-border search term. Translation/Gloss: Me too.,regex,(?:^|[^\p{L}\p{N}_])metoo(?:[^\p{L}\p{N}_]|$)
Netherlands,Johan Derksen,Johan Derksen,Johan Derksen,johan derksen,False,True,False,Backlash / Flashpoint,Backlash,,2022: TV pundit boasted about a past assault live on air; outrage crystallized the backlash-vs-accountability debate.,regex,(?:^|[^\p{L}\p{N}_])johan\ derksen(?:[^\p{L}\p{N}_]|$)
Netherlands,The Voice (BOOS exposé),The Voice (BOOS exposé),The Voice (BOOS exposé),the voice (boos exposé),False,False,False,Support / Watershed,Support,,"Jan 2022 BOOS YouTube investigation into abuse at The Voice of Holland (bandleader Jeroen Rietbergen, coach Ali B - later convicted); Dutch MeToo watershed. Earlier: casting director Job Gosschalk (2017); Ajax director Marc Overmars (2022).",regex,(?:^|[^\p{L}\p{N}_])the\ voice\ \(boos\ exposé\)(?:[^\p{L}\p{N}_]|$)
Netherlands,grensoverschrijdend gedrag,grensoverschrijdend gedrag,grensoverschrijdend gedrag,grensoverschrijdend gedrag,False,True,False,Support / Media Frame,Support,,'Transgressive behavior' - the dominant Dutch umbrella term; essential recall keyword.,regex,(?:^|[^\p{L}\p{N}_])grensoverschrijdend\ gedrag(?:[^\p{L}\p{N}_]|$)
Netherlands,seksuele intimidatie,seksuele intimidatie,seksuele intimidatie,seksuele intimidatie,False,True,False,Support / Search Term,Support,,Dutch publication/search keyword. Translation/Gloss: sexual harassment.,regex,(?:^|[^\p{L}\p{N}_])seksuele\ intimidatie(?:[^\p{L}\p{N}_]|$)
New Caledonia,#BalanceTonPorc,#BalanceTonPorc,BalanceTonPorc,balancetonporc,True,True,False,Support / Adjacent,Support,,French #MeToo-era hashtag for naming or denouncing perpetrators; also provoked public backlash debates. Translation/Gloss: Expose/denounce your pig.,regex,(?:^|[^\p{L}\p{N}_])balancetonporc(?:[^\p{L}\p{N}_]|$)
New Caledonia,#HimToo,#HimToo,HimToo,himtoo,True,True,False,Backlash / Counter,Backlash,,Major counter-/backlash hashtag that recast #MeToo through false-accusation or accused-men-as-victims narratives; included as a global backlash search term. Translation/Gloss: Him too.,regex,(?:^|[^\p{L}\p{N}_])himtoo(?:[^\p{L}\p{N}_]|$)
New Caledonia,#MeToo,#MeToo,MeToo,metoo,True,True,False,Support / Global,Support,,Baseline global #MeToo hashtag; included for every country/territory as the common cross-border search term. Translation/Gloss: Me too.,regex,(?:^|[^\p{L}\p{N}_])metoo(?:[^\p{L}\p{N}_]|$)
New Caledonia,#MoiAussi,#MoiAussi,MoiAussi,moiaussi,True,True,False,Support / Translation,Support,,"French-language equivalent of #MeToo, documented in Canada/Francophone coverage. Translation/Gloss: Me too.",regex,(?:^|[^\p{L}\p{N}_])moiaussi(?:[^\p{L}\p{N}_]|$)
New Caledonia,#NousToutes,#NousToutes,NousToutes,noustoutes,True,True,False,Support / Adjacent,Support,,French feminist collective/hashtag after #MeToo and #BalanceTonPorc focused on violence against women. Translation/Gloss: All of us women.,regex,(?:^|[^\p{L}\p{N}_])noustoutes(?:[^\p{L}\p{N}_]|$)
New Caledonia,harcèlement sexuel,harcèlement sexuel,harcèlement sexuel,harcèlement sexuel,False,False,False,Support / Search Term,Support,,French publication/search keyword. Translation/Gloss: sexual harassment.,regex,(?:^|[^\p{L}\p{N}_])harcèlement\ sexuel(?:[^\p{L}\p{N}_]|$)
New Zealand,#BelieveWomen,#BelieveWomen,BelieveWomen,believewomen,True,True,False,Support / Solidarity,Support,,Survivor-belief and anti-victim-blaming phrase used in #MeToo-related discourse. Translation/Gloss: Believe women.,regex,(?:^|[^\p{L}\p{N}_])believewomen(?:[^\p{L}\p{N}_]|$)
New Zealand,#HimToo,#HimToo,HimToo,himtoo,True,True,False,Backlash / Counter,Backlash,,Major counter-/backlash hashtag that recast #MeToo through false-accusation or accused-men-as-victims narratives; included as a global backlash search term. Translation/Gloss: Him too.,regex,(?:^|[^\p{L}\p{N}_])himtoo(?:[^\p{L}\p{N}_]|$)
New Zealand,#MeToo,#MeToo,MeToo,metoo,True,True,False,Support / Global,Support,,Baseline global #MeToo hashtag; included for every country/territory as the common cross-border search term. Translation/Gloss: Me too.,regex,(?:^|[^\p{L}\p{N}_])metoo(?:[^\p{L}\p{N}_]|$)
New Zealand,#MeTooNZ,#MeTooNZ,MeTooNZ,metoonz,True,True,False,Support,Support,,2018: journalist Alison Mau's #MeTooNZ investigation project; triggered by the Russell McVeagh law-firm scandal (Feb 2018).,regex,(?:^|[^\p{L}\p{N}_])metoonz(?:[^\p{L}\p{N}_]|$)
New Zealand,#TimesUp,#TimesUp,TimesUp,timesup,True,True,False,Support / Solidarity,Support,,Transnational accountability and anti-harassment hashtag frequently paired with #MeToo. Translation/Gloss: Time is up.,regex,(?:^|[^\p{L}\p{N}_])timesup(?:[^\p{L}\p{N}_]|$)
New Zealand,sexual harassment,sexual harassment,sexual harassment,sexual harassment,False,True,False,Support / Search Term,Support,,English search keyword for #MeToo-related social-media and publication searches. Translation/Gloss: sexual harassment.,regex,(?:^|[^\p{L}\p{N}_])sexual\ harassment(?:[^\p{L}\p{N}_]|$)
New Zealand,violence against women,violence against women,violence against women,violence against women,False,True,False,Support / Search Term,Support,,English search keyword for adjacent #MeToo and gender-based violence coverage. Translation/Gloss: violence against women.,regex,(?:^|[^\p{L}\p{N}_])violence\ against\ women(?:[^\p{L}\p{N}_]|$)
Nicaragua,#Cuéntalo,#Cuéntalo,Cuéntalo,cuéntalo,True,False,False,Support / Adjacent,Support,,Spanish testimony hashtag associated especially with Spain and the La Manada reckoning; useful across Spanish-language searches. Translation/Gloss: Tell it / tell your story.,regex,(?:^|[^\p{L}\p{N}_])cuéntalo(?:[^\p{L}\p{N}_]|$)
Nicaragua,#HimToo,#HimToo,HimToo,himtoo,True,True,False,Backlash / Counter,Backlash,,Major counter-/backlash hashtag that recast #MeToo through false-accusation or accused-men-as-victims narratives; included as a global backlash search term. Translation/Gloss: Him too.,regex,(?:^|[^\p{L}\p{N}_])himtoo(?:[^\p{L}\p{N}_]|$)
Nicaragua,#MeToo,#MeToo,MeToo,metoo,True,True,False,Support / Global,Support,,Baseline global #MeToo hashtag; included for every country/territory as the common cross-border search term. Translation/Gloss: Me too.,regex,(?:^|[^\p{L}\p{N}_])metoo(?:[^\p{L}\p{N}_]|$)
Nicaragua,#NiUnaMenos,#NiUnaMenos,NiUnaMenos,niunamenos,True,True,False,Support / Adjacent,Support,,Latin American movement against femicide and violence against women; often overlaps with #MeToo-adjacent activism. Translation/Gloss: Not one woman less.,regex,(?:^|[^\p{L}\p{N}_])niunamenos(?:[^\p{L}\p{N}_]|$)
Nicaragua,#YoSíTeCreo,#YoSíTeCreo,YoSíTeCreo,yosítecreo,True,False,False,Support / Solidarity,Support,,Spanish solidarity tag/phrase used around sexual-violence testimony and belief of survivors. Translation/Gloss: I do believe you.,regex,(?:^|[^\p{L}\p{N}_])yosítecreo(?:[^\p{L}\p{N}_]|$)
Nicaragua,#YoTambién,#YoTambién,YoTambién,yotambién,True,False,False,Support / Translation,Support,,Spanish-language equivalent of #MeToo; documented in global/regional lists. Translation/Gloss: Me too.,regex,(?:^|[^\p{L}\p{N}_])yotambién(?:[^\p{L}\p{N}_]|$)
Nicaragua,Zoilamérica Narváez,Zoilamérica Narváez,Zoilamérica Narváez,zoilamérica narváez,False,False,False,Support / Foundational Case,Support,,1998: accused stepfather Daniel Ortega of sexual abuse; case revisited during MeToo; current repression suppresses domestic mobilization.,regex,(?:^|[^\p{L}\p{N}_])zoilamérica\ narváez(?:[^\p{L}\p{N}_]|$)
Nicaragua,acoso sexual,acoso sexual,acoso sexual,acoso sexual,False,True,False,Support / Search Term,Support,,Spanish publication/search keyword. Translation/Gloss: sexual harassment.,regex,(?:^|[^\p{L}\p{N}_])acoso\ sexual(?:[^\p{L}\p{N}_]|$)
Niger,#BalanceTonPorc,#BalanceTonPorc,BalanceTonPorc,balancetonporc,True,True,False,Support / Adjacent,Support,,French #MeToo-era hashtag for naming or denouncing perpetrators; also provoked public backlash debates. Translation/Gloss: Expose/denounce your pig.,regex,(?:^|[^\p{L}\p{N}_])balancetonporc(?:[^\p{L}\p{N}_]|$)
Niger,#HimToo,#HimToo,HimToo,himtoo,True,True,False,Backlash / Counter,Backlash,,Major counter-/backlash hashtag that recast #MeToo through false-accusation or accused-men-as-victims narratives; included as a global backlash search term. Translation/Gloss: Him too.,regex,(?:^|[^\p{L}\p{N}_])himtoo(?:[^\p{L}\p{N}_]|$)
Niger,#MeToo,#MeToo,MeToo,metoo,True,True,False,Support / Global,Support,,Baseline global #MeToo hashtag; included for every country/territory as the common cross-border search term. Translation/Gloss: Me too.,regex,(?:^|[^\p{L}\p{N}_])metoo(?:[^\p{L}\p{N}_]|$)
Niger,#MoiAussi,#MoiAussi,MoiAussi,moiaussi,True,True,False,Support / Translation,Support,,"French-language equivalent of #MeToo, documented in Canada/Francophone coverage. Translation/Gloss: Me too.",regex,(?:^|[^\p{L}\p{N}_])moiaussi(?:[^\p{L}\p{N}_]|$)
Niger,#NousToutes,#NousToutes,NousToutes,noustoutes,True,True,False,Support / Adjacent,Support,,French feminist collective/hashtag after #MeToo and #BalanceTonPorc focused on violence against women. Translation/Gloss: All of us women.,regex,(?:^|[^\p{L}\p{N}_])noustoutes(?:[^\p{L}\p{N}_]|$)
Niger,harcèlement sexuel,harcèlement sexuel,harcèlement sexuel,harcèlement sexuel,False,False,False,Support / Search Term,Support,,French publication/search keyword. Translation/Gloss: sexual harassment.,regex,(?:^|[^\p{L}\p{N}_])harcèlement\ sexuel(?:[^\p{L}\p{N}_]|$)
Nigeria,#ArewaMeToo,#ArewaMeToo,ArewaMeToo,arewametoo,True,True,False,Support / Localized,Support,,Nigeria: Fakhriyyah Hashim coined #ArewaMeToo to break silence on sexual violence in northern Nigeria. Translation/Gloss: Northern Nigeria MeToo.,regex,(?:^|[^\p{L}\p{N}_])arewametoo(?:[^\p{L}\p{N}_]|$)
Nigeria,#BeingFemaleInNigeria / #MarketMarch,#BeingFemaleInNigeria,BeingFemaleInNigeria,beingfemaleinnigeria,True,True,False,Support,Support,,2015 everyday-sexism precursor; Dec 2018+ marches against groping in Lagos markets.,regex,(?:^|[^\p{L}\p{N}_])beingfemaleinnigeria(?:[^\p{L}\p{N}_]|$)
Nigeria,#BeingFemaleInNigeria / #MarketMarch,#MarketMarch,MarketMarch,marketmarch,True,True,False,Support,Support,,2015 everyday-sexism precursor; Dec 2018+ marches against groping in Lagos markets.,regex,(?:^|[^\p{L}\p{N}_])marketmarch(?:[^\p{L}\p{N}_]|$)
Nigeria,#BelieveWomen,#BelieveWomen,BelieveWomen,believewomen,True,True,False,Support / Solidarity,Support,,Survivor-belief and anti-victim-blaming phrase used in #MeToo-related discourse. Translation/Gloss: Believe women.,regex,(?:^|[^\p{L}\p{N}_])believewomen(?:[^\p{L}\p{N}_]|$)
Nigeria,#HimToo,#HimToo,HimToo,himtoo,True,True,False,Backlash / Counter,Backlash,,Major counter-/backlash hashtag that recast #MeToo through false-accusation or accused-men-as-victims narratives; included as a global backlash search term. Translation/Gloss: Him too.,regex,(?:^|[^\p{L}\p{N}_])himtoo(?:[^\p{L}\p{N}_]|$)
Nigeria,#MeToo,#MeToo,MeToo,metoo,True,True,False,Support / Global,Support,,Baseline global #MeToo hashtag; included for every country/territory as the common cross-border search term. Translation/Gloss: Me too.,regex,(?:^|[^\p{L}\p{N}_])metoo(?:[^\p{L}\p{N}_]|$)
Nigeria,#SexForGrades,#SexForGrades,SexForGrades,sexforgrades,True,True,False,Support / Adjacent,Support,,Nigeria/West Africa: tag and journalism investigations around sexual coercion in universities; overlaps with #MeToo themes. Translation/Gloss: Sex-for-grades harassment.,regex,(?:^|[^\p{L}\p{N}_])sexforgrades(?:[^\p{L}\p{N}_]|$)
Nigeria,#TimesUp,#TimesUp,TimesUp,timesup,True,True,False,Support / Solidarity,Support,,Transnational accountability and anti-harassment hashtag frequently paired with #MeToo. Translation/Gloss: Time is up.,regex,(?:^|[^\p{L}\p{N}_])timesup(?:[^\p{L}\p{N}_]|$)
Nigeria,#WeAreTired / #JusticeForUwa,#WeAreTired,WeAreTired,wearetired,True,True,False,Support,Support,,June 2020 outcry after the rape/murder of student Uwa Omozuwa in a church; governors declared state of emergency on rape.,regex,(?:^|[^\p{L}\p{N}_])wearetired(?:[^\p{L}\p{N}_]|$)
Nigeria,#WeAreTired / #JusticeForUwa,#JusticeForUwa,JusticeForUwa,justiceforuwa,True,True,False,Support,Support,,June 2020 outcry after the rape/murder of student Uwa Omozuwa in a church; governors declared state of emergency on rape.,regex,(?:^|[^\p{L}\p{N}_])justiceforuwa(?:[^\p{L}\p{N}_]|$)
Nigeria,Busola Dakolo / COZA,Busola Dakolo,Busola Dakolo,busola dakolo,False,True,False,Support / Case,Support,,June 2019: Busola Dakolo accused COZA pastor Biodun Fatoyinbo of rape; protests at his megachurch; #ChurchToo resonance.,regex,(?:^|[^\p{L}\p{N}_])busola\ dakolo(?:[^\p{L}\p{N}_]|$)
Nigeria,Busola Dakolo / COZA,COZA,COZA,coza,False,True,False,Support / Case,Support,,June 2019: Busola Dakolo accused COZA pastor Biodun Fatoyinbo of rape; protests at his megachurch; #ChurchToo resonance.,regex,(?:^|[^\p{L}\p{N}_])coza(?:[^\p{L}\p{N}_]|$)
Nigeria,sexual harassment,sexual harassment,sexual harassment,sexual harassment,False,True,False,Support / Search Term,Support,,English search keyword for #MeToo-related social-media and publication searches. Translation/Gloss: sexual harassment.,regex,(?:^|[^\p{L}\p{N}_])sexual\ harassment(?:[^\p{L}\p{N}_]|$)
Nigeria,violence against women,violence against women,violence against women,violence against women,False,True,False,Support / Search Term,Support,,English search keyword for adjacent #MeToo and gender-based violence coverage. Translation/Gloss: violence against women.,regex,(?:^|[^\p{L}\p{N}_])violence\ against\ women(?:[^\p{L}\p{N}_]|$)
Niue,#HimToo,#HimToo,HimToo,himtoo,True,True,False,Backlash / Counter,Backlash,,Major counter-/backlash hashtag that recast #MeToo through false-accusation or accused-men-as-victims narratives; included as a global backlash search term. Translation/Gloss: Him too.,regex,(?:^|[^\p{L}\p{N}_])himtoo(?:[^\p{L}\p{N}_]|$)
Niue,#MeToo,#MeToo,MeToo,metoo,True,True,False,Support / Global,Support,,Baseline global #MeToo hashtag; included for every country/territory as the common cross-border search term. Translation/Gloss: Me too.,regex,(?:^|[^\p{L}\p{N}_])metoo(?:[^\p{L}\p{N}_]|$)
Norfolk Island,#HimToo,#HimToo,HimToo,himtoo,True,True,False,Backlash / Counter,Backlash,,Major counter-/backlash hashtag that recast #MeToo through false-accusation or accused-men-as-victims narratives; included as a global backlash search term. Translation/Gloss: Him too.,regex,(?:^|[^\p{L}\p{N}_])himtoo(?:[^\p{L}\p{N}_]|$)
Norfolk Island,#MeToo,#MeToo,MeToo,metoo,True,True,False,Support / Global,Support,,Baseline global #MeToo hashtag; included for every country/territory as the common cross-border search term. Translation/Gloss: Me too.,regex,(?:^|[^\p{L}\p{N}_])metoo(?:[^\p{L}\p{N}_]|$)
North Korea,#HimToo,#HimToo,HimToo,himtoo,True,True,False,Backlash / Counter,Backlash,,Major counter-/backlash hashtag that recast #MeToo through false-accusation or accused-men-as-victims narratives; included as a global backlash search term. Translation/Gloss: Him too.,regex,(?:^|[^\p{L}\p{N}_])himtoo(?:[^\p{L}\p{N}_]|$)
North Korea,#MeToo,#MeToo,MeToo,metoo,True,True,False,Support / Global,Support,,Baseline global #MeToo hashtag; included for every country/territory as the common cross-border search term. Translation/Gloss: Me too.,regex,(?:^|[^\p{L}\p{N}_])metoo(?:[^\p{L}\p{N}_]|$)
North Korea,#WithYou,#WithYou,WithYou,withyou,True,True,False,Support / Solidarity,Support,,South Korean survivor-support hashtag following #MeToo disclosures. Translation/Gloss: With you.,regex,(?:^|[^\p{L}\p{N}_])withyou(?:[^\p{L}\p{N}_]|$)
North Korea,#미투,#미투,미투,미투,True,False,True,Support / Translation,Support,,Korean #MeToo spelling used after prosecutor Seo Ji-hyun's disclosure.,substr,
North Korea,#영화계_내_성폭력,#영화계_내_성폭력,영화계_내_성폭력,영화계_내_성폭력,True,False,True,Support / Sectoral,Support,,Korean sectoral hashtag for arts/film-industry sexual violence. Translation/Gloss: sexual violence in the film industry.,substr,
North Korea,성희롱,성희롱,성희롱,성희롱,False,False,True,Support / Search Term,Support,,Korean publication/search keyword. Translation/Gloss: sexual harassment.,substr,
North Macedonia,#HimToo,#HimToo,HimToo,himtoo,True,True,False,Backlash / Counter,Backlash,,Major counter-/backlash hashtag that recast #MeToo through false-accusation or accused-men-as-victims narratives; included as a global backlash search term. Translation/Gloss: Him too.,regex,(?:^|[^\p{L}\p{N}_])himtoo(?:[^\p{L}\p{N}_]|$)
North Macedonia,#MeToo,#MeToo,MeToo,metoo,True,True,False,Support / Global,Support,,Baseline global #MeToo hashtag; included for every country/territory as the common cross-border search term. Translation/Gloss: Me too.,regex,(?:^|[^\p{L}\p{N}_])metoo(?:[^\p{L}\p{N}_]|$)
North Macedonia,#NisamTražila,#NisamTražila,NisamTražila,nisamtražila,True,False,False,Support / Adjacent,Support,,Western Balkan survivor-support initiative responding to sexual violence disclosures. Translation/Gloss: I didn't ask for it.,regex,(?:^|[^\p{L}\p{N}_])nisamtražila(?:[^\p{L}\p{N}_]|$)
North Macedonia,#nisamprijavila,#nisamprijavila,nisamprijavila,nisamprijavila,True,True,False,Support / Adjacent,Support,,Western Balkan hashtag where women recounted sexual abuse/harassment and barriers to reporting. Translation/Gloss: I did not report.,regex,(?:^|[^\p{L}\p{N}_])nisamprijavila(?:[^\p{L}\p{N}_]|$)
North Macedonia,#СегаКажувам,#СегаКажувам,СегаКажувам,сегакажувам,True,False,False,Support,Support,,"'I speak up now', Jan 2021, Macedonian arm of the Balkan wave.",substr,
North Macedonia,seksualno uznemiravanje,seksualno uznemiravanje,seksualno uznemiravanje,seksualno uznemiravanje,False,True,False,Support / Search Term,Support,,Bosnian/Croatian/Serbian search keyword. Translation/Gloss: sexual harassment.,regex,(?:^|[^\p{L}\p{N}_])seksualno\ uznemiravanje(?:[^\p{L}\p{N}_]|$)
North Macedonia,Јавна соба (Public Room),Јавна соба (Public Room),Јавна соба (Public Room),јавна соба (public room),False,False,False,Support / Case,Support,,"Telegram group (exposed 2020, resurfaced 2021) sharing women's and girls' images non-consensually; central national GBV scandal.",regex,(?:^|[^\p{L}\p{N}_])јавна\ соба\ \(public\ room\)(?:[^\p{L}\p{N}_]|$)
Northern Mariana Islands,#HimToo,#HimToo,HimToo,himtoo,True,True,False,Backlash / Counter,Backlash,,Major counter-/backlash hashtag that recast #MeToo through false-accusation or accused-men-as-victims narratives; included as a global backlash search term. Translation/Gloss: Him too.,regex,(?:^|[^\p{L}\p{N}_])himtoo(?:[^\p{L}\p{N}_]|$)
Northern Mariana Islands,#MeToo,#MeToo,MeToo,metoo,True,True,False,Support / Global,Support,,Baseline global #MeToo hashtag; included for every country/territory as the common cross-border search term. Translation/Gloss: Me too.,regex,(?:^|[^\p{L}\p{N}_])metoo(?:[^\p{L}\p{N}_]|$)
Norway,#HimToo,#HimToo,HimToo,himtoo,True,True,False,Backlash / Counter,Backlash,,Major counter-/backlash hashtag that recast #MeToo through false-accusation or accused-men-as-victims narratives; included as a global backlash search term. Translation/Gloss: Him too.,regex,(?:^|[^\p{L}\p{N}_])himtoo(?:[^\p{L}\p{N}_]|$)
Norway,#MeToo,#MeToo,MeToo,metoo,True,True,False,Support / Global,Support,,Baseline global #MeToo hashtag; included for every country/territory as the common cross-border search term. Translation/Gloss: Me too.,regex,(?:^|[^\p{L}\p{N}_])metoo(?:[^\p{L}\p{N}_]|$)
Norway,#nårdansenstopper,#nårdansenstopper,nårdansenstopper,nårdansenstopper,True,False,False,Support / Sectoral,Support,,Norway: dance-sector #MeToo-related hashtag reported with other Norwegian industry calls. Translation/Gloss: when the dance stops.,regex,(?:^|[^\p{L}\p{N}_])nårdansenstopper(?:[^\p{L}\p{N}_]|$)
Norway,#nårmusikkenstilner,#nårmusikkenstilner,nårmusikkenstilner,nårmusikkenstilner,True,False,False,Support / Sectoral,Support,,Norway: music-sector #MeToo-related hashtag reported with other Norwegian industry calls. Translation/Gloss: when the music falls silent.,regex,(?:^|[^\p{L}\p{N}_])nårmusikkenstilner(?:[^\p{L}\p{N}_]|$)
Norway,#stilleforopptak,#stilleforopptak,stilleforopptak,stilleforopptak,True,True,False,Support / Sectoral,Support,,Norwegian theatre/arts-sector #MeToo call against workplace sexual harassment. Translation/Gloss: quiet for recording.,regex,(?:^|[^\p{L}\p{N}_])stilleforopptak(?:[^\p{L}\p{N}_]|$)
Norway,Trond Giske,Trond Giske,Trond Giske,trond giske,False,True,False,Support / Case,Support,,Labour deputy leader resigned Jan 2018 over harassment complaints - Norway's biggest MeToo case; his repeated comeback attempts kept the debate alive.,regex,(?:^|[^\p{L}\p{N}_])trond\ giske(?:[^\p{L}\p{N}_]|$)
Norway,seksuell trakassering,seksuell trakassering,seksuell trakassering,seksuell trakassering,False,True,False,Support / Search Term,Support,,Norwegian publication/search keyword. Translation/Gloss: sexual harassment.,regex,(?:^|[^\p{L}\p{N}_])seksuell\ trakassering(?:[^\p{L}\p{N}_]|$)
Oman,#HimToo,#HimToo,HimToo,himtoo,True,True,False,Backlash / Counter,Backlash,,Major counter-/backlash hashtag that recast #MeToo through false-accusation or accused-men-as-victims narratives; included as a global backlash search term. Translation/Gloss: Him too.,regex,(?:^|[^\p{L}\p{N}_])himtoo(?:[^\p{L}\p{N}_]|$)
Oman,#MeToo,#MeToo,MeToo,metoo,True,True,False,Support / Global,Support,,Baseline global #MeToo hashtag; included for every country/territory as the common cross-border search term. Translation/Gloss: Me too.,regex,(?:^|[^\p{L}\p{N}_])metoo(?:[^\p{L}\p{N}_]|$)
Oman,#MosqueMeToo,#MosqueMeToo,MosqueMeToo,mosquemetoo,True,True,False,Support / Adjacent,Support,,"Hashtag for Muslim women's accounts of harassment/abuse during Hajj, in mosques, or in religious spaces. Translation/Gloss: MeToo in mosque/Hajj contexts.",regex,(?:^|[^\p{L}\p{N}_])mosquemetoo(?:[^\p{L}\p{N}_]|$)
Oman,#أنا_أيضا,#أنا_أيضا,أنا_أيضا,أنا_أيضا,True,False,False,Support / Translation,Support,,Formal Arabic equivalent of #MeToo. Translation/Gloss: Me too / I also.,substr,
Oman,#أنا_كمان,#أنا_كمان,أنا_كمان,أنا_كمان,True,False,False,Support / Translation,Support,,Arabic #MeToo counterpart used across Arabic-speaking social media. Translation/Gloss: Me too.,substr,
Oman,التحرش_الجنسي,التحرش_الجنسي,التحرش_الجنسي,التحرش_الجنسي,False,False,False,Support / Search Term,Support,,Arabic publication/search keyword. Translation/Gloss: sexual harassment.,substr,
Oman,العنف_ضد_المرأة,العنف_ضد_المرأة,العنف_ضد_المرأة,العنف_ضد_المرأة,False,False,False,Support / Search Term,Support,,Arabic publication/search keyword. Translation/Gloss: violence against women.,substr,
Oman,تحرش جنسي,تحرش جنسي,تحرش جنسي,تحرش جنسي,False,False,False,Support / Generic Term,Support,,No documented movement.,substr,
Pakistan,#AuratMarch / میرا جسم میری مرضی,#AuratMarch,AuratMarch,auratmarch,True,True,False,Support,Support,,"Women's Day marches from 2018; slogan 'Mera Jism Meri Marzi' (my body, my choice) drew furious conservative backlash, petitions to ban the march, and doctored-image blasphemy smears (2021).",regex,(?:^|[^\p{L}\p{N}_])auratmarch(?:[^\p{L}\p{N}_]|$)
Pakistan,#AuratMarch / میرا جسم میری مرضی,میرا جسم میری مرضی,میرا جسم میری مرضی,میرا جسم میری مرضی,False,False,False,Support,Support,,"Women's Day marches from 2018; slogan 'Mera Jism Meri Marzi' (my body, my choice) drew furious conservative backlash, petitions to ban the march, and doctored-image blasphemy smears (2021).",substr,
Pakistan,#FaceTheCourtMeeshaShafi,#FaceTheCourtMeeshaShafi,FaceTheCourtMeeshaShafi,facethecourtmeeshashafi,True,True,False,Backlash / Counter,Backlash,,Pakistan: defense/backlash-oriented hashtag used amid the Shafi/Zafar litigation and defamation battle. Translation/Gloss: Face the court.,regex,(?:^|[^\p{L}\p{N}_])facethecourtmeeshashafi(?:[^\p{L}\p{N}_]|$)
Pakistan,#HimToo,#HimToo,HimToo,himtoo,True,True,False,Backlash / Counter,Backlash,,Major counter-/backlash hashtag that recast #MeToo through false-accusation or accused-men-as-victims narratives; included as a global backlash search term. Translation/Gloss: Him too.,regex,(?:^|[^\p{L}\p{N}_])himtoo(?:[^\p{L}\p{N}_]|$)
Pakistan,#MeToo,#MeToo,MeToo,metoo,True,True,False,Support / Global,Support,,Baseline global #MeToo hashtag; included for every country/territory as the common cross-border search term. Translation/Gloss: Me too.,regex,(?:^|[^\p{L}\p{N}_])metoo(?:[^\p{L}\p{N}_]|$)
Pakistan,#MeTooPK,#MeTooPK,MeTooPK,metoopk,True,True,False,Support,Support,,"Gained traction when prominent figures spoke out, despite heavy pushback from conservative groups framing the movement as a Western import.",regex,(?:^|[^\p{L}\p{N}_])metoopk(?:[^\p{L}\p{N}_]|$)
Pakistan,#MeTooPakistan,#MeTooPakistan,MeTooPakistan,metoopakistan,True,True,False,Support / Localized,Support,,Pakistan: high-profile Meesha Shafi/Ali Zafar case became the country's best-known #MeToo case. Translation/Gloss: MeToo Pakistan.,regex,(?:^|[^\p{L}\p{N}_])metoopakistan(?:[^\p{L}\p{N}_]|$)
Pakistan,#MeinBhi / #میں_بھی,#MeinBhi,MeinBhi,meinbhi,True,True,False,Support,Support,,Urdu 'me too'.,regex,(?:^|[^\p{L}\p{N}_])meinbhi(?:[^\p{L}\p{N}_]|$)
Pakistan,#MeinBhi / #میں_بھی,#میں_بھی,میں_بھی,میں_بھی,True,False,False,Support,Support,,Urdu 'me too'.,substr,
Pakistan,#MosqueMeToo,#MosqueMeToo,MosqueMeToo,mosquemetoo,True,True,False,Support / Adjacent,Support,,Pakistan/Muslim contexts: a Pakistani Muslim woman's Hajj-related post helped spark #MosqueMeToo. Translation/Gloss: MeToo in mosque/Hajj contexts.,regex,(?:^|[^\p{L}\p{N}_])mosquemetoo(?:[^\p{L}\p{N}_]|$)
Pakistan,Mard March / victim-blaming remarks,Mard March,Mard March,mard march,False,True,False,Backlash,Backlash,,Mock 'men's march' responses to Aurat March; PM Imran Khan's remarks tying rape to women's dress amplified backlash discourse.,regex,(?:^|[^\p{L}\p{N}_])mard\ march(?:[^\p{L}\p{N}_]|$)
Pakistan,Mard March / victim-blaming remarks,victim-blaming remarks,victim-blaming remarks,victim-blaming remarks,False,True,False,Backlash,Backlash,,Mock 'men's march' responses to Aurat March; PM Imran Khan's remarks tying rape to women's dress amplified backlash discourse.,regex,(?:^|[^\p{L}\p{N}_])victim\-blaming\ remarks(?:[^\p{L}\p{N}_]|$)
Pakistan,Meesha Shafi / Ali Zafar,Meesha Shafi,Meesha Shafi,meesha shafi,False,True,False,Support / Case + Backlash / Legal,Support,,Apr 2018: singer Meesha Shafi accused Ali Zafar of harassment; she and supporters then faced defamation suits and FIA cybercrime charges - the defining legal-backlash saga of Pakistani MeToo.,regex,(?:^|[^\p{L}\p{N}_])meesha\ shafi(?:[^\p{L}\p{N}_]|$)
Pakistan,Meesha Shafi / Ali Zafar,Ali Zafar,Ali Zafar,ali zafar,False,True,False,Support / Case + Backlash / Legal,Support,,Apr 2018: singer Meesha Shafi accused Ali Zafar of harassment; she and supporters then faced defamation suits and FIA cybercrime charges - the defining legal-backlash saga of Pakistani MeToo.,regex,(?:^|[^\p{L}\p{N}_])ali\ zafar(?:[^\p{L}\p{N}_]|$)
Pakistan,Motorway rape case / #JusticeForNoor,Motorway rape case,Motorway rape case,motorway rape case,False,True,False,Support / Outrage Cases,Support,,Sept 2020 Lahore motorway gang rape (police chief blamed the victim - protests); July 2021 murder of Noor Mukadam by Zahir Jaffer - huge accountability campaign.,regex,(?:^|[^\p{L}\p{N}_])motorway\ rape\ case(?:[^\p{L}\p{N}_]|$)
Pakistan,Motorway rape case / #JusticeForNoor,#JusticeForNoor,JusticeForNoor,justicefornoor,True,True,False,Support / Outrage Cases,Support,,Sept 2020 Lahore motorway gang rape (police chief blamed the victim - protests); July 2021 murder of Noor Mukadam by Zahir Jaffer - huge accountability campaign.,regex,(?:^|[^\p{L}\p{N}_])justicefornoor(?:[^\p{L}\p{N}_]|$)
Pakistan,جنسی_ہراسانی,جنسی_ہراسانی,جنسی_ہراسانی,جنسی_ہراسانی,False,False,False,Support / Search Term,Support,,Urdu publication/search keyword. Translation/Gloss: sexual harassment.,substr,
Palau,#HimToo,#HimToo,HimToo,himtoo,True,True,False,Backlash / Counter,Backlash,,Major counter-/backlash hashtag that recast #MeToo through false-accusation or accused-men-as-victims narratives; included as a global backlash search term. Translation/Gloss: Him too.,regex,(?:^|[^\p{L}\p{N}_])himtoo(?:[^\p{L}\p{N}_]|$)
Palau,#MeToo,#MeToo,MeToo,metoo,True,True,False,Support / Global,Support,,Baseline global #MeToo hashtag; included for every country/territory as the common cross-border search term. Translation/Gloss: Me too.,regex,(?:^|[^\p{L}\p{N}_])metoo(?:[^\p{L}\p{N}_]|$)
Palestine,#HimToo,#HimToo,HimToo,himtoo,True,True,False,Backlash / Counter,Backlash,,Major counter-/backlash hashtag that recast #MeToo through false-accusation or accused-men-as-victims narratives; included as a global backlash search term. Translation/Gloss: Him too.,regex,(?:^|[^\p{L}\p{N}_])himtoo(?:[^\p{L}\p{N}_]|$)
Palestine,#MeToo,#MeToo,MeToo,metoo,True,True,False,Support / Global,Support,,Baseline global #MeToo hashtag; included for every country/territory as the common cross-border search term. Translation/Gloss: Me too.,regex,(?:^|[^\p{L}\p{N}_])metoo(?:[^\p{L}\p{N}_]|$)
Palestine,#MosqueMeToo,#MosqueMeToo,MosqueMeToo,mosquemetoo,True,True,False,Support / Adjacent,Support,,"Hashtag for Muslim women's accounts of harassment/abuse during Hajj, in mosques, or in religious spaces. Translation/Gloss: MeToo in mosque/Hajj contexts.",regex,(?:^|[^\p{L}\p{N}_])mosquemetoo(?:[^\p{L}\p{N}_]|$)
Palestine,#أنا_أيضا,#أنا_أيضا,أنا_أيضا,أنا_أيضا,True,False,False,Support / Translation,Support,,Formal Arabic equivalent of #MeToo. Translation/Gloss: Me too / I also.,substr,
Palestine,#أنا_كمان,#أنا_كمان,أنا_كمان,أنا_كمان,True,False,False,Support / Translation,Support,,Arabic #MeToo counterpart used across Arabic-speaking social media. Translation/Gloss: Me too.,substr,
Palestine,#وأنا_كمان,#وأنا_كمان,وأنا_كمان,وأنا_كمان,True,False,False,Support / Translation,Support,,"Palestine: Arabic #MeToo variant reported among Palestinian women, including in refugee-camp contexts. Translation/Gloss: And me too.",substr,
Palestine,التحرش_الجنسي,التحرش_الجنسي,التحرش_الجنسي,التحرش_الجنسي,False,False,False,Support / Search Term,Support,,Arabic publication/search keyword. Translation/Gloss: sexual harassment.,substr,
Palestine,العنف_ضد_المرأة,العنف_ضد_المرأة,العنف_ضد_المرأة,العنف_ضد_المرأة,False,False,False,Support / Search Term,Support,,Arabic publication/search keyword. Translation/Gloss: violence against women.,substr,
Panama,#Cuéntalo,#Cuéntalo,Cuéntalo,cuéntalo,True,False,False,Support / Adjacent,Support,,Spanish testimony hashtag associated especially with Spain and the La Manada reckoning; useful across Spanish-language searches. Translation/Gloss: Tell it / tell your story.,regex,(?:^|[^\p{L}\p{N}_])cuéntalo(?:[^\p{L}\p{N}_]|$)
Panama,#HimToo,#HimToo,HimToo,himtoo,True,True,False,Backlash / Counter,Backlash,,Major counter-/backlash hashtag that recast #MeToo through false-accusation or accused-men-as-victims narratives; included as a global backlash search term. Translation/Gloss: Him too.,regex,(?:^|[^\p{L}\p{N}_])himtoo(?:[^\p{L}\p{N}_]|$)
Panama,#MeToo,#MeToo,MeToo,metoo,True,True,False,Support / Global,Support,,Baseline global #MeToo hashtag; included for every country/territory as the common cross-border search term. Translation/Gloss: Me too.,regex,(?:^|[^\p{L}\p{N}_])metoo(?:[^\p{L}\p{N}_]|$)
Panama,#NiUnaMenos,#NiUnaMenos,NiUnaMenos,niunamenos,True,True,False,Support / Adjacent,Support,,Latin American movement against femicide and violence against women; often overlaps with #MeToo-adjacent activism. Translation/Gloss: Not one woman less.,regex,(?:^|[^\p{L}\p{N}_])niunamenos(?:[^\p{L}\p{N}_]|$)
Panama,#NiUnaMenos / acoso sexual,acoso sexual,acoso sexual,acoso sexual,False,True,False,Support,Support,,Regional frame; no distinct national tag documented.,regex,(?:^|[^\p{L}\p{N}_])acoso\ sexual(?:[^\p{L}\p{N}_]|$)
Panama,#YoSíTeCreo,#YoSíTeCreo,YoSíTeCreo,yosítecreo,True,False,False,Support / Solidarity,Support,,Spanish solidarity tag/phrase used around sexual-violence testimony and belief of survivors. Translation/Gloss: I do believe you.,regex,(?:^|[^\p{L}\p{N}_])yosítecreo(?:[^\p{L}\p{N}_]|$)
Panama,#YoTambién,#YoTambién,YoTambién,yotambién,True,False,False,Support / Translation,Support,,Spanish-language equivalent of #MeToo; documented in global/regional lists. Translation/Gloss: Me too.,regex,(?:^|[^\p{L}\p{N}_])yotambién(?:[^\p{L}\p{N}_]|$)
Papua New Guinea,#BelieveWomen,#BelieveWomen,BelieveWomen,believewomen,True,True,False,Support / Solidarity,Support,,Survivor-belief and anti-victim-blaming phrase used in #MeToo-related discourse. Translation/Gloss: Believe women.,regex,(?:^|[^\p{L}\p{N}_])believewomen(?:[^\p{L}\p{N}_]|$)
Papua New Guinea,#HimToo,#HimToo,HimToo,himtoo,True,True,False,Backlash / Counter,Backlash,,Major counter-/backlash hashtag that recast #MeToo through false-accusation or accused-men-as-victims narratives; included as a global backlash search term. Translation/Gloss: Him too.,regex,(?:^|[^\p{L}\p{N}_])himtoo(?:[^\p{L}\p{N}_]|$)
Papua New Guinea,#MeToo,#MeToo,MeToo,metoo,True,True,False,Support / Global,Support,,Baseline global #MeToo hashtag; included for every country/territory as the common cross-border search term. Translation/Gloss: Me too.,regex,(?:^|[^\p{L}\p{N}_])metoo(?:[^\p{L}\p{N}_]|$)
Papua New Guinea,#TimesUp,#TimesUp,TimesUp,timesup,True,True,False,Support / Solidarity,Support,,Transnational accountability and anti-harassment hashtag frequently paired with #MeToo. Translation/Gloss: Time is up.,regex,(?:^|[^\p{L}\p{N}_])timesup(?:[^\p{L}\p{N}_]|$)
Papua New Guinea,Jenelyn Kennedy,Jenelyn Kennedy,Jenelyn Kennedy,jenelyn kennedy,False,True,False,Support / Outrage Case,Support,,June 2020 torture-murder of 19-year-old Jenelyn Kennedy sparked national outcry over domestic violence.,regex,(?:^|[^\p{L}\p{N}_])jenelyn\ kennedy(?:[^\p{L}\p{N}_]|$)
Papua New Guinea,sexual harassment,sexual harassment,sexual harassment,sexual harassment,False,True,False,Support / Search Term,Support,,English search keyword for #MeToo-related social-media and publication searches. Translation/Gloss: sexual harassment.,regex,(?:^|[^\p{L}\p{N}_])sexual\ harassment(?:[^\p{L}\p{N}_]|$)
Papua New Guinea,violence against women,violence against women,violence against women,violence against women,False,True,False,Support / Search Term,Support,,English search keyword for adjacent #MeToo and gender-based violence coverage. Translation/Gloss: violence against women.,regex,(?:^|[^\p{L}\p{N}_])violence\ against\ women(?:[^\p{L}\p{N}_]|$)
Paraguay,#Cuéntalo,#Cuéntalo,Cuéntalo,cuéntalo,True,False,False,Support / Adjacent,Support,,Spanish testimony hashtag associated especially with Spain and the La Manada reckoning; useful across Spanish-language searches. Translation/Gloss: Tell it / tell your story.,regex,(?:^|[^\p{L}\p{N}_])cuéntalo(?:[^\p{L}\p{N}_]|$)
Paraguay,#HimToo,#HimToo,HimToo,himtoo,True,True,False,Backlash / Counter,Backlash,,Major counter-/backlash hashtag that recast #MeToo through false-accusation or accused-men-as-victims narratives; included as a global backlash search term. Translation/Gloss: Him too.,regex,(?:^|[^\p{L}\p{N}_])himtoo(?:[^\p{L}\p{N}_]|$)
Paraguay,#MeToo,#MeToo,MeToo,metoo,True,True,False,Support / Global,Support,,Baseline global #MeToo hashtag; included for every country/territory as the common cross-border search term. Translation/Gloss: Me too.,regex,(?:^|[^\p{L}\p{N}_])metoo(?:[^\p{L}\p{N}_]|$)
Paraguay,#NiUnaMenos,#NiUnaMenos,NiUnaMenos,niunamenos,True,True,False,Support / Adjacent,Support,,Latin American movement against femicide and violence against women; often overlaps with #MeToo-adjacent activism. Translation/Gloss: Not one woman less.,regex,(?:^|[^\p{L}\p{N}_])niunamenos(?:[^\p{L}\p{N}_]|$)
Paraguay,#NiUnaMenos / feminicidio,feminicidio,feminicidio,feminicidio,False,True,False,Support,Support,,Regional frame; no distinct national tag documented.,regex,(?:^|[^\p{L}\p{N}_])feminicidio(?:[^\p{L}\p{N}_]|$)
Paraguay,#YoSíTeCreo,#YoSíTeCreo,YoSíTeCreo,yosítecreo,True,False,False,Support / Solidarity,Support,,Spanish solidarity tag/phrase used around sexual-violence testimony and belief of survivors. Translation/Gloss: I do believe you.,regex,(?:^|[^\p{L}\p{N}_])yosítecreo(?:[^\p{L}\p{N}_]|$)
Paraguay,#YoTambién,#YoTambién,YoTambién,yotambién,True,False,False,Support / Translation,Support,,Spanish-language equivalent of #MeToo; documented in global/regional lists. Translation/Gloss: Me too.,regex,(?:^|[^\p{L}\p{N}_])yotambién(?:[^\p{L}\p{N}_]|$)
Paraguay,acoso sexual,acoso sexual,acoso sexual,acoso sexual,False,True,False,Support / Search Term,Support,,Spanish publication/search keyword. Translation/Gloss: sexual harassment.,regex,(?:^|[^\p{L}\p{N}_])acoso\ sexual(?:[^\p{L}\p{N}_]|$)
Peru,#Cuéntalo,#Cuéntalo,Cuéntalo,cuéntalo,True,False,False,Support / Adjacent,Support,,Spanish testimony hashtag associated especially with Spain and the La Manada reckoning; useful across Spanish-language searches. Translation/Gloss: Tell it / tell your story.,regex,(?:^|[^\p{L}\p{N}_])cuéntalo(?:[^\p{L}\p{N}_]|$)
Peru,#HimToo,#HimToo,HimToo,himtoo,True,True,False,Backlash / Counter,Backlash,,Major counter-/backlash hashtag that recast #MeToo through false-accusation or accused-men-as-victims narratives; included as a global backlash search term. Translation/Gloss: Him too.,regex,(?:^|[^\p{L}\p{N}_])himtoo(?:[^\p{L}\p{N}_]|$)
Peru,#MeToo,#MeToo,MeToo,metoo,True,True,False,Support / Global,Support,,Baseline global #MeToo hashtag; included for every country/territory as the common cross-border search term. Translation/Gloss: Me too.,regex,(?:^|[^\p{L}\p{N}_])metoo(?:[^\p{L}\p{N}_]|$)
Peru,#NiUnaMenos,#NiUnaMenos,NiUnaMenos,niunamenos,True,True,False,Support / Adjacent,Support,,Latin American movement against femicide and violence against women; often overlaps with #MeToo-adjacent activism. Translation/Gloss: Not one woman less.,regex,(?:^|[^\p{L}\p{N}_])niunamenos(?:[^\p{L}\p{N}_]|$)
Peru,#NiUnaMenos (Peru),#NiUnaMenos (Peru),NiUnaMenos (Peru),niunamenos (peru),True,True,False,Support,Support,,"Aug 2016: one of the largest marches in Peruvian history, after lenient rulings incl. the Arlette Contreras case.",regex,(?:^|[^\p{L}\p{N}_])niunamenos\ \(peru\)(?:[^\p{L}\p{N}_]|$)
Peru,#PeruPaisDeVioladores,#PeruPaisDeVioladores,PeruPaisDeVioladores,perupaisdevioladores,True,True,False,Support / Denunciation,Support,,"'Peru, country of rapists' - trended around high-profile rape cases/verdicts (2018-2020).",regex,(?:^|[^\p{L}\p{N}_])perupaisdevioladores(?:[^\p{L}\p{N}_]|$)
Peru,#YoSíTeCreo,#YoSíTeCreo,YoSíTeCreo,yosítecreo,True,False,False,Support / Solidarity,Support,,Spanish solidarity tag/phrase used around sexual-violence testimony and belief of survivors. Translation/Gloss: I do believe you.,regex,(?:^|[^\p{L}\p{N}_])yosítecreo(?:[^\p{L}\p{N}_]|$)
Peru,#YoTambién,#YoTambién,YoTambién,yotambién,True,False,False,Support / Translation,Support,,Spanish-language equivalent of #MeToo; documented in global/regional lists. Translation/Gloss: Me too.,regex,(?:^|[^\p{L}\p{N}_])yotambién(?:[^\p{L}\p{N}_]|$)
Peru,acoso sexual,acoso sexual,acoso sexual,acoso sexual,False,True,False,Support / Search Term,Support,,Spanish publication/search keyword. Translation/Gloss: sexual harassment.,regex,(?:^|[^\p{L}\p{N}_])acoso\ sexual(?:[^\p{L}\p{N}_]|$)
Philippines,#AkoRin,#AkoRin,AkoRin,akorin,True,True,False,Support / Translation,Support,,Filipino/Tagalog equivalent useful for searches. Translation/Gloss: Me too / me as well.,regex,(?:^|[^\p{L}\p{N}_])akorin(?:[^\p{L}\p{N}_]|$)
Philippines,#BabaeAko,#BabaeAko,BabaeAko,babaeako,True,True,False,Support / Adjacent,Support,,Philippines: campaign against President Duterte's misogynistic rhetoric and broader sexism; connected to regional #MeToo discourse. Translation/Gloss: I am woman.,regex,(?:^|[^\p{L}\p{N}_])babaeako(?:[^\p{L}\p{N}_]|$)
Philippines,#HijaAko,#HijaAko,HijaAko,hijaako,True,True,False,Support,Support,,June 2020: after Frankie Pangilinan rebuked victim-blaming 'hija' advice from broadcaster Ben Tulfo; anti-victim-blaming wave.,regex,(?:^|[^\p{L}\p{N}_])hijaako(?:[^\p{L}\p{N}_]|$)
Philippines,#HimToo,#HimToo,HimToo,himtoo,True,True,False,Backlash / Counter,Backlash,,Major counter-/backlash hashtag that recast #MeToo through false-accusation or accused-men-as-victims narratives; included as a global backlash search term. Translation/Gloss: Him too.,regex,(?:^|[^\p{L}\p{N}_])himtoo(?:[^\p{L}\p{N}_]|$)
Philippines,#MeToo,#MeToo,MeToo,metoo,True,True,False,Support / Global,Support,,Baseline global #MeToo hashtag; included for every country/territory as the common cross-border search term. Translation/Gloss: Me too.,regex,(?:^|[^\p{L}\p{N}_])metoo(?:[^\p{L}\p{N}_]|$)
Philippines,Duterte rape jokes / troll attacks,Duterte rape jokes,Duterte rape jokes,duterte rape jokes,False,True,False,Backlash,Backlash,,Presidential misogyny plus coordinated online trolling of women critics constitute the backlash environment.,regex,(?:^|[^\p{L}\p{N}_])duterte\ rape\ jokes(?:[^\p{L}\p{N}_]|$)
Philippines,Duterte rape jokes / troll attacks,troll attacks,troll attacks,troll attacks,False,True,False,Backlash,Backlash,,Presidential misogyny plus coordinated online trolling of women critics constitute the backlash environment.,regex,(?:^|[^\p{L}\p{N}_])troll\ attacks(?:[^\p{L}\p{N}_]|$)
Philippines,sekswal na panliligalig,sekswal na panliligalig,sekswal na panliligalig,sekswal na panliligalig,False,True,False,Support / Search Term,Support,,Filipino publication/search keyword. Translation/Gloss: sexual harassment.,regex,(?:^|[^\p{L}\p{N}_])sekswal\ na\ panliligalig(?:[^\p{L}\p{N}_]|$)
Pitcairn,#HimToo,#HimToo,HimToo,himtoo,True,True,False,Backlash / Counter,Backlash,,Major counter-/backlash hashtag that recast #MeToo through false-accusation or accused-men-as-victims narratives; included as a global backlash search term. Translation/Gloss: Him too.,regex,(?:^|[^\p{L}\p{N}_])himtoo(?:[^\p{L}\p{N}_]|$)
Pitcairn,#MeToo,#MeToo,MeToo,metoo,True,True,False,Support / Global,Support,,Baseline global #MeToo hashtag; included for every country/territory as the common cross-border search term. Translation/Gloss: Me too.,regex,(?:^|[^\p{L}\p{N}_])metoo(?:[^\p{L}\p{N}_]|$)
Poland,#CzarnyProtest / #StrajkKobiet,#CzarnyProtest,CzarnyProtest,czarnyprotest,True,True,False,Support / Adjacent Feminist Mass Movement,Support,,2016 Black Protest and 2020 Women's Strike against abortion bans - the dominant Polish feminist mobilizations of the period.,regex,(?:^|[^\p{L}\p{N}_])czarnyprotest(?:[^\p{L}\p{N}_]|$)
Poland,#CzarnyProtest / #StrajkKobiet,#StrajkKobiet,StrajkKobiet,strajkkobiet,True,True,False,Support / Adjacent Feminist Mass Movement,Support,,2016 Black Protest and 2020 Women's Strike against abortion bans - the dominant Polish feminist mobilizations of the period.,regex,(?:^|[^\p{L}\p{N}_])strajkkobiet(?:[^\p{L}\p{N}_]|$)
Poland,#HimToo,#HimToo,HimToo,himtoo,True,True,False,Backlash / Counter,Backlash,,Major counter-/backlash hashtag that recast #MeToo through false-accusation or accused-men-as-victims narratives; included as a global backlash search term. Translation/Gloss: Him too.,regex,(?:^|[^\p{L}\p{N}_])himtoo(?:[^\p{L}\p{N}_]|$)
Poland,#JaTeż,#JaTeż,JaTeż,jateż,True,False,False,Support / Translation,Support,,Polish equivalent of #MeToo. Translation/Gloss: Me too.,regex,(?:^|[^\p{L}\p{N}_])jateż(?:[^\p{L}\p{N}_]|$)
Poland,#MeToo,#MeToo,MeToo,metoo,True,True,False,Support / Global,Support,,Baseline global #MeToo hashtag; included for every country/territory as the common cross-border search term. Translation/Gloss: Me too.,regex,(?:^|[^\p{L}\p{N}_])metoo(?:[^\p{L}\p{N}_]|$)
Poland,ideologia gender,ideologia gender,ideologia gender,ideologia gender,False,True,False,Backlash,Backlash,,Church/right-wing frame casting feminist and MeToo claims as imported 'gender ideology'.,regex,(?:^|[^\p{L}\p{N}_])ideologia\ gender(?:[^\p{L}\p{N}_]|$)
Poland,molestowanie seksualne,molestowanie seksualne,molestowanie seksualne,molestowanie seksualne,False,True,False,Support / Search Term,Support,,Polish publication/search keyword. Translation/Gloss: sexual harassment.,regex,(?:^|[^\p{L}\p{N}_])molestowanie\ seksualne(?:[^\p{L}\p{N}_]|$)
Portugal,#ChegaDeFiuFiu,#ChegaDeFiuFiu,ChegaDeFiuFiu,chegadefiufiu,True,True,False,Support / Adjacent,Support,,Brazil-origin anti-street-harassment campaign; relevant for Portuguese-language searches. Translation/Gloss: Enough with catcalling.,regex,(?:^|[^\p{L}\p{N}_])chegadefiufiu(?:[^\p{L}\p{N}_]|$)
Portugal,#EuTambém,#EuTambém,EuTambém,eutambém,True,False,False,Support / Translation,Support,,Portuguese equivalent of #MeToo. Translation/Gloss: Me too.,regex,(?:^|[^\p{L}\p{N}_])eutambém(?:[^\p{L}\p{N}_]|$)
Portugal,#HimToo,#HimToo,HimToo,himtoo,True,True,False,Backlash / Counter,Backlash,,Major counter-/backlash hashtag that recast #MeToo through false-accusation or accused-men-as-victims narratives; included as a global backlash search term. Translation/Gloss: Him too.,regex,(?:^|[^\p{L}\p{N}_])himtoo(?:[^\p{L}\p{N}_]|$)
Portugal,#MeToo,#MeToo,MeToo,metoo,True,True,False,Support / Global,Support,,Baseline global #MeToo hashtag; included for every country/territory as the common cross-border search term. Translation/Gloss: Me too.,regex,(?:^|[^\p{L}\p{N}_])metoo(?:[^\p{L}\p{N}_]|$)
Portugal,#PrimeiroAssédio,#PrimeiroAssédio,PrimeiroAssédio,primeiroassédio,True,False,False,Support / Adjacent,Support,,Brazil-origin hashtag where women shared first harassment experiences. Translation/Gloss: First harassment.,regex,(?:^|[^\p{L}\p{N}_])primeiroassédio(?:[^\p{L}\p{N}_]|$)
Portugal,assédio sexual,assédio sexual,assédio sexual,assédio sexual,False,False,False,Support / Search Term,Support,,Portuguese publication/search keyword. Translation/Gloss: sexual harassment.,regex,(?:^|[^\p{L}\p{N}_])assédio\ sexual(?:[^\p{L}\p{N}_]|$)
Puerto Rico,#Cuéntalo,#Cuéntalo,Cuéntalo,cuéntalo,True,False,False,Support / Adjacent,Support,,Spanish testimony hashtag associated especially with Spain and the La Manada reckoning; useful across Spanish-language searches. Translation/Gloss: Tell it / tell your story.,regex,(?:^|[^\p{L}\p{N}_])cuéntalo(?:[^\p{L}\p{N}_]|$)
Puerto Rico,#HimToo,#HimToo,HimToo,himtoo,True,True,False,Backlash / Counter,Backlash,,Major counter-/backlash hashtag that recast #MeToo through false-accusation or accused-men-as-victims narratives; included as a global backlash search term. Translation/Gloss: Him too.,regex,(?:^|[^\p{L}\p{N}_])himtoo(?:[^\p{L}\p{N}_]|$)
Puerto Rico,#MeToo,#MeToo,MeToo,metoo,True,True,False,Support / Global,Support,,Baseline global #MeToo hashtag; included for every country/territory as the common cross-border search term. Translation/Gloss: Me too.,regex,(?:^|[^\p{L}\p{N}_])metoo(?:[^\p{L}\p{N}_]|$)
Puerto Rico,#NiUnaMenos,#NiUnaMenos,NiUnaMenos,niunamenos,True,True,False,Support / Adjacent,Support,,Latin American movement against femicide and violence against women; often overlaps with #MeToo-adjacent activism. Translation/Gloss: Not one woman less.,regex,(?:^|[^\p{L}\p{N}_])niunamenos(?:[^\p{L}\p{N}_]|$)
Puerto Rico,#YoSíTeCreo,#YoSíTeCreo,YoSíTeCreo,yosítecreo,True,False,False,Support / Solidarity,Support,,Spanish solidarity tag/phrase used around sexual-violence testimony and belief of survivors. Translation/Gloss: I do believe you.,regex,(?:^|[^\p{L}\p{N}_])yosítecreo(?:[^\p{L}\p{N}_]|$)
Puerto Rico,#YoTambién,#YoTambién,YoTambién,yotambién,True,False,False,Support / Translation,Support,,Spanish-language equivalent of #MeToo; documented in global/regional lists. Translation/Gloss: Me too.,regex,(?:^|[^\p{L}\p{N}_])yotambién(?:[^\p{L}\p{N}_]|$)
Puerto Rico,acoso sexual,acoso sexual,acoso sexual,acoso sexual,False,True,False,Support / Search Term,Support,,Spanish publication/search keyword. Translation/Gloss: sexual harassment.,regex,(?:^|[^\p{L}\p{N}_])acoso\ sexual(?:[^\p{L}\p{N}_]|$)
Qatar,#HimToo,#HimToo,HimToo,himtoo,True,True,False,Backlash / Counter,Backlash,,Major counter-/backlash hashtag that recast #MeToo through false-accusation or accused-men-as-victims narratives; included as a global backlash search term. Translation/Gloss: Him too.,regex,(?:^|[^\p{L}\p{N}_])himtoo(?:[^\p{L}\p{N}_]|$)
Qatar,#MeToo,#MeToo,MeToo,metoo,True,True,False,Support / Global,Support,,Baseline global #MeToo hashtag; included for every country/territory as the common cross-border search term. Translation/Gloss: Me too.,regex,(?:^|[^\p{L}\p{N}_])metoo(?:[^\p{L}\p{N}_]|$)
Qatar,#MosqueMeToo,#MosqueMeToo,MosqueMeToo,mosquemetoo,True,True,False,Support / Adjacent,Support,,"Hashtag for Muslim women's accounts of harassment/abuse during Hajj, in mosques, or in religious spaces. Translation/Gloss: MeToo in mosque/Hajj contexts.",regex,(?:^|[^\p{L}\p{N}_])mosquemetoo(?:[^\p{L}\p{N}_]|$)
Qatar,#أنا_أيضا,#أنا_أيضا,أنا_أيضا,أنا_أيضا,True,False,False,Support / Translation,Support,,Formal Arabic equivalent of #MeToo. Translation/Gloss: Me too / I also.,substr,
Qatar,#أنا_كمان,#أنا_كمان,أنا_كمان,أنا_كمان,True,False,False,Support / Translation,Support,,Arabic #MeToo counterpart used across Arabic-speaking social media. Translation/Gloss: Me too.,substr,
Qatar,التحرش_الجنسي,التحرش_الجنسي,التحرش_الجنسي,التحرش_الجنسي,False,False,False,Support / Search Term,Support,,Arabic publication/search keyword. Translation/Gloss: sexual harassment.,substr,
Qatar,العنف_ضد_المرأة,العنف_ضد_المرأة,العنف_ضد_المرأة,العنف_ضد_المرأة,False,False,False,Support / Search Term,Support,,Arabic publication/search keyword. Translation/Gloss: violence against women.,substr,
Qatar,تحرش جنسي,تحرش جنسي,تحرش جنسي,تحرش جنسي,False,False,False,Support / Generic Term,Support,,No documented movement.,substr,
Republic of the Congo,#BalanceTonPorc,#BalanceTonPorc,BalanceTonPorc,balancetonporc,True,True,False,Support / Adjacent,Support,,French #MeToo-era hashtag for naming or denouncing perpetrators; also provoked public backlash debates. Translation/Gloss: Expose/denounce your pig.,regex,(?:^|[^\p{L}\p{N}_])balancetonporc(?:[^\p{L}\p{N}_]|$)
Republic of the Congo,#HimToo,#HimToo,HimToo,himtoo,True,True,False,Backlash / Counter,Backlash,,Major counter-/backlash hashtag that recast #MeToo through false-accusation or accused-men-as-victims narratives; included as a global backlash search term. Translation/Gloss: Him too.,regex,(?:^|[^\p{L}\p{N}_])himtoo(?:[^\p{L}\p{N}_]|$)
Republic of the Congo,#MeToo,#MeToo,MeToo,metoo,True,True,False,Support / Global,Support,,Baseline global #MeToo hashtag; included for every country/territory as the common cross-border search term. Translation/Gloss: Me too.,regex,(?:^|[^\p{L}\p{N}_])metoo(?:[^\p{L}\p{N}_]|$)
Republic of the Congo,#MoiAussi,#MoiAussi,MoiAussi,moiaussi,True,True,False,Support / Translation,Support,,"French-language equivalent of #MeToo, documented in Canada/Francophone coverage. Translation/Gloss: Me too.",regex,(?:^|[^\p{L}\p{N}_])moiaussi(?:[^\p{L}\p{N}_]|$)
Republic of the Congo,#NousToutes,#NousToutes,NousToutes,noustoutes,True,True,False,Support / Adjacent,Support,,French feminist collective/hashtag after #MeToo and #BalanceTonPorc focused on violence against women. Translation/Gloss: All of us women.,regex,(?:^|[^\p{L}\p{N}_])noustoutes(?:[^\p{L}\p{N}_]|$)
Republic of the Congo,harcèlement sexuel,harcèlement sexuel,harcèlement sexuel,harcèlement sexuel,False,False,False,Support / Search Term,Support,,French publication/search keyword. Translation/Gloss: sexual harassment.,regex,(?:^|[^\p{L}\p{N}_])harcèlement\ sexuel(?:[^\p{L}\p{N}_]|$)
Réunion,#BalanceTonPorc,#BalanceTonPorc,BalanceTonPorc,balancetonporc,True,True,False,Support / Adjacent,Support,,French #MeToo-era hashtag for naming or denouncing perpetrators; also provoked public backlash debates. Translation/Gloss: Expose/denounce your pig.,regex,(?:^|[^\p{L}\p{N}_])balancetonporc(?:[^\p{L}\p{N}_]|$)
Réunion,#HimToo,#HimToo,HimToo,himtoo,True,True,False,Backlash / Counter,Backlash,,Major counter-/backlash hashtag that recast #MeToo through false-accusation or accused-men-as-victims narratives; included as a global backlash search term. Translation/Gloss: Him too.,regex,(?:^|[^\p{L}\p{N}_])himtoo(?:[^\p{L}\p{N}_]|$)
Réunion,#MeToo,#MeToo,MeToo,metoo,True,True,False,Support / Global,Support,,Baseline global #MeToo hashtag; included for every country/territory as the common cross-border search term. Translation/Gloss: Me too.,regex,(?:^|[^\p{L}\p{N}_])metoo(?:[^\p{L}\p{N}_]|$)
Réunion,#MoiAussi,#MoiAussi,MoiAussi,moiaussi,True,True,False,Support / Translation,Support,,"French-language equivalent of #MeToo, documented in Canada/Francophone coverage. Translation/Gloss: Me too.",regex,(?:^|[^\p{L}\p{N}_])moiaussi(?:[^\p{L}\p{N}_]|$)
Réunion,#NousToutes,#NousToutes,NousToutes,noustoutes,True,True,False,Support / Adjacent,Support,,French feminist collective/hashtag after #MeToo and #BalanceTonPorc focused on violence against women. Translation/Gloss: All of us women.,regex,(?:^|[^\p{L}\p{N}_])noustoutes(?:[^\p{L}\p{N}_]|$)
Réunion,harcèlement sexuel,harcèlement sexuel,harcèlement sexuel,harcèlement sexuel,False,False,False,Support / Search Term,Support,,French publication/search keyword. Translation/Gloss: sexual harassment.,regex,(?:^|[^\p{L}\p{N}_])harcèlement\ sexuel(?:[^\p{L}\p{N}_]|$)
Romania,#HimToo,#HimToo,HimToo,himtoo,True,True,False,Backlash / Counter,Backlash,,Major counter-/backlash hashtag that recast #MeToo through false-accusation or accused-men-as-victims narratives; included as a global backlash search term. Translation/Gloss: Him too.,regex,(?:^|[^\p{L}\p{N}_])himtoo(?:[^\p{L}\p{N}_]|$)
Romania,#MeToo,#MeToo,MeToo,metoo,True,True,False,Support / Global,Support,,Baseline global #MeToo hashtag; included for every country/territory as the common cross-border search term. Translation/Gloss: Me too.,regex,(?:^|[^\p{L}\p{N}_])metoo(?:[^\p{L}\p{N}_]|$)
Romania,#ȘiEu,#ȘiEu,ȘiEu,șieu,True,False,False,Support / Translation,Support,,Romanian equivalent of #MeToo. Translation/Gloss: Me too.,regex,(?:^|[^\p{L}\p{N}_])șieu(?:[^\p{L}\p{N}_]|$)
Romania,hărțuire sexuală,hărțuire sexuală,hărțuire sexuală,hărțuire sexuală,False,False,False,Support / Search Term,Support,,Romanian publication/search keyword. Translation/Gloss: sexual harassment.,regex,(?:^|[^\p{L}\p{N}_])hărțuire\ sexuală(?:[^\p{L}\p{N}_]|$)
Russia,#HimToo,#HimToo,HimToo,himtoo,True,True,False,Backlash / Counter,Backlash,,Major counter-/backlash hashtag that recast #MeToo through false-accusation or accused-men-as-victims narratives; included as a global backlash search term. Translation/Gloss: Him too.,regex,(?:^|[^\p{L}\p{N}_])himtoo(?:[^\p{L}\p{N}_]|$)
Russia,#MeToo,#MeToo,MeToo,metoo,True,True,False,Support / Global,Support,,Baseline global #MeToo hashtag; included for every country/territory as the common cross-border search term. Translation/Gloss: Me too.,regex,(?:^|[^\p{L}\p{N}_])metoo(?:[^\p{L}\p{N}_]|$)
Russia,#ЯБоюсьМужчин,#ЯБоюсьМужчин,ЯБоюсьМужчин,ябоюсьмужчин,True,False,False,Support / Adjacent,Support,,"Russian feminist hashtag against male violence/femicide, reported alongside #MeToo-adjacent campaigns. Translation/Gloss: I fear men.",substr,
Russia,#ЯНеБоюсьСказать,#ЯНеБоюсьСказать,ЯНеБоюсьСказать,янебоюсьсказать,True,False,False,Support / Adjacent,Support,,Russian-language version of the Ukraine/Russia anti-sexual-violence flashmob precursor to #MeToo. Translation/Gloss: I am not afraid to say.,substr,
Russia,#ЯНеХотелаУмирать,#ЯНеХотелаУмирать,ЯНеХотелаУмирать,янехотелаумирать,True,False,False,Support,Support,,Translates to 'I didn't want to die'. A massive digital protest launched in response to the Russian government's 2017 decision to decriminalize certain forms of domestic violence.,substr,
Russia,#ЯТоже,#ЯТоже,ЯТоже,ятоже,True,False,False,Support / Translation,Support,,Russian #MeToo equivalent/search term. Translation/Gloss: Me too.,substr,
Russia,#мне_нужна_гласность,#мне_нужна_гласность,мне_нужна_гласность,мне_нужна_гласность,True,False,False,Support,Support,,"Translates to 'I need openness'. Specifically addresses everyday sexual harassment, pushing back against a strong culture that minimizes the severity of gender-based abuse.",substr,
Russia,Диана Шурыгина / охота на ведьм,Диана Шурыгина,Диана Шурыгина,диана шурыгина,False,False,False,Backlash,Backlash,,2017 Shurygina TV spectacle epitomized victim-blaming culture; 'witch hunt' plus state framing of feminism as Western import dominate backlash.,substr,
Russia,Диана Шурыгина / охота на ведьм,охота на ведьм,охота на ведьм,охота на ведьм,False,False,False,Backlash,Backlash,,2017 Shurygina TV spectacle epitomized victim-blaming culture; 'witch hunt' plus state framing of feminism as Western import dominate backlash.,substr,
Russia,Слуцкий (Leonid Slutsky),Слуцкий (Leonid Slutsky),Слуцкий (Leonid Slutsky),слуцкий (leonid slutsky),False,False,False,Support / Case + Backlash / Institutional,Support,,Feb-Mar 2018: journalists accused Duma deputy Slutsky of harassment; Duma ethics committee cleared him and outlets boycotted parliament - Russia's aborted MeToo.,regex,(?:^|[^\p{L}\p{N}_])слуцкий\ \(leonid\ slutsky\)(?:[^\p{L}\p{N}_]|$)
Russia,сексуальные домогательства,сексуальные домогательства,сексуальные домогательства,сексуальные домогательства,False,False,False,Support / Search Term,Support,,Russian publication/search keyword. Translation/Gloss: sexual harassment.,substr,
Russia,сёстры Хачатурян / #СвободуСёстрамХачатурян,сёстры Хачатурян,сёстры Хачатурян,сёстры хачатурян,False,False,False,Support,Support,,Khachaturyan sisters case (2018+): killed their abusive father; cause célèbre against domestic violence (decriminalized 2017 - key context keyword 'домашнее насилие').,substr,
Russia,сёстры Хачатурян / #СвободуСёстрамХачатурян,#СвободуСёстрамХачатурян,СвободуСёстрамХачатурян,свободусёстрамхачатурян,True,False,False,Support,Support,,Khachaturyan sisters case (2018+): killed their abusive father; cause célèbre against domestic violence (decriminalized 2017 - key context keyword 'домашнее насилие').,substr,
Rwanda,#BalanceTonPorc,#BalanceTonPorc,BalanceTonPorc,balancetonporc,True,True,False,Support / Adjacent,Support,,French #MeToo-era hashtag for naming or denouncing perpetrators; also provoked public backlash debates. Translation/Gloss: Expose/denounce your pig.,regex,(?:^|[^\p{L}\p{N}_])balancetonporc(?:[^\p{L}\p{N}_]|$)
Rwanda,#HimToo,#HimToo,HimToo,himtoo,True,True,False,Backlash / Counter,Backlash,,Major counter-/backlash hashtag that recast #MeToo through false-accusation or accused-men-as-victims narratives; included as a global backlash search term. Translation/Gloss: Him too.,regex,(?:^|[^\p{L}\p{N}_])himtoo(?:[^\p{L}\p{N}_]|$)
Rwanda,#MeToo,#MeToo,MeToo,metoo,True,True,False,Support / Global,Support,,Baseline global #MeToo hashtag; included for every country/territory as the common cross-border search term. Translation/Gloss: Me too.,regex,(?:^|[^\p{L}\p{N}_])metoo(?:[^\p{L}\p{N}_]|$)
Rwanda,#MoiAussi,#MoiAussi,MoiAussi,moiaussi,True,True,False,Support / Translation,Support,,"French-language equivalent of #MeToo, documented in Canada/Francophone coverage. Translation/Gloss: Me too.",regex,(?:^|[^\p{L}\p{N}_])moiaussi(?:[^\p{L}\p{N}_]|$)
Rwanda,#NousToutes,#NousToutes,NousToutes,noustoutes,True,True,False,Support / Adjacent,Support,,French feminist collective/hashtag after #MeToo and #BalanceTonPorc focused on violence against women. Translation/Gloss: All of us women.,regex,(?:^|[^\p{L}\p{N}_])noustoutes(?:[^\p{L}\p{N}_]|$)
Rwanda,harcèlement sexuel,harcèlement sexuel,harcèlement sexuel,harcèlement sexuel,False,False,False,Support / Search Term,Support,,French publication/search keyword. Translation/Gloss: sexual harassment.,regex,(?:^|[^\p{L}\p{N}_])harcèlement\ sexuel(?:[^\p{L}\p{N}_]|$)
Rwanda,sexual harassment (generic),sexual harassment,sexual harassment,sexual harassment,False,True,False,Support / Generic Term,Support,generic,No documented national wave.,regex,(?:^|[^\p{L}\p{N}_])sexual\ harassment(?:[^\p{L}\p{N}_]|$)
Rwanda,ukatili dhidi ya wanawake,ukatili dhidi ya wanawake,ukatili dhidi ya wanawake,ukatili dhidi ya wanawake,False,True,False,Support / Search Term,Support,,Swahili search keyword. Translation/Gloss: violence against women.,regex,(?:^|[^\p{L}\p{N}_])ukatili\ dhidi\ ya\ wanawake(?:[^\p{L}\p{N}_]|$)
Rwanda,unyanyasaji wa kijinsia,unyanyasaji wa kijinsia,unyanyasaji wa kijinsia,unyanyasaji wa kijinsia,False,True,False,Support / Search Term,Support,,Swahili search keyword used across East/Central African contexts. Translation/Gloss: gender/sexual harassment.,regex,(?:^|[^\p{L}\p{N}_])unyanyasaji\ wa\ kijinsia(?:[^\p{L}\p{N}_]|$)
Saint Barthélemy,#BalanceTonPorc,#BalanceTonPorc,BalanceTonPorc,balancetonporc,True,True,False,Support / Adjacent,Support,,French #MeToo-era hashtag for naming or denouncing perpetrators; also provoked public backlash debates. Translation/Gloss: Expose/denounce your pig.,regex,(?:^|[^\p{L}\p{N}_])balancetonporc(?:[^\p{L}\p{N}_]|$)
Saint Barthélemy,#HimToo,#HimToo,HimToo,himtoo,True,True,False,Backlash / Counter,Backlash,,Major counter-/backlash hashtag that recast #MeToo through false-accusation or accused-men-as-victims narratives; included as a global backlash search term. Translation/Gloss: Him too.,regex,(?:^|[^\p{L}\p{N}_])himtoo(?:[^\p{L}\p{N}_]|$)
Saint Barthélemy,#MeToo,#MeToo,MeToo,metoo,True,True,False,Support / Global,Support,,Baseline global #MeToo hashtag; included for every country/territory as the common cross-border search term. Translation/Gloss: Me too.,regex,(?:^|[^\p{L}\p{N}_])metoo(?:[^\p{L}\p{N}_]|$)
Saint Barthélemy,#MoiAussi,#MoiAussi,MoiAussi,moiaussi,True,True,False,Support / Translation,Support,,"French-language equivalent of #MeToo, documented in Canada/Francophone coverage. Translation/Gloss: Me too.",regex,(?:^|[^\p{L}\p{N}_])moiaussi(?:[^\p{L}\p{N}_]|$)
Saint Barthélemy,#NousToutes,#NousToutes,NousToutes,noustoutes,True,True,False,Support / Adjacent,Support,,French feminist collective/hashtag after #MeToo and #BalanceTonPorc focused on violence against women. Translation/Gloss: All of us women.,regex,(?:^|[^\p{L}\p{N}_])noustoutes(?:[^\p{L}\p{N}_]|$)
Saint Barthélemy,harcèlement sexuel,harcèlement sexuel,harcèlement sexuel,harcèlement sexuel,False,False,False,Support / Search Term,Support,,French publication/search keyword. Translation/Gloss: sexual harassment.,regex,(?:^|[^\p{L}\p{N}_])harcèlement\ sexuel(?:[^\p{L}\p{N}_]|$)
"Saint Helena, Ascension and Tristan da Cunha",#BelieveWomen,#BelieveWomen,BelieveWomen,believewomen,True,True,False,Support / Solidarity,Support,,Survivor-belief and anti-victim-blaming phrase used in #MeToo-related discourse. Translation/Gloss: Believe women.,regex,(?:^|[^\p{L}\p{N}_])believewomen(?:[^\p{L}\p{N}_]|$)
"Saint Helena, Ascension and Tristan da Cunha",#HimToo,#HimToo,HimToo,himtoo,True,True,False,Backlash / Counter,Backlash,,Major counter-/backlash hashtag that recast #MeToo through false-accusation or accused-men-as-victims narratives; included as a global backlash search term. Translation/Gloss: Him too.,regex,(?:^|[^\p{L}\p{N}_])himtoo(?:[^\p{L}\p{N}_]|$)
"Saint Helena, Ascension and Tristan da Cunha",#MeToo,#MeToo,MeToo,metoo,True,True,False,Support / Global,Support,,Baseline global #MeToo hashtag; included for every country/territory as the common cross-border search term. Translation/Gloss: Me too.,regex,(?:^|[^\p{L}\p{N}_])metoo(?:[^\p{L}\p{N}_]|$)
"Saint Helena, Ascension and Tristan da Cunha",#TimesUp,#TimesUp,TimesUp,timesup,True,True,False,Support / Solidarity,Support,,Transnational accountability and anti-harassment hashtag frequently paired with #MeToo. Translation/Gloss: Time is up.,regex,(?:^|[^\p{L}\p{N}_])timesup(?:[^\p{L}\p{N}_]|$)
"Saint Helena, Ascension and Tristan da Cunha",sexual harassment,sexual harassment,sexual harassment,sexual harassment,False,True,False,Support / Search Term,Support,,English search keyword for #MeToo-related social-media and publication searches. Translation/Gloss: sexual harassment.,regex,(?:^|[^\p{L}\p{N}_])sexual\ harassment(?:[^\p{L}\p{N}_]|$)
"Saint Helena, Ascension and Tristan da Cunha",violence against women,violence against women,violence against women,violence against women,False,True,False,Support / Search Term,Support,,English search keyword for adjacent #MeToo and gender-based violence coverage. Translation/Gloss: violence against women.,regex,(?:^|[^\p{L}\p{N}_])violence\ against\ women(?:[^\p{L}\p{N}_]|$)
Saint Kitts and Nevis,#BelieveWomen,#BelieveWomen,BelieveWomen,believewomen,True,True,False,Support / Solidarity,Support,,Survivor-belief and anti-victim-blaming phrase used in #MeToo-related discourse. Translation/Gloss: Believe women.,regex,(?:^|[^\p{L}\p{N}_])believewomen(?:[^\p{L}\p{N}_]|$)
Saint Kitts and Nevis,#HimToo,#HimToo,HimToo,himtoo,True,True,False,Backlash / Counter,Backlash,,Major counter-/backlash hashtag that recast #MeToo through false-accusation or accused-men-as-victims narratives; included as a global backlash search term. Translation/Gloss: Him too.,regex,(?:^|[^\p{L}\p{N}_])himtoo(?:[^\p{L}\p{N}_]|$)
Saint Kitts and Nevis,#MeToo,#MeToo,MeToo,metoo,True,True,False,Support / Global,Support,,Baseline global #MeToo hashtag; included for every country/territory as the common cross-border search term. Translation/Gloss: Me too.,regex,(?:^|[^\p{L}\p{N}_])metoo(?:[^\p{L}\p{N}_]|$)
Saint Kitts and Nevis,#TimesUp,#TimesUp,TimesUp,timesup,True,True,False,Support / Solidarity,Support,,Transnational accountability and anti-harassment hashtag frequently paired with #MeToo. Translation/Gloss: Time is up.,regex,(?:^|[^\p{L}\p{N}_])timesup(?:[^\p{L}\p{N}_]|$)
Saint Kitts and Nevis,sexual harassment,sexual harassment,sexual harassment,sexual harassment,False,True,False,Support / Search Term,Support,,English search keyword for #MeToo-related social-media and publication searches. Translation/Gloss: sexual harassment.,regex,(?:^|[^\p{L}\p{N}_])sexual\ harassment(?:[^\p{L}\p{N}_]|$)
Saint Kitts and Nevis,violence against women,violence against women,violence against women,violence against women,False,True,False,Support / Search Term,Support,,English search keyword for adjacent #MeToo and gender-based violence coverage. Translation/Gloss: violence against women.,regex,(?:^|[^\p{L}\p{N}_])violence\ against\ women(?:[^\p{L}\p{N}_]|$)
Saint Kitts and Nevis,#LifeInLeggings,#LifeInLeggings,LifeInLeggings,lifeinleggings,True,True,False,Support,Support,,Regional Caribbean tag; no distinct national movement.,regex,(?:^|[^\p{L}\p{N}_])lifeinleggings(?:[^\p{L}\p{N}_]|$)
Saint Lucia,#BelieveWomen,#BelieveWomen,BelieveWomen,believewomen,True,True,False,Support / Solidarity,Support,,Survivor-belief and anti-victim-blaming phrase used in #MeToo-related discourse. Translation/Gloss: Believe women.,regex,(?:^|[^\p{L}\p{N}_])believewomen(?:[^\p{L}\p{N}_]|$)
Saint Lucia,#HimToo,#HimToo,HimToo,himtoo,True,True,False,Backlash / Counter,Backlash,,Major counter-/backlash hashtag that recast #MeToo through false-accusation or accused-men-as-victims narratives; included as a global backlash search term. Translation/Gloss: Him too.,regex,(?:^|[^\p{L}\p{N}_])himtoo(?:[^\p{L}\p{N}_]|$)
Saint Lucia,#MeToo,#MeToo,MeToo,metoo,True,True,False,Support / Global,Support,,Baseline global #MeToo hashtag; included for every country/territory as the common cross-border search term. Translation/Gloss: Me too.,regex,(?:^|[^\p{L}\p{N}_])metoo(?:[^\p{L}\p{N}_]|$)
Saint Lucia,#TimesUp,#TimesUp,TimesUp,timesup,True,True,False,Support / Solidarity,Support,,Transnational accountability and anti-harassment hashtag frequently paired with #MeToo. Translation/Gloss: Time is up.,regex,(?:^|[^\p{L}\p{N}_])timesup(?:[^\p{L}\p{N}_]|$)
Saint Lucia,sexual harassment,sexual harassment,sexual harassment,sexual harassment,False,True,False,Support / Search Term,Support,,English search keyword for #MeToo-related social-media and publication searches. Translation/Gloss: sexual harassment.,regex,(?:^|[^\p{L}\p{N}_])sexual\ harassment(?:[^\p{L}\p{N}_]|$)
Saint Lucia,violence against women,violence against women,violence against women,violence against women,False,True,False,Support / Search Term,Support,,English search keyword for adjacent #MeToo and gender-based violence coverage. Translation/Gloss: violence against women.,regex,(?:^|[^\p{L}\p{N}_])violence\ against\ women(?:[^\p{L}\p{N}_]|$)
Saint Martin (French part),#BalanceTonPorc,#BalanceTonPorc,BalanceTonPorc,balancetonporc,True,True,False,Support / Adjacent,Support,,French #MeToo-era hashtag for naming or denouncing perpetrators; also provoked public backlash debates. Translation/Gloss: Expose/denounce your pig.,regex,(?:^|[^\p{L}\p{N}_])balancetonporc(?:[^\p{L}\p{N}_]|$)
Saint Martin (French part),#HimToo,#HimToo,HimToo,himtoo,True,True,False,Backlash / Counter,Backlash,,Major counter-/backlash hashtag that recast #MeToo through false-accusation or accused-men-as-victims narratives; included as a global backlash search term. Translation/Gloss: Him too.,regex,(?:^|[^\p{L}\p{N}_])himtoo(?:[^\p{L}\p{N}_]|$)
Saint Martin (French part),#MeToo,#MeToo,MeToo,metoo,True,True,False,Support / Global,Support,,Baseline global #MeToo hashtag; included for every country/territory as the common cross-border search term. Translation/Gloss: Me too.,regex,(?:^|[^\p{L}\p{N}_])metoo(?:[^\p{L}\p{N}_]|$)
Saint Martin (French part),#MoiAussi,#MoiAussi,MoiAussi,moiaussi,True,True,False,Support / Translation,Support,,"French-language equivalent of #MeToo, documented in Canada/Francophone coverage. Translation/Gloss: Me too.",regex,(?:^|[^\p{L}\p{N}_])moiaussi(?:[^\p{L}\p{N}_]|$)
Saint Martin (French part),#NousToutes,#NousToutes,NousToutes,noustoutes,True,True,False,Support / Adjacent,Support,,French feminist collective/hashtag after #MeToo and #BalanceTonPorc focused on violence against women. Translation/Gloss: All of us women.,regex,(?:^|[^\p{L}\p{N}_])noustoutes(?:[^\p{L}\p{N}_]|$)
Saint Martin (French part),harcèlement sexuel,harcèlement sexuel,harcèlement sexuel,harcèlement sexuel,False,False,False,Support / Search Term,Support,,French publication/search keyword. Translation/Gloss: sexual harassment.,regex,(?:^|[^\p{L}\p{N}_])harcèlement\ sexuel(?:[^\p{L}\p{N}_]|$)
Saint Pierre and Miquelon,#BalanceTonPorc,#BalanceTonPorc,BalanceTonPorc,balancetonporc,True,True,False,Support / Adjacent,Support,,French #MeToo-era hashtag for naming or denouncing perpetrators; also provoked public backlash debates. Translation/Gloss: Expose/denounce your pig.,regex,(?:^|[^\p{L}\p{N}_])balancetonporc(?:[^\p{L}\p{N}_]|$)
Saint Pierre and Miquelon,#HimToo,#HimToo,HimToo,himtoo,True,True,False,Backlash / Counter,Backlash,,Major counter-/backlash hashtag that recast #MeToo through false-accusation or accused-men-as-victims narratives; included as a global backlash search term. Translation/Gloss: Him too.,regex,(?:^|[^\p{L}\p{N}_])himtoo(?:[^\p{L}\p{N}_]|$)
Saint Pierre and Miquelon,#MeToo,#MeToo,MeToo,metoo,True,True,False,Support / Global,Support,,Baseline global #MeToo hashtag; included for every country/territory as the common cross-border search term. Translation/Gloss: Me too.,regex,(?:^|[^\p{L}\p{N}_])metoo(?:[^\p{L}\p{N}_]|$)
Saint Pierre and Miquelon,#MoiAussi,#MoiAussi,MoiAussi,moiaussi,True,True,False,Support / Translation,Support,,"French-language equivalent of #MeToo, documented in Canada/Francophone coverage. Translation/Gloss: Me too.",regex,(?:^|[^\p{L}\p{N}_])moiaussi(?:[^\p{L}\p{N}_]|$)
Saint Pierre and Miquelon,#NousToutes,#NousToutes,NousToutes,noustoutes,True,True,False,Support / Adjacent,Support,,French feminist collective/hashtag after #MeToo and #BalanceTonPorc focused on violence against women. Translation/Gloss: All of us women.,regex,(?:^|[^\p{L}\p{N}_])noustoutes(?:[^\p{L}\p{N}_]|$)
Saint Pierre and Miquelon,harcèlement sexuel,harcèlement sexuel,harcèlement sexuel,harcèlement sexuel,False,False,False,Support / Search Term,Support,,French publication/search keyword. Translation/Gloss: sexual harassment.,regex,(?:^|[^\p{L}\p{N}_])harcèlement\ sexuel(?:[^\p{L}\p{N}_]|$)
Saint Vincent and the Grenadines,#BelieveWomen,#BelieveWomen,BelieveWomen,believewomen,True,True,False,Support / Solidarity,Support,,Survivor-belief and anti-victim-blaming phrase used in #MeToo-related discourse. Translation/Gloss: Believe women.,regex,(?:^|[^\p{L}\p{N}_])believewomen(?:[^\p{L}\p{N}_]|$)
Saint Vincent and the Grenadines,#HimToo,#HimToo,HimToo,himtoo,True,True,False,Backlash / Counter,Backlash,,Major counter-/backlash hashtag that recast #MeToo through false-accusation or accused-men-as-victims narratives; included as a global backlash search term. Translation/Gloss: Him too.,regex,(?:^|[^\p{L}\p{N}_])himtoo(?:[^\p{L}\p{N}_]|$)
Saint Vincent and the Grenadines,#MeToo,#MeToo,MeToo,metoo,True,True,False,Support / Global,Support,,Baseline global #MeToo hashtag; included for every country/territory as the common cross-border search term. Translation/Gloss: Me too.,regex,(?:^|[^\p{L}\p{N}_])metoo(?:[^\p{L}\p{N}_]|$)
Saint Vincent and the Grenadines,#TimesUp,#TimesUp,TimesUp,timesup,True,True,False,Support / Solidarity,Support,,Transnational accountability and anti-harassment hashtag frequently paired with #MeToo. Translation/Gloss: Time is up.,regex,(?:^|[^\p{L}\p{N}_])timesup(?:[^\p{L}\p{N}_]|$)
Saint Vincent and the Grenadines,sexual harassment,sexual harassment,sexual harassment,sexual harassment,False,True,False,Support / Search Term,Support,,English search keyword for #MeToo-related social-media and publication searches. Translation/Gloss: sexual harassment.,regex,(?:^|[^\p{L}\p{N}_])sexual\ harassment(?:[^\p{L}\p{N}_]|$)
Saint Vincent and the Grenadines,violence against women,violence against women,violence against women,violence against women,False,True,False,Support / Search Term,Support,,English search keyword for adjacent #MeToo and gender-based violence coverage. Translation/Gloss: violence against women.,regex,(?:^|[^\p{L}\p{N}_])violence\ against\ women(?:[^\p{L}\p{N}_]|$)
Samoa,#HimToo,#HimToo,HimToo,himtoo,True,True,False,Backlash / Counter,Backlash,,Major counter-/backlash hashtag that recast #MeToo through false-accusation or accused-men-as-victims narratives; included as a global backlash search term. Translation/Gloss: Him too.,regex,(?:^|[^\p{L}\p{N}_])himtoo(?:[^\p{L}\p{N}_]|$)
Samoa,#MeToo,#MeToo,MeToo,metoo,True,True,False,Support / Global,Support,,Baseline global #MeToo hashtag; included for every country/territory as the common cross-border search term. Translation/Gloss: Me too.,regex,(?:^|[^\p{L}\p{N}_])metoo(?:[^\p{L}\p{N}_]|$)
San Marino,#HimToo,#HimToo,HimToo,himtoo,True,True,False,Backlash / Counter,Backlash,,Major counter-/backlash hashtag that recast #MeToo through false-accusation or accused-men-as-victims narratives; included as a global backlash search term. Translation/Gloss: Him too.,regex,(?:^|[^\p{L}\p{N}_])himtoo(?:[^\p{L}\p{N}_]|$)
San Marino,#IoAnche,#IoAnche,IoAnche,ioanche,True,True,False,Support / Translation,Support,,Italian equivalent of #MeToo. Translation/Gloss: Me too.,regex,(?:^|[^\p{L}\p{N}_])ioanche(?:[^\p{L}\p{N}_]|$)
San Marino,#MeToo,#MeToo,MeToo,metoo,True,True,False,Support / Global,Support,,Baseline global #MeToo hashtag; included for every country/territory as the common cross-border search term. Translation/Gloss: Me too.,regex,(?:^|[^\p{L}\p{N}_])metoo(?:[^\p{L}\p{N}_]|$)
San Marino,#QuellaVoltaChe,#QuellaVoltaChe,QuellaVoltaChe,quellavoltache,True,True,False,Support / Adjacent,Support,,Italian #MeToo-era testimony hashtag. Translation/Gloss: That time when.,regex,(?:^|[^\p{L}\p{N}_])quellavoltache(?:[^\p{L}\p{N}_]|$)
San Marino,molestie sessuali,molestie sessuali,molestie sessuali,molestie sessuali,False,True,False,Support / Search Term,Support,,Italian publication/search keyword. Translation/Gloss: sexual harassment.,regex,(?:^|[^\p{L}\p{N}_])molestie\ sessuali(?:[^\p{L}\p{N}_]|$)
São Tomé and Príncipe,#ChegaDeFiuFiu,#ChegaDeFiuFiu,ChegaDeFiuFiu,chegadefiufiu,True,True,False,Support / Adjacent,Support,,Brazil-origin anti-street-harassment campaign; relevant for Portuguese-language searches. Translation/Gloss: Enough with catcalling.,regex,(?:^|[^\p{L}\p{N}_])chegadefiufiu(?:[^\p{L}\p{N}_]|$)
São Tomé and Príncipe,#EuTambém,#EuTambém,EuTambém,eutambém,True,False,False,Support / Translation,Support,,Portuguese equivalent of #MeToo. Translation/Gloss: Me too.,regex,(?:^|[^\p{L}\p{N}_])eutambém(?:[^\p{L}\p{N}_]|$)
São Tomé and Príncipe,#HimToo,#HimToo,HimToo,himtoo,True,True,False,Backlash / Counter,Backlash,,Major counter-/backlash hashtag that recast #MeToo through false-accusation or accused-men-as-victims narratives; included as a global backlash search term. Translation/Gloss: Him too.,regex,(?:^|[^\p{L}\p{N}_])himtoo(?:[^\p{L}\p{N}_]|$)
São Tomé and Príncipe,#MeToo,#MeToo,MeToo,metoo,True,True,False,Support / Global,Support,,Baseline global #MeToo hashtag; included for every country/territory as the common cross-border search term. Translation/Gloss: Me too.,regex,(?:^|[^\p{L}\p{N}_])metoo(?:[^\p{L}\p{N}_]|$)
São Tomé and Príncipe,#PrimeiroAssédio,#PrimeiroAssédio,PrimeiroAssédio,primeiroassédio,True,False,False,Support / Adjacent,Support,,Brazil-origin hashtag where women shared first harassment experiences. Translation/Gloss: First harassment.,regex,(?:^|[^\p{L}\p{N}_])primeiroassédio(?:[^\p{L}\p{N}_]|$)
São Tomé and Príncipe,assédio sexual,assédio sexual,assédio sexual,assédio sexual,False,False,False,Support / Search Term,Support,,Portuguese publication/search keyword. Translation/Gloss: sexual harassment.,regex,(?:^|[^\p{L}\p{N}_])assédio\ sexual(?:[^\p{L}\p{N}_]|$)
Saudi Arabia,#HimToo,#HimToo,HimToo,himtoo,True,True,False,Backlash / Counter,Backlash,,Major counter-/backlash hashtag that recast #MeToo through false-accusation or accused-men-as-victims narratives; included as a global backlash search term. Translation/Gloss: Him too.,regex,(?:^|[^\p{L}\p{N}_])himtoo(?:[^\p{L}\p{N}_]|$)
Saudi Arabia,#MeToo,#MeToo,MeToo,metoo,True,True,False,Support / Global,Support,,Baseline global #MeToo hashtag; included for every country/territory as the common cross-border search term. Translation/Gloss: Me too.,regex,(?:^|[^\p{L}\p{N}_])metoo(?:[^\p{L}\p{N}_]|$)
Saudi Arabia,#MosqueMeToo,#MosqueMeToo,MosqueMeToo,mosquemetoo,True,True,False,Support / Adjacent,Support,,"Saudi Arabia/Hajj context: hashtag for harassment or abuse in holy places, including accounts connected to pilgrimage to Mecca. Translation/Gloss: MeToo in mosque/Hajj contexts.",regex,(?:^|[^\p{L}\p{N}_])mosquemetoo(?:[^\p{L}\p{N}_]|$)
Saudi Arabia,#أنا_أيضا,#أنا_أيضا,أنا_أيضا,أنا_أيضا,True,False,False,Support / Translation,Support,,Formal Arabic equivalent of #MeToo. Translation/Gloss: Me too / I also.,substr,
Saudi Arabia,#أنا_كمان,#أنا_كمان,أنا_كمان,أنا_كمان,True,False,False,Support / Translation,Support,,Arabic #MeToo counterpart used across Arabic-speaking social media. Translation/Gloss: Me too.,substr,
Saudi Arabia,Loujain al-Hathloul / Rahaf Mohammed,Loujain al-Hathloul,Loujain al-Hathloul,loujain al-hathloul,False,True,False,Support / Cases,Support,,Jailed driving activist; 2019 #SaveRahaf asylum episode. State prosecution of activists = backlash context.,regex,(?:^|[^\p{L}\p{N}_])loujain\ al\-hathloul(?:[^\p{L}\p{N}_]|$)
Saudi Arabia,Loujain al-Hathloul / Rahaf Mohammed,Rahaf Mohammed,Rahaf Mohammed,rahaf mohammed,False,True,False,Support / Cases,Support,,Jailed driving activist; 2019 #SaveRahaf asylum episode. State prosecution of activists = backlash context.,regex,(?:^|[^\p{L}\p{N}_])rahaf\ mohammed(?:[^\p{L}\p{N}_]|$)
Saudi Arabia,التحرش_الجنسي,التحرش_الجنسي,التحرش_الجنسي,التحرش_الجنسي,False,False,False,Support / Search Term,Support,,Arabic publication/search keyword. Translation/Gloss: sexual harassment.,substr,
Saudi Arabia,العنف_ضد_المرأة,العنف_ضد_المرأة,العنف_ضد_المرأة,العنف_ضد_المرأة,False,False,False,Support / Search Term,Support,,Arabic publication/search keyword. Translation/Gloss: violence against women.,substr,
Saudi Arabia,سعوديات_نطالب_باسقاط_الولاية (end guardianship),سعوديات_نطالب_باسقاط_الولاية (end guardianship),سعوديات_نطالب_باسقاط_الولاية (end guardianship),سعوديات_نطالب_باسقاط_الولاية (end guardianship),False,False,False,Support / Adjacent Women's-Rights,Support,,"2016+ campaign to end male guardianship; with #Women2Drive, the main Saudi women's-rights mobilizations; MeToo-style naming is nearly absent due to repression.",regex,(?:^|[^\p{L}\p{N}_])سعوديات_نطالب_باسقاط_الولاية\ \(end\ guardianship\)(?:[^\p{L}\p{N}_]|$)
Senegal,#BalanceTonPorc,#BalanceTonPorc,BalanceTonPorc,balancetonporc,True,True,False,Support / Adjacent,Support,,French #MeToo-era hashtag for naming or denouncing perpetrators; also provoked public backlash debates. Translation/Gloss: Expose/denounce your pig.,regex,(?:^|[^\p{L}\p{N}_])balancetonporc(?:[^\p{L}\p{N}_]|$)
Senegal,#Doyna,#Doyna,Doyna,doyna,True,True,False,Support,Support,,"'That's enough', Dec 2018 (Fatima Zahra Ba); resurfaced in the 2019-20 push that criminalized rape (law passed Jan 2020).",regex,(?:^|[^\p{L}\p{N}_])doyna(?:[^\p{L}\p{N}_]|$)
Senegal,#HimToo,#HimToo,HimToo,himtoo,True,True,False,Backlash / Counter,Backlash,,Major counter-/backlash hashtag that recast #MeToo through false-accusation or accused-men-as-victims narratives; included as a global backlash search term. Translation/Gloss: Him too.,regex,(?:^|[^\p{L}\p{N}_])himtoo(?:[^\p{L}\p{N}_]|$)
Senegal,#MeToo,#MeToo,MeToo,metoo,True,True,False,Support / Global,Support,,Baseline global #MeToo hashtag; included for every country/territory as the common cross-border search term. Translation/Gloss: Me too.,regex,(?:^|[^\p{L}\p{N}_])metoo(?:[^\p{L}\p{N}_]|$)
Senegal,#MoiAussi,#MoiAussi,MoiAussi,moiaussi,True,True,False,Support / Translation,Support,,"French-language equivalent of #MeToo, documented in Canada/Francophone coverage. Translation/Gloss: Me too.",regex,(?:^|[^\p{L}\p{N}_])moiaussi(?:[^\p{L}\p{N}_]|$)
Senegal,#Nopiwouma,#Nopiwouma,Nopiwouma,nopiwouma,True,True,False,Support,Support,,"'I will not shut up', Nov 2017, launched by Ndambaw Kama Thiat and Olivia Codou to break silence on GBV; explicitly inspired by #MeToo/#BalanceTonPorc.",regex,(?:^|[^\p{L}\p{N}_])nopiwouma(?:[^\p{L}\p{N}_]|$)
Senegal,#NousToutes,#NousToutes,NousToutes,noustoutes,True,True,False,Support / Adjacent,Support,,French feminist collective/hashtag after #MeToo and #BalanceTonPorc focused on violence against women. Translation/Gloss: All of us women.,regex,(?:^|[^\p{L}\p{N}_])noustoutes(?:[^\p{L}\p{N}_]|$)
Senegal,Adji Sarr / Ousmane Sonko,Adji Sarr,Adji Sarr,adji sarr,False,True,False,Ambiguous / Politicized,Ambiguous,,"2021 rape accusation against opposition leader Sonko; massively politicized (riots, #FreeSenegal pro-Sonko) - stance labels unreliable without context.",regex,(?:^|[^\p{L}\p{N}_])adji\ sarr(?:[^\p{L}\p{N}_]|$)
Senegal,Adji Sarr / Ousmane Sonko,Ousmane Sonko,Ousmane Sonko,ousmane sonko,False,True,False,Ambiguous / Politicized,Ambiguous,,"2021 rape accusation against opposition leader Sonko; massively politicized (riots, #FreeSenegal pro-Sonko) - stance labels unreliable without context.",regex,(?:^|[^\p{L}\p{N}_])ousmane\ sonko(?:[^\p{L}\p{N}_]|$)
Senegal,harcèlement sexuel,harcèlement sexuel,harcèlement sexuel,harcèlement sexuel,False,False,False,Support / Search Term,Support,,French publication/search keyword. Translation/Gloss: sexual harassment.,regex,(?:^|[^\p{L}\p{N}_])harcèlement\ sexuel(?:[^\p{L}\p{N}_]|$)
Senegal,soutoura / masla / muñ,soutoura,soutoura,soutoura,False,True,False,Backlash / Cultural Silencing Terms,Backlash,,Discretion/tolerance/endurance - Wolof terms invoked to silence survivors; useful as counter-discourse markers.,regex,(?:^|[^\p{L}\p{N}_])soutoura(?:[^\p{L}\p{N}_]|$)
Senegal,soutoura / masla / muñ,masla,masla,masla,False,True,False,Backlash / Cultural Silencing Terms,Backlash,,Discretion/tolerance/endurance - Wolof terms invoked to silence survivors; useful as counter-discourse markers.,regex,(?:^|[^\p{L}\p{N}_])masla(?:[^\p{L}\p{N}_]|$)
Senegal,soutoura / masla / muñ,muñ,muñ,muñ,False,False,False,Backlash / Cultural Silencing Terms,Backlash,,Discretion/tolerance/endurance - Wolof terms invoked to silence survivors; useful as counter-discourse markers.,regex,(?:^|[^\p{L}\p{N}_])muñ(?:[^\p{L}\p{N}_]|$)
Serbia,#HimToo,#HimToo,HimToo,himtoo,True,True,False,Backlash / Counter,Backlash,,Major counter-/backlash hashtag that recast #MeToo through false-accusation or accused-men-as-victims narratives; included as a global backlash search term. Translation/Gloss: Him too.,regex,(?:^|[^\p{L}\p{N}_])himtoo(?:[^\p{L}\p{N}_]|$)
Serbia,#MeToo,#MeToo,MeToo,metoo,True,True,False,Support / Global,Support,,Baseline global #MeToo hashtag; included for every country/territory as the common cross-border search term. Translation/Gloss: Me too.,regex,(?:^|[^\p{L}\p{N}_])metoo(?:[^\p{L}\p{N}_]|$)
Serbia,#NisamTražila,#NisamTražila,NisamTražila,nisamtražila,True,False,False,Support,Support,,"'I didn't ask for it', Jan 2021: actress Milena Radulović reported acting teacher Miroslav Aleksić for rape (convicted 2024); sparked the Balkan-wide wave.",regex,(?:^|[^\p{L}\p{N}_])nisamtražila(?:[^\p{L}\p{N}_]|$)
Serbia,#NisiSama,#NisiSama,NisiSama,nisisama,True,True,False,Support / Solidarity,Support,,Serbia: solidarity tag used around Serbian #MeToo disclosures including Marija Lukic/Milena Radulovic cases. Translation/Gloss: You are not alone.,regex,(?:^|[^\p{L}\p{N}_])nisisama(?:[^\p{L}\p{N}_]|$)
Serbia,#PravdaZaMarijuLukić,#PravdaZaMarijuLukić,PravdaZaMarijuLukić,pravdazamarijulukić,True,False,False,Support / Solidarity,Support,,Serbia: justice campaign around Marija Lukic's sexual-harassment case against a local mayor. Translation/Gloss: Justice for Marija Lukic.,regex,(?:^|[^\p{L}\p{N}_])pravdazamarijulukić(?:[^\p{L}\p{N}_]|$)
Serbia,#nisamprijavila,#nisamprijavila,nisamprijavila,nisamprijavila,True,True,False,Support / Adjacent,Support,,Serbia/Western Balkans: survivors used the tag to recount abuse and failures of reporting systems. Translation/Gloss: I did not report.,regex,(?:^|[^\p{L}\p{N}_])nisamprijavila(?:[^\p{L}\p{N}_]|$)
Serbia,Danijela Štajnfeld / Branislav Lečić,Danijela Štajnfeld,Danijela Štajnfeld,danijela štajnfeld,False,False,False,Support / Case,Support,,2021: actress accused actor/ex-minister Lečić of rape; tabloid attacks on accusers = backlash thread.,regex,(?:^|[^\p{L}\p{N}_])danijela\ štajnfeld(?:[^\p{L}\p{N}_]|$)
Serbia,Danijela Štajnfeld / Branislav Lečić,Branislav Lečić,Branislav Lečić,branislav lečić,False,False,False,Support / Case,Support,,2021: actress accused actor/ex-minister Lečić of rape; tabloid attacks on accusers = backlash thread.,regex,(?:^|[^\p{L}\p{N}_])branislav\ lečić(?:[^\p{L}\p{N}_]|$)
Serbia,seksualno uznemiravanje,seksualno uznemiravanje,seksualno uznemiravanje,seksualno uznemiravanje,False,True,False,Support / Search Term,Support,,Bosnian/Croatian/Serbian search keyword. Translation/Gloss: sexual harassment.,regex,(?:^|[^\p{L}\p{N}_])seksualno\ uznemiravanje(?:[^\p{L}\p{N}_]|$)
Seychelles,#BalanceTonPorc,#BalanceTonPorc,BalanceTonPorc,balancetonporc,True,True,False,Support / Adjacent,Support,,French #MeToo-era hashtag for naming or denouncing perpetrators; also provoked public backlash debates. Translation/Gloss: Expose/denounce your pig.,regex,(?:^|[^\p{L}\p{N}_])balancetonporc(?:[^\p{L}\p{N}_]|$)
Seychelles,#HimToo,#HimToo,HimToo,himtoo,True,True,False,Backlash / Counter,Backlash,,Major counter-/backlash hashtag that recast #MeToo through false-accusation or accused-men-as-victims narratives; included as a global backlash search term. Translation/Gloss: Him too.,regex,(?:^|[^\p{L}\p{N}_])himtoo(?:[^\p{L}\p{N}_]|$)
Seychelles,#MeToo,#MeToo,MeToo,metoo,True,True,False,Support / Global,Support,,Baseline global #MeToo hashtag; included for every country/territory as the common cross-border search term. Translation/Gloss: Me too.,regex,(?:^|[^\p{L}\p{N}_])metoo(?:[^\p{L}\p{N}_]|$)
Seychelles,#MoiAussi,#MoiAussi,MoiAussi,moiaussi,True,True,False,Support / Translation,Support,,"French-language equivalent of #MeToo, documented in Canada/Francophone coverage. Translation/Gloss: Me too.",regex,(?:^|[^\p{L}\p{N}_])moiaussi(?:[^\p{L}\p{N}_]|$)
Seychelles,#NousToutes,#NousToutes,NousToutes,noustoutes,True,True,False,Support / Adjacent,Support,,French feminist collective/hashtag after #MeToo and #BalanceTonPorc focused on violence against women. Translation/Gloss: All of us women.,regex,(?:^|[^\p{L}\p{N}_])noustoutes(?:[^\p{L}\p{N}_]|$)
Seychelles,harcèlement sexuel,harcèlement sexuel,harcèlement sexuel,harcèlement sexuel,False,False,False,Support / Search Term,Support,,French publication/search keyword. Translation/Gloss: sexual harassment.,regex,(?:^|[^\p{L}\p{N}_])harcèlement\ sexuel(?:[^\p{L}\p{N}_]|$)
Sierra Leone,#BelieveWomen,#BelieveWomen,BelieveWomen,believewomen,True,True,False,Support / Solidarity,Support,,Survivor-belief and anti-victim-blaming phrase used in #MeToo-related discourse. Translation/Gloss: Believe women.,regex,(?:^|[^\p{L}\p{N}_])believewomen(?:[^\p{L}\p{N}_]|$)
Sierra Leone,#HandsOffOurGirls,#HandsOffOurGirls,HandsOffOurGirls,handsoffourgirls,True,True,False,Support,Support,,First Lady Fatima Bio's 2018+ campaign; Feb 2019 rape declared a national emergency after child-rape cases.,regex,(?:^|[^\p{L}\p{N}_])handsoffourgirls(?:[^\p{L}\p{N}_]|$)
Sierra Leone,#HimToo,#HimToo,HimToo,himtoo,True,True,False,Backlash / Counter,Backlash,,Major counter-/backlash hashtag that recast #MeToo through false-accusation or accused-men-as-victims narratives; included as a global backlash search term. Translation/Gloss: Him too.,regex,(?:^|[^\p{L}\p{N}_])himtoo(?:[^\p{L}\p{N}_]|$)
Sierra Leone,#MeToo,#MeToo,MeToo,metoo,True,True,False,Support / Global,Support,,Baseline global #MeToo hashtag; included for every country/territory as the common cross-border search term. Translation/Gloss: Me too.,regex,(?:^|[^\p{L}\p{N}_])metoo(?:[^\p{L}\p{N}_]|$)
Sierra Leone,#TimesUp,#TimesUp,TimesUp,timesup,True,True,False,Support / Solidarity,Support,,Transnational accountability and anti-harassment hashtag frequently paired with #MeToo. Translation/Gloss: Time is up.,regex,(?:^|[^\p{L}\p{N}_])timesup(?:[^\p{L}\p{N}_]|$)
Sierra Leone,sexual harassment,sexual harassment,sexual harassment,sexual harassment,False,True,False,Support / Search Term,Support,,English search keyword for #MeToo-related social-media and publication searches. Translation/Gloss: sexual harassment.,regex,(?:^|[^\p{L}\p{N}_])sexual\ harassment(?:[^\p{L}\p{N}_]|$)
Sierra Leone,violence against women,violence against women,violence against women,violence against women,False,True,False,Support / Search Term,Support,,English search keyword for adjacent #MeToo and gender-based violence coverage. Translation/Gloss: violence against women.,regex,(?:^|[^\p{L}\p{N}_])violence\ against\ women(?:[^\p{L}\p{N}_]|$)
Singapore,#BelieveWomen,#BelieveWomen,BelieveWomen,believewomen,True,True,False,Support / Solidarity,Support,,Survivor-belief and anti-victim-blaming phrase used in #MeToo-related discourse. Translation/Gloss: Believe women.,regex,(?:^|[^\p{L}\p{N}_])believewomen(?:[^\p{L}\p{N}_]|$)
Singapore,#HimToo,#HimToo,HimToo,himtoo,True,True,False,Backlash / Counter,Backlash,,Major counter-/backlash hashtag that recast #MeToo through false-accusation or accused-men-as-victims narratives; included as a global backlash search term. Translation/Gloss: Him too.,regex,(?:^|[^\p{L}\p{N}_])himtoo(?:[^\p{L}\p{N}_]|$)
Singapore,#MeToo,#MeToo,MeToo,metoo,True,True,False,Support / Global,Support,,Baseline global #MeToo hashtag; included for every country/territory as the common cross-border search term. Translation/Gloss: Me too.,regex,(?:^|[^\p{L}\p{N}_])metoo(?:[^\p{L}\p{N}_]|$)
Singapore,#MulaiBicara,#MulaiBicara,MulaiBicara,mulaibicara,True,True,False,Support / Adjacent,Support,,Southeast Asian #MeToo-adjacent phrase for beginning to speak about harassment/violence. Translation/Gloss: Start speaking.,regex,(?:^|[^\p{L}\p{N}_])mulaibicara(?:[^\p{L}\p{N}_]|$)
Singapore,#RiceBunny,#RiceBunny,RiceBunny,ricebunny,True,True,False,Support / Censorship Workaround,Support,,English transliteration/hashtag version of the Chinese coded #MeToo phrase. Translation/Gloss: Rice bunny / MeToo homophone.,regex,(?:^|[^\p{L}\p{N}_])ricebunny(?:[^\p{L}\p{N}_]|$)
Singapore,#SayaJuga,#SayaJuga,SayaJuga,sayajuga,True,True,False,Support / Translation / Localized,Support,,Malay/Indonesian equivalent and local #MeToo-inspired hashtag. Translation/Gloss: Me too.,regex,(?:^|[^\p{L}\p{N}_])sayajuga(?:[^\p{L}\p{N}_]|$)
Singapore,#TimesUp,#TimesUp,TimesUp,timesup,True,True,False,Support / Solidarity,Support,,Transnational accountability and anti-harassment hashtag frequently paired with #MeToo. Translation/Gloss: Time is up.,regex,(?:^|[^\p{L}\p{N}_])timesup(?:[^\p{L}\p{N}_]|$)
Singapore,#我也是,#我也是,我也是,我也是,True,False,True,Support / Translation,Support,,Chinese #MeToo equivalent. Translation/Gloss: Me too.,substr,
Singapore,#米兔,#米兔,米兔,米兔,True,False,True,Support / Censorship Workaround,Support,,Chinese homophone/coded form used to avoid #MeToo censorship. Translation/Gloss: Rice bunny / MeToo homophone.,substr,
Singapore,Monica Baey,Monica Baey,Monica Baey,monica baey,False,True,False,Support / Trigger Case,Support,,Apr 2019: NUS student went public on Instagram after lenient handling of a peeping-tom case; forced university and national policy responses - Singapore's MeToo moment (AWARE = key NGO).,regex,(?:^|[^\p{L}\p{N}_])monica\ baey(?:[^\p{L}\p{N}_]|$)
Singapore,pelecehan seksual,pelecehan seksual,pelecehan seksual,pelecehan seksual,False,True,False,Support / Search Term,Support,,Indonesian/Malay publication/search keyword. Translation/Gloss: sexual harassment.,regex,(?:^|[^\p{L}\p{N}_])pelecehan\ seksual(?:[^\p{L}\p{N}_]|$)
Singapore,sexual harassment,sexual harassment,sexual harassment,sexual harassment,False,True,False,Support / Search Term,Support,,English search keyword for #MeToo-related social-media and publication searches. Translation/Gloss: sexual harassment.,regex,(?:^|[^\p{L}\p{N}_])sexual\ harassment(?:[^\p{L}\p{N}_]|$)
Singapore,violence against women,violence against women,violence against women,violence against women,False,True,False,Support / Search Term,Support,,English search keyword for adjacent #MeToo and gender-based violence coverage. Translation/Gloss: violence against women.,regex,(?:^|[^\p{L}\p{N}_])violence\ against\ women(?:[^\p{L}\p{N}_]|$)
Singapore,性骚扰,性骚扰,性骚扰,性骚扰,False,False,True,Support / Search Term,Support,,Chinese publication/search keyword. Translation/Gloss: sexual harassment.,substr,
Sint Maarten (Dutch part),#HimToo,#HimToo,HimToo,himtoo,True,True,False,Backlash / Counter,Backlash,,Major counter-/backlash hashtag that recast #MeToo through false-accusation or accused-men-as-victims narratives; included as a global backlash search term. Translation/Gloss: Him too.,regex,(?:^|[^\p{L}\p{N}_])himtoo(?:[^\p{L}\p{N}_]|$)
Sint Maarten (Dutch part),#IkOok,#IkOok,IkOok,ikook,True,True,False,Support / Translation,Support,,Dutch equivalent of #MeToo. Translation/Gloss: Me too.,regex,(?:^|[^\p{L}\p{N}_])ikook(?:[^\p{L}\p{N}_]|$)
Sint Maarten (Dutch part),#MeToo,#MeToo,MeToo,metoo,True,True,False,Support / Global,Support,,Baseline global #MeToo hashtag; included for every country/territory as the common cross-border search term. Translation/Gloss: Me too.,regex,(?:^|[^\p{L}\p{N}_])metoo(?:[^\p{L}\p{N}_]|$)
Sint Maarten (Dutch part),seksuele intimidatie,seksuele intimidatie,seksuele intimidatie,seksuele intimidatie,False,True,False,Support / Search Term,Support,,Dutch publication/search keyword. Translation/Gloss: sexual harassment.,regex,(?:^|[^\p{L}\p{N}_])seksuele\ intimidatie(?:[^\p{L}\p{N}_]|$)
Slovakia,#AjJa,#AjJa,AjJa,ajja,True,True,False,Support / Translation,Support,,Slovak equivalent of #MeToo. Translation/Gloss: Me too.,regex,(?:^|[^\p{L}\p{N}_])ajja(?:[^\p{L}\p{N}_]|$)
Slovakia,#HimToo,#HimToo,HimToo,himtoo,True,True,False,Backlash / Counter,Backlash,,Major counter-/backlash hashtag that recast #MeToo through false-accusation or accused-men-as-victims narratives; included as a global backlash search term. Translation/Gloss: Him too.,regex,(?:^|[^\p{L}\p{N}_])himtoo(?:[^\p{L}\p{N}_]|$)
Slovakia,#MeToo,#MeToo,MeToo,metoo,True,True,False,Support / Global,Support,,Baseline global #MeToo hashtag; included for every country/territory as the common cross-border search term. Translation/Gloss: Me too.,regex,(?:^|[^\p{L}\p{N}_])metoo(?:[^\p{L}\p{N}_]|$)
Slovakia,sexuálne obťažovanie,sexuálne obťažovanie,sexuálne obťažovanie,sexuálne obťažovanie,False,False,False,Support / Generic Term,Support,,Skeptical climate similar to Czechia; no distinct national wave documented.,regex,(?:^|[^\p{L}\p{N}_])sexuálne\ obťažovanie(?:[^\p{L}\p{N}_]|$)
Slovenia,#HimToo,#HimToo,HimToo,himtoo,True,True,False,Backlash / Counter,Backlash,,Major counter-/backlash hashtag that recast #MeToo through false-accusation or accused-men-as-victims narratives; included as a global backlash search term. Translation/Gloss: Him too.,regex,(?:^|[^\p{L}\p{N}_])himtoo(?:[^\p{L}\p{N}_]|$)
Slovenia,#MeToo,#MeToo,MeToo,metoo,True,True,False,Support / Global,Support,,Baseline global #MeToo hashtag; included for every country/territory as the common cross-border search term. Translation/Gloss: Me too.,regex,(?:^|[^\p{L}\p{N}_])metoo(?:[^\p{L}\p{N}_]|$)
Slovenia,#NisamTražila,#NisamTražila,NisamTražila,nisamtražila,True,False,False,Support / Adjacent,Support,,Western Balkan survivor-support initiative responding to sexual violence disclosures. Translation/Gloss: I didn't ask for it.,regex,(?:^|[^\p{L}\p{N}_])nisamtražila(?:[^\p{L}\p{N}_]|$)
Slovenia,#jaztudi,#jaztudi,jaztudi,jaztudi,True,True,False,Support,Support,,"Slovenian 'me too', 2018 testimony campaign run by Inštitut 8. marec (Nika Kovač).",regex,(?:^|[^\p{L}\p{N}_])jaztudi(?:[^\p{L}\p{N}_]|$)
Slovenia,#nisamprijavila,#nisamprijavila,nisamprijavila,nisamprijavila,True,True,False,Support / Adjacent,Support,,Western Balkan hashtag where women recounted sexual abuse/harassment and barriers to reporting. Translation/Gloss: I did not report.,regex,(?:^|[^\p{L}\p{N}_])nisamprijavila(?:[^\p{L}\p{N}_]|$)
Slovenia,samo ja pomeni ja,samo ja pomeni ja,samo ja pomeni ja,samo ja pomeni ja,False,True,False,Support,Support,,'Only yes means yes' - consent-based rape-law campaign; law passed June 2021.,regex,(?:^|[^\p{L}\p{N}_])samo\ ja\ pomeni\ ja(?:[^\p{L}\p{N}_]|$)
Slovenia,seksualno uznemiravanje,seksualno uznemiravanje,seksualno uznemiravanje,seksualno uznemiravanje,False,True,False,Support / Search Term,Support,,Bosnian/Croatian/Serbian search keyword. Translation/Gloss: sexual harassment.,regex,(?:^|[^\p{L}\p{N}_])seksualno\ uznemiravanje(?:[^\p{L}\p{N}_]|$)
Solomon Islands,#HimToo,#HimToo,HimToo,himtoo,True,True,False,Backlash / Counter,Backlash,,Major counter-/backlash hashtag that recast #MeToo through false-accusation or accused-men-as-victims narratives; included as a global backlash search term. Translation/Gloss: Him too.,regex,(?:^|[^\p{L}\p{N}_])himtoo(?:[^\p{L}\p{N}_]|$)
Solomon Islands,#MeToo,#MeToo,MeToo,metoo,True,True,False,Support / Global,Support,,Baseline global #MeToo hashtag; included for every country/territory as the common cross-border search term. Translation/Gloss: Me too.,regex,(?:^|[^\p{L}\p{N}_])metoo(?:[^\p{L}\p{N}_]|$)
Somalia,#HimToo,#HimToo,HimToo,himtoo,True,True,False,Backlash / Counter,Backlash,,Major counter-/backlash hashtag that recast #MeToo through false-accusation or accused-men-as-victims narratives; included as a global backlash search term. Translation/Gloss: Him too.,regex,(?:^|[^\p{L}\p{N}_])himtoo(?:[^\p{L}\p{N}_]|$)
Somalia,#MeToo,#MeToo,MeToo,metoo,True,True,False,Support / Global,Support,,Baseline global #MeToo hashtag; included for every country/territory as the common cross-border search term. Translation/Gloss: Me too.,regex,(?:^|[^\p{L}\p{N}_])metoo(?:[^\p{L}\p{N}_]|$)
Somalia,#MosqueMeToo,#MosqueMeToo,MosqueMeToo,mosquemetoo,True,True,False,Support / Adjacent,Support,,"Hashtag for Muslim women's accounts of harassment/abuse during Hajj, in mosques, or in religious spaces. Translation/Gloss: MeToo in mosque/Hajj contexts.",regex,(?:^|[^\p{L}\p{N}_])mosquemetoo(?:[^\p{L}\p{N}_]|$)
Somalia,#أنا_أيضا,#أنا_أيضا,أنا_أيضا,أنا_أيضا,True,False,False,Support / Translation,Support,,Formal Arabic equivalent of #MeToo. Translation/Gloss: Me too / I also.,substr,
Somalia,#أنا_كمان,#أنا_كمان,أنا_كمان,أنا_كمان,True,False,False,Support / Translation,Support,,Arabic #MeToo counterpart used across Arabic-speaking social media. Translation/Gloss: Me too.,substr,
Somalia,sexual violence (generic),sexual violence,sexual violence,sexual violence,False,True,False,Support / Generic Term,Support,generic,No hashtag movement; 2020 'intercourse bill' controversy (rolling back sexual-offences law) is the key legislative flashpoint.,regex,(?:^|[^\p{L}\p{N}_])sexual\ violence(?:[^\p{L}\p{N}_]|$)
Somalia,التحرش_الجنسي,التحرش_الجنسي,التحرش_الجنسي,التحرش_الجنسي,False,False,False,Support / Search Term,Support,,Arabic publication/search keyword. Translation/Gloss: sexual harassment.,substr,
Somalia,العنف_ضد_المرأة,العنف_ضد_المرأة,العنف_ضد_المرأة,العنف_ضد_المرأة,False,False,False,Support / Search Term,Support,,Arabic publication/search keyword. Translation/Gloss: violence against women.,substr,
South Africa,#AmINext,#AmINext,AmINext,aminext,True,True,False,Support,Support,,"Erupted in 2019 after the rape and murder of 19-year-old student Uyinene Mrwetyana inside a post office, highlighting extreme national femicide rates.",regex,(?:^|[^\p{L}\p{N}_])aminext(?:[^\p{L}\p{N}_]|$)
South Africa,#BelieveWomen,#BelieveWomen,BelieveWomen,believewomen,True,True,False,Support / Solidarity,Support,,Survivor-belief and anti-victim-blaming phrase used in #MeToo-related discourse. Translation/Gloss: Believe women.,regex,(?:^|[^\p{L}\p{N}_])believewomen(?:[^\p{L}\p{N}_]|$)
South Africa,#EndRapeCulture,#EndRapeCulture,EndRapeCulture,endrapeculture,True,True,False,Support / Adjacent,Support,,South Africa: common anti-rape-culture hashtag used in student and GBV activism. Translation/Gloss: End rape culture.,regex,(?:^|[^\p{L}\p{N}_])endrapeculture(?:[^\p{L}\p{N}_]|$)
South Africa,#EndRapeCulture / #RUReferenceList,#RUReferenceList,RUReferenceList,rureferencelist,True,True,False,Support,Support,,2016 university campaigns; the Rhodes University list of alleged rapists prefigured MeToo naming debates.,regex,(?:^|[^\p{L}\p{N}_])rureferencelist(?:[^\p{L}\p{N}_]|$)
South Africa,#HimToo,#HimToo,HimToo,himtoo,True,True,False,Backlash / Counter,Backlash,,Major counter-/backlash hashtag that recast #MeToo through false-accusation or accused-men-as-victims narratives; included as a global backlash search term. Translation/Gloss: Him too.,regex,(?:^|[^\p{L}\p{N}_])himtoo(?:[^\p{L}\p{N}_]|$)
South Africa,#MeToo,#MeToo,MeToo,metoo,True,True,False,Support / Global,Support,,Baseline global #MeToo hashtag; included for every country/territory as the common cross-border search term. Translation/Gloss: Me too.,regex,(?:^|[^\p{L}\p{N}_])metoo(?:[^\p{L}\p{N}_]|$)
South Africa,#MenAreTrash,#MenAreTrash,MenAreTrash,menaretrash,True,True,False,Support-aligned / Contested,Support,,Venting tag after femicides (Karabo Mokoena 2017); provoked the #NotAllMen backlash - both are high-volume stance markers in SA discourse.,regex,(?:^|[^\p{L}\p{N}_])menaretrash(?:[^\p{L}\p{N}_]|$)
South Africa,#RememberKhwezi,#RememberKhwezi,RememberKhwezi,rememberkhwezi,True,True,False,Support,Support,,"2016 silent protest honoring Fezekile 'Khwezi' Kuzwayo, Jacob Zuma's rape-trial accuser.",regex,(?:^|[^\p{L}\p{N}_])rememberkhwezi(?:[^\p{L}\p{N}_]|$)
South Africa,#SAShutdown,#SAShutdown,SAShutdown,sashutdown,True,True,False,Support / Adjacent,Support,,South Africa: hashtag movement/marches against gender-based violence and femicide. Translation/Gloss: South Africa shutdown.,regex,(?:^|[^\p{L}\p{N}_])sashutdown(?:[^\p{L}\p{N}_]|$)
South Africa,#TimesUp,#TimesUp,TimesUp,timesup,True,True,False,Support / Solidarity,Support,,Transnational accountability and anti-harassment hashtag frequently paired with #MeToo. Translation/Gloss: Time is up.,regex,(?:^|[^\p{L}\p{N}_])timesup(?:[^\p{L}\p{N}_]|$)
South Africa,#TotalShutdown,#TotalShutdown,TotalShutdown,totalshutdown,True,True,False,Support,Support,,Aug 2018 nationwide women's marches against GBV; led to presidential GBVF summit ('GBVF' = key SA policy keyword).,regex,(?:^|[^\p{L}\p{N}_])totalshutdown(?:[^\p{L}\p{N}_]|$)
South Africa,sexual harassment,sexual harassment,sexual harassment,sexual harassment,False,True,False,Support / Search Term,Support,,English search keyword for #MeToo-related social-media and publication searches. Translation/Gloss: sexual harassment.,regex,(?:^|[^\p{L}\p{N}_])sexual\ harassment(?:[^\p{L}\p{N}_]|$)
South Africa,violence against women,violence against women,violence against women,violence against women,False,True,False,Support / Search Term,Support,,English search keyword for adjacent #MeToo and gender-based violence coverage. Translation/Gloss: violence against women.,regex,(?:^|[^\p{L}\p{N}_])violence\ against\ women(?:[^\p{L}\p{N}_]|$)
South Georgia and the South Sandwich Islands,#HimToo,#HimToo,HimToo,himtoo,True,True,False,Backlash / Counter,Backlash,,Major counter-/backlash hashtag that recast #MeToo through false-accusation or accused-men-as-victims narratives; included as a global backlash search term. Translation/Gloss: Him too.,regex,(?:^|[^\p{L}\p{N}_])himtoo(?:[^\p{L}\p{N}_]|$)
South Georgia and the South Sandwich Islands,#MeToo,#MeToo,MeToo,metoo,True,True,False,Support / Global,Support,,Baseline global #MeToo hashtag; included for every country/territory as the common cross-border search term. Translation/Gloss: Me too.,regex,(?:^|[^\p{L}\p{N}_])metoo(?:[^\p{L}\p{N}_]|$)
South Korea,#HimToo,#HimToo,HimToo,himtoo,True,True,False,Backlash / Counter,Backlash,,Major counter-/backlash hashtag that recast #MeToo through false-accusation or accused-men-as-victims narratives; included as a global backlash search term. Translation/Gloss: Him too.,regex,(?:^|[^\p{L}\p{N}_])himtoo(?:[^\p{L}\p{N}_]|$)
South Korea,#MeToo,#MeToo,MeToo,metoo,True,True,False,Support / Global,Support,,Baseline global #MeToo hashtag; included for every country/territory as the common cross-border search term. Translation/Gloss: Me too.,regex,(?:^|[^\p{L}\p{N}_])metoo(?:[^\p{L}\p{N}_]|$)
South Korea,#PencilRegulation,#PencilRegulation,PencilRegulation,pencilregulation,True,True,False,Backlash,Backlash,,Satirical framing of feminism as extreme.,regex,(?:^|[^\p{L}\p{N}_])pencilregulation(?:[^\p{L}\p{N}_]|$)
South Korea,#WithYou,#WithYou,WithYou,withyou,True,True,False,Support / Solidarity,Support,,South Korea: support hashtag after prosecutor Seo Ji-hyun's televised disclosure catalyzed the country's #MeToo wave. Translation/Gloss: With you.,regex,(?:^|[^\p{L}\p{N}_])withyou(?:[^\p{L}\p{N}_]|$)
South Korea,#미투,#미투,미투,미투,True,False,True,Support,Support,,"Ignited when public prosecutor Seo Ji-hyun went on live television to detail how she was groped by a senior colleague and subsequently demoted. Prompted a massive wave across politics, entertainment, and education.",substr,
South Korea,#미투 (#MeToo),#미투 (#MeToo),미투 (#MeToo),미투 (#metoo),True,False,True,Support,Support,,"Exploded Jan 2018 after prosecutor Seo Ji-hyun's live TV interview accusing a senior prosecutor; toppled presidential hopeful Ahn Hee-jung (안희정, convicted), poet Ko Un (고은), director Lee Yoon-taek (이윤택, jailed).",substr,
South Korea,#스쿨미투 (SchoolMeToo),#스쿨미투 (SchoolMeToo),스쿨미투 (SchoolMeToo),스쿨미투 (schoolmetoo),True,False,True,Support,Support,,2018: students exposing teacher abuse across schools.,substr,
South Korea,#영화계_내_성폭력,#영화계_내_성폭력,영화계_내_성폭력,영화계_내_성폭력,True,False,True,Support / Sectoral,Support,,Korean sectoral hashtag for arts/film-industry sexual violence. Translation/Gloss: sexual violence in the film industry.,substr,
South Korea,#위드유 (#WithYou),#위드유 (#WithYou),위드유 (#WithYou),위드유 (#withyou),True,False,True,Support,Support,,Solidarity companion tag.,substr,
South Korea,N번방 / 조주빈 / 버닝썬,N번방,N번방,n번방,False,False,True,Support / Cases,Support,,"Nth Room Telegram exploitation network (2020, Cho Ju-bin) and Burning Sun scandal (2019) - digital-sex-crime pillars of the Korean discourse.",substr,
South Korea,N번방 / 조주빈 / 버닝썬,조주빈,조주빈,조주빈,False,False,True,Support / Cases,Support,,"Nth Room Telegram exploitation network (2020, Cho Ju-bin) and Burning Sun scandal (2019) - digital-sex-crime pillars of the Korean discourse.",substr,
South Korea,N번방 / 조주빈 / 버닝썬,버닝썬,버닝썬,버닝썬,False,False,True,Support / Cases,Support,,"Nth Room Telegram exploitation network (2020, Cho Ju-bin) and Burning Sun scandal (2019) - digital-sex-crime pillars of the Korean discourse.",substr,
South Korea,성희롱,성희롱,성희롱,성희롱,False,False,True,Support / Search Term,Support,,Korean publication/search keyword. Translation/Gloss: sexual harassment.,substr,
South Korea,펜스룰 / 무고죄,펜스룰,펜스룰,펜스룰,False,False,True,Backlash,Backlash,,'Pence rule' (men avoiding women colleagues) and false-accusation (mugo) countersuit discourse; organized anti-feminist backlash is unusually strong in KR.,substr,
South Korea,펜스룰 / 무고죄,무고죄,무고죄,무고죄,False,False,True,Backlash,Backlash,,'Pence rule' (men avoiding women colleagues) and false-accusation (mugo) countersuit discourse; organized anti-feminist backlash is unusually strong in KR.,substr,
South Korea,혜화역 시위 / 몰카 / 불법촬영,혜화역 시위,혜화역 시위,혜화역 시위,False,False,True,Support,Support,,2018 Hyehwa Station protests (tens of thousands) against spycam porn and biased policing ('My Life Is Not Your Porn').,substr,
South Korea,혜화역 시위 / 몰카 / 불법촬영,몰카,몰카,몰카,False,False,True,Support,Support,,2018 Hyehwa Station protests (tens of thousands) against spycam porn and biased policing ('My Life Is Not Your Porn').,substr,
South Korea,혜화역 시위 / 몰카 / 불법촬영,불법촬영,불법촬영,불법촬영,False,False,True,Support,Support,,2018 Hyehwa Station protests (tens of thousands) against spycam porn and biased policing ('My Life Is Not Your Porn').,substr,
South Sudan,#BelieveWomen,#BelieveWomen,BelieveWomen,believewomen,True,True,False,Support / Solidarity,Support,,Survivor-belief and anti-victim-blaming phrase used in #MeToo-related discourse. Translation/Gloss: Believe women.,regex,(?:^|[^\p{L}\p{N}_])believewomen(?:[^\p{L}\p{N}_]|$)
South Sudan,#HimToo,#HimToo,HimToo,himtoo,True,True,False,Backlash / Counter,Backlash,,Major counter-/backlash hashtag that recast #MeToo through false-accusation or accused-men-as-victims narratives; included as a global backlash search term. Translation/Gloss: Him too.,regex,(?:^|[^\p{L}\p{N}_])himtoo(?:[^\p{L}\p{N}_]|$)
South Sudan,#MeToo,#MeToo,MeToo,metoo,True,True,False,Support / Global,Support,,Baseline global #MeToo hashtag; included for every country/territory as the common cross-border search term. Translation/Gloss: Me too.,regex,(?:^|[^\p{L}\p{N}_])metoo(?:[^\p{L}\p{N}_]|$)
South Sudan,#TimesUp,#TimesUp,TimesUp,timesup,True,True,False,Support / Solidarity,Support,,Transnational accountability and anti-harassment hashtag frequently paired with #MeToo. Translation/Gloss: Time is up.,regex,(?:^|[^\p{L}\p{N}_])timesup(?:[^\p{L}\p{N}_]|$)
South Sudan,conflict-related sexual violence,conflict-related sexual violence,conflict-related sexual violence,conflict-related sexual violence,False,True,False,Support / Context,Support,,No hashtag movement; CRSV dominates coverage.,regex,(?:^|[^\p{L}\p{N}_])conflict\-related\ sexual\ violence(?:[^\p{L}\p{N}_]|$)
South Sudan,sexual harassment,sexual harassment,sexual harassment,sexual harassment,False,True,False,Support / Search Term,Support,,English search keyword for #MeToo-related social-media and publication searches. Translation/Gloss: sexual harassment.,regex,(?:^|[^\p{L}\p{N}_])sexual\ harassment(?:[^\p{L}\p{N}_]|$)
South Sudan,violence against women,violence against women,violence against women,violence against women,False,True,False,Support / Search Term,Support,,English search keyword for adjacent #MeToo and gender-based violence coverage. Translation/Gloss: violence against women.,regex,(?:^|[^\p{L}\p{N}_])violence\ against\ women(?:[^\p{L}\p{N}_]|$)
Spain,#Cuéntalo,#Cuéntalo,Cuéntalo,cuéntalo,True,False,False,Support / Adjacent,Support,,Spanish testimony hashtag associated especially with Spain and the La Manada reckoning; useful across Spanish-language searches. Translation/Gloss: Tell it / tell your story.,regex,(?:^|[^\p{L}\p{N}_])cuéntalo(?:[^\p{L}\p{N}_]|$)
Spain,#HimToo,#HimToo,HimToo,himtoo,True,True,False,Backlash / Counter,Backlash,,Major counter-/backlash hashtag that recast #MeToo through false-accusation or accused-men-as-victims narratives; included as a global backlash search term. Translation/Gloss: Him too.,regex,(?:^|[^\p{L}\p{N}_])himtoo(?:[^\p{L}\p{N}_]|$)
Spain,#MeToo,#MeToo,MeToo,metoo,True,True,False,Support / Global,Support,,Baseline global #MeToo hashtag; included for every country/territory as the common cross-border search term. Translation/Gloss: Me too.,regex,(?:^|[^\p{L}\p{N}_])metoo(?:[^\p{L}\p{N}_]|$)
Spain,#NiUnaMenos,#NiUnaMenos,NiUnaMenos,niunamenos,True,True,False,Support / Adjacent,Support,,Latin American movement against femicide and violence against women; often overlaps with #MeToo-adjacent activism. Translation/Gloss: Not one woman less.,regex,(?:^|[^\p{L}\p{N}_])niunamenos(?:[^\p{L}\p{N}_]|$)
Spain,#PresunciónDeInocencia,#PresunciónDeInocencia,PresunciónDeInocencia,presuncióndeinocencia,True,False,False,Backlash,Backlash,,Backlash hashtag emphasizing the 'presumption of innocence'.,regex,(?:^|[^\p{L}\p{N}_])presuncióndeinocencia(?:[^\p{L}\p{N}_]|$)
Spain,#SeAcabó,#SeAcabó,SeAcabó,seacabó,True,False,False,Support / Adjacent,Support,,"Spain: feminist sports/public-life reckoning tag, especially after the Jenni Hermoso/Rubiales forced-kiss scandal; useful as #MeToo-adjacent search term. Translation/Gloss: It's over.",regex,(?:^|[^\p{L}\p{N}_])seacabó(?:[^\p{L}\p{N}_]|$)
Spain,#YoSíTeCreo,#YoSíTeCreo,YoSíTeCreo,yosítecreo,True,False,False,Support / Solidarity,Support,,Spanish solidarity tag/phrase used around sexual-violence testimony and belief of survivors. Translation/Gloss: I do believe you.,regex,(?:^|[^\p{L}\p{N}_])yosítecreo(?:[^\p{L}\p{N}_]|$)
Spain,#YoTambién,#YoTambién,YoTambién,yotambién,True,False,False,Support / Translation,Support,,Spanish-language equivalent of #MeToo; documented in global/regional lists. Translation/Gloss: Me too.,regex,(?:^|[^\p{L}\p{N}_])yotambién(?:[^\p{L}\p{N}_]|$)
Spain,La Manada / #NoEsAbusoEsViolación / #HermanaYoSíTeCreo,La Manada,La Manada,la manada,False,True,False,Support,Support,,"2016 Pamplona 'wolf pack' gang rape; 2018 lenient 'abuse' verdict sparked mass protests ('it's not abuse, it's rape'; 'sister, I believe you'); Supreme Court upgraded to rape 2019.",regex,(?:^|[^\p{L}\p{N}_])la\ manada(?:[^\p{L}\p{N}_]|$)
Spain,La Manada / #NoEsAbusoEsViolación / #HermanaYoSíTeCreo,#NoEsAbusoEsViolación,NoEsAbusoEsViolación,noesabusoesviolación,True,False,False,Support,Support,,"2016 Pamplona 'wolf pack' gang rape; 2018 lenient 'abuse' verdict sparked mass protests ('it's not abuse, it's rape'; 'sister, I believe you'); Supreme Court upgraded to rape 2019.",regex,(?:^|[^\p{L}\p{N}_])noesabusoesviolación(?:[^\p{L}\p{N}_]|$)
Spain,La Manada / #NoEsAbusoEsViolación / #HermanaYoSíTeCreo,#HermanaYoSíTeCreo,HermanaYoSíTeCreo,hermanayosítecreo,True,False,False,Support,Support,,"2016 Pamplona 'wolf pack' gang rape; 2018 lenient 'abuse' verdict sparked mass protests ('it's not abuse, it's rape'; 'sister, I believe you'); Supreme Court upgraded to rape 2019.",regex,(?:^|[^\p{L}\p{N}_])hermanayosítecreo(?:[^\p{L}\p{N}_]|$)
Spain,acoso sexual,acoso sexual,acoso sexual,acoso sexual,False,True,False,Support / Search Term,Support,,Spanish publication/search keyword. Translation/Gloss: sexual harassment.,regex,(?:^|[^\p{L}\p{N}_])acoso\ sexual(?:[^\p{L}\p{N}_]|$)
Spain,denuncias falsas / violencia intrafamiliar (Vox),denuncias falsas,denuncias falsas,denuncias falsas,False,True,False,Backlash,Backlash,,False-accusation discourse plus Vox's push to replace 'gender violence' with 'intrafamily violence' - the institutional backlash markers.,regex,(?:^|[^\p{L}\p{N}_])denuncias\ falsas(?:[^\p{L}\p{N}_]|$)
Spain,denuncias falsas / violencia intrafamiliar (Vox),violencia intrafamiliar (Vox),violencia intrafamiliar (Vox),violencia intrafamiliar (vox),False,True,False,Backlash,Backlash,,False-accusation discourse plus Vox's push to replace 'gender violence' with 'intrafamily violence' - the institutional backlash markers.,regex,(?:^|[^\p{L}\p{N}_])violencia\ intrafamiliar\ \(vox\)(?:[^\p{L}\p{N}_]|$)
Sri Lanka,#HimToo,#HimToo,HimToo,himtoo,True,True,False,Backlash / Counter,Backlash,,Major counter-/backlash hashtag that recast #MeToo through false-accusation or accused-men-as-victims narratives; included as a global backlash search term. Translation/Gloss: Him too.,regex,(?:^|[^\p{L}\p{N}_])himtoo(?:[^\p{L}\p{N}_]|$)
Sri Lanka,#MeToo,#MeToo,MeToo,metoo,True,True,False,Support / Global,Support,,Baseline global #MeToo hashtag; included for every country/territory as the common cross-border search term. Translation/Gloss: Me too.,regex,(?:^|[^\p{L}\p{N}_])metoo(?:[^\p{L}\p{N}_]|$)
Sri Lanka,#MeTooSL (limited),#MeTooSL (limited),MeTooSL (limited),metoosl (limited),True,True,False,Support,Support,,Limited documented activity in the 2017-19 window; verify in corpus.,regex,(?:^|[^\p{L}\p{N}_])metoosl\ \(limited\)(?:[^\p{L}\p{N}_]|$)
Sri Lanka,பாலியல் தொல்லை,பாலியல் தொல்லை,பாலியல் தொல்லை,பாலியல் தொல்லை,False,False,False,Support / Search Term,Support,,Tamil publication/search keyword. Translation/Gloss: sexual harassment.,substr,
Sri Lanka,ලිංගික හිංසනය,ලිංගික හිංසනය,ලිංගික හිංසනය,ලිංගික හිංසනය,False,False,False,Support / Search Term,Support,,Sinhala publication/search keyword. Translation/Gloss: sexual harassment/violence.,substr,
Sudan,#HimToo,#HimToo,HimToo,himtoo,True,True,False,Backlash / Counter,Backlash,,Major counter-/backlash hashtag that recast #MeToo through false-accusation or accused-men-as-victims narratives; included as a global backlash search term. Translation/Gloss: Him too.,regex,(?:^|[^\p{L}\p{N}_])himtoo(?:[^\p{L}\p{N}_]|$)
Sudan,#JusticeForNoura,#JusticeForNoura,JusticeForNoura,justicefornoura,True,True,False,Support,Support,,"May 2018 global campaign for Noura Hussein, sentenced to death for killing the husband who raped her (commuted).",regex,(?:^|[^\p{L}\p{N}_])justicefornoura(?:[^\p{L}\p{N}_]|$)
Sudan,#MeToo,#MeToo,MeToo,metoo,True,True,False,Support / Global,Support,,Baseline global #MeToo hashtag; included for every country/territory as the common cross-border search term. Translation/Gloss: Me too.,regex,(?:^|[^\p{L}\p{N}_])metoo(?:[^\p{L}\p{N}_]|$)
Sudan,#MosqueMeToo,#MosqueMeToo,MosqueMeToo,mosquemetoo,True,True,False,Support / Adjacent,Support,,"Hashtag for Muslim women's accounts of harassment/abuse during Hajj, in mosques, or in religious spaces. Translation/Gloss: MeToo in mosque/Hajj contexts.",regex,(?:^|[^\p{L}\p{N}_])mosquemetoo(?:[^\p{L}\p{N}_]|$)
Sudan,#أنا_أيضا,#أنا_أيضا,أنا_أيضا,أنا_أيضا,True,False,False,Support / Translation,Support,,Formal Arabic equivalent of #MeToo. Translation/Gloss: Me too / I also.,substr,
Sudan,#أنا_كمان,#أنا_كمان,أنا_كمان,أنا_كمان,True,False,False,Support / Translation,Support,,Arabic #MeToo counterpart used across Arabic-speaking social media. Translation/Gloss: Me too.,substr,
Sudan,التحرش_الجنسي,التحرش_الجنسي,التحرش_الجنسي,التحرش_الجنسي,False,False,False,Support / Search Term,Support,,Arabic publication/search keyword. Translation/Gloss: sexual harassment.,substr,
Sudan,العنف_ضد_المرأة,العنف_ضد_المرأة,العنف_ضد_المرأة,العنف_ضد_المرأة,False,False,False,Support / Search Term,Support,,Arabic publication/search keyword. Translation/Gloss: violence against women.,substr,
Sudan,كنداكة (Kandaka) / Alaa Salah,كنداكة (Kandaka),كنداكة (Kandaka),كنداكة (kandaka),False,False,False,Support / Women In 2019 Revolution,Support,,Women at the front of the 2019 uprising; sexual violence by security forces (incl. June 3 massacre) central to coverage.,regex,(?:^|[^\p{L}\p{N}_])كنداكة\ \(kandaka\)(?:[^\p{L}\p{N}_]|$)
Sudan,كنداكة (Kandaka) / Alaa Salah,Alaa Salah,Alaa Salah,alaa salah,False,True,False,Support / Women In 2019 Revolution,Support,,Women at the front of the 2019 uprising; sexual violence by security forces (incl. June 3 massacre) central to coverage.,regex,(?:^|[^\p{L}\p{N}_])alaa\ salah(?:[^\p{L}\p{N}_]|$)
Suriname,#HimToo,#HimToo,HimToo,himtoo,True,True,False,Backlash / Counter,Backlash,,Major counter-/backlash hashtag that recast #MeToo through false-accusation or accused-men-as-victims narratives; included as a global backlash search term. Translation/Gloss: Him too.,regex,(?:^|[^\p{L}\p{N}_])himtoo(?:[^\p{L}\p{N}_]|$)
Suriname,#IkOok,#IkOok,IkOok,ikook,True,True,False,Support / Translation,Support,,Dutch equivalent of #MeToo. Translation/Gloss: Me too.,regex,(?:^|[^\p{L}\p{N}_])ikook(?:[^\p{L}\p{N}_]|$)
Suriname,#MeToo,#MeToo,MeToo,metoo,True,True,False,Support / Global,Support,,Baseline global #MeToo hashtag; included for every country/territory as the common cross-border search term. Translation/Gloss: Me too.,regex,(?:^|[^\p{L}\p{N}_])metoo(?:[^\p{L}\p{N}_]|$)
Suriname,seksuele intimidatie,seksuele intimidatie,seksuele intimidatie,seksuele intimidatie,False,True,False,Support / Search Term,Support,,Dutch publication/search keyword. Translation/Gloss: sexual harassment.,regex,(?:^|[^\p{L}\p{N}_])seksuele\ intimidatie(?:[^\p{L}\p{N}_]|$)
Svalbard and Jan Mayen,#HimToo,#HimToo,HimToo,himtoo,True,True,False,Backlash / Counter,Backlash,,Major counter-/backlash hashtag that recast #MeToo through false-accusation or accused-men-as-victims narratives; included as a global backlash search term. Translation/Gloss: Him too.,regex,(?:^|[^\p{L}\p{N}_])himtoo(?:[^\p{L}\p{N}_]|$)
Svalbard and Jan Mayen,#MeToo,#MeToo,MeToo,metoo,True,True,False,Support / Global,Support,,Baseline global #MeToo hashtag; included for every country/territory as the common cross-border search term. Translation/Gloss: Me too.,regex,(?:^|[^\p{L}\p{N}_])metoo(?:[^\p{L}\p{N}_]|$)
Svalbard and Jan Mayen,#stilleforopptak,#stilleforopptak,stilleforopptak,stilleforopptak,True,True,False,Support / Sectoral,Support,,Norwegian theatre/arts-sector #MeToo call against workplace sexual harassment. Translation/Gloss: quiet for recording.,regex,(?:^|[^\p{L}\p{N}_])stilleforopptak(?:[^\p{L}\p{N}_]|$)
Svalbard and Jan Mayen,seksuell trakassering,seksuell trakassering,seksuell trakassering,seksuell trakassering,False,True,False,Support / Search Term,Support,,Norwegian publication/search keyword. Translation/Gloss: sexual harassment.,regex,(?:^|[^\p{L}\p{N}_])seksuell\ trakassering(?:[^\p{L}\p{N}_]|$)
Sweden,#HimToo,#HimToo,HimToo,himtoo,True,True,False,Backlash / Counter,Backlash,,Major counter-/backlash hashtag that recast #MeToo through false-accusation or accused-men-as-victims narratives; included as a global backlash search term. Translation/Gloss: Him too.,regex,(?:^|[^\p{L}\p{N}_])himtoo(?:[^\p{L}\p{N}_]|$)
Sweden,#MeToo,#MeToo,MeToo,metoo,True,True,False,Support / Global,Support,,Baseline global #MeToo hashtag; included for every country/territory as the common cross-border search term. Translation/Gloss: Me too.,regex,(?:^|[^\p{L}\p{N}_])metoo(?:[^\p{L}\p{N}_]|$)
Sweden,"#MeToo + sectoral appeals (#tystnadtagning, #deadline, #medvilkenrätt, #akademiuppropet, #givaktochbitihop, #vikokaröver, #sistabriefen)","#MeToo + sectoral appeals (#tystnadtagning, #deadline, #medvilkenrätt, #akademiuppropet, #givaktochbitihop, #vikokaröver, #sistabriefen)","MeToo + sectoral appeals (#tystnadtagning, #deadline, #medvilkenrätt, #akademiuppropet, #givaktochbitihop, #vikokaröver, #sistabriefen)","metoo + sectoral appeals (#tystnadtagning, #deadline, #medvilkenrätt, #akademiuppropet, #givaktochbitihop, #vikokaröver, #sistabriefen)",True,False,False,Support,Support,,"Nov-Dec 2017: ~65 profession-by-profession petitions (acting, journalism, law, academia, military, restaurants, advertising...) - the world's most institutionalized MeToo.",regex,"(?:^|[^\p{L}\p{N}_])metoo\ \+\ sectoral\ appeals\ \(\#tystnadtagning,\ \#deadline,\ \#medvilkenrätt,\ \#akademiuppropet,\ \#givaktochbitihop,\ \#vikokaröver,\ \#sistabriefen\)(?:[^\p{L}\p{N}_]|$)"
Sweden,#TystIKlassen,#TystIKlassen,TystIKlassen,tystiklassen,True,True,False,Support,Support,,"Translates to 'Silence in the class'. Focused heavily on the educational sector, exposing harassment by teachers and students in schools.",regex,(?:^|[^\p{L}\p{N}_])tystiklassen(?:[^\p{L}\p{N}_]|$)
Sweden,#tystnadtagning,#tystnadtagning,tystnadtagning,tystnadtagning,True,True,False,Support / Sectoral,Support,,"Swedish theatre/film sector hashtag, the first joint Swedish #MeToo call. Translation/Gloss: silent shoot.",regex,(?:^|[^\p{L}\p{N}_])tystnadtagning(?:[^\p{L}\p{N}_]|$)
Sweden,Benny Fredriksson / mediedrev,Benny Fredriksson,Benny Fredriksson,benny fredriksson,False,True,False,Backlash / Media-Ethics Debate,Backlash,,Stockholm culture-house head died by suicide after Aftonbladet allegations (2018); 'mediedrev' (media pile-on) and rättssäkerhet (due process) became the backlash vocabulary.,regex,(?:^|[^\p{L}\p{N}_])benny\ fredriksson(?:[^\p{L}\p{N}_]|$)
Sweden,Benny Fredriksson / mediedrev,mediedrev,mediedrev,mediedrev,False,True,False,Backlash / Media-Ethics Debate,Backlash,,Stockholm culture-house head died by suicide after Aftonbladet allegations (2018); 'mediedrev' (media pile-on) and rättssäkerhet (due process) became the backlash vocabulary.,regex,(?:^|[^\p{L}\p{N}_])mediedrev(?:[^\p{L}\p{N}_]|$)
Sweden,Cissi Wallin / Fredrik Virtanen,Cissi Wallin,Cissi Wallin,cissi wallin,False,True,False,Support / Case + Backlash / Legal,Support,,Wallin named columnist Virtanen; she was convicted of gross defamation (2019) - the emblematic legal-backlash case.,regex,(?:^|[^\p{L}\p{N}_])cissi\ wallin(?:[^\p{L}\p{N}_]|$)
Sweden,Cissi Wallin / Fredrik Virtanen,Fredrik Virtanen,Fredrik Virtanen,fredrik virtanen,False,True,False,Support / Case + Backlash / Legal,Support,,Wallin named columnist Virtanen; she was convicted of gross defamation (2019) - the emblematic legal-backlash case.,regex,(?:^|[^\p{L}\p{N}_])fredrik\ virtanen(?:[^\p{L}\p{N}_]|$)
Sweden,Kulturprofilen / Jean-Claude Arnault,Kulturprofilen,Kulturprofilen,kulturprofilen,False,True,False,Support / Case,Support,,Swedish Academy scandal; Arnault convicted of rape 2018; 2018 Nobel Literature prize postponed.,regex,(?:^|[^\p{L}\p{N}_])kulturprofilen(?:[^\p{L}\p{N}_]|$)
Sweden,Kulturprofilen / Jean-Claude Arnault,Jean-Claude Arnault,Jean-Claude Arnault,jean-claude arnault,False,True,False,Support / Case,Support,,Swedish Academy scandal; Arnault convicted of rape 2018; 2018 Nobel Literature prize postponed.,regex,(?:^|[^\p{L}\p{N}_])jean\-claude\ arnault(?:[^\p{L}\p{N}_]|$)
Sweden,sexuella trakasserier,sexuella trakasserier,sexuella trakasserier,sexuella trakasserier,False,True,False,Support / Search Term,Support,,Swedish publication/search keyword. Translation/Gloss: sexual harassment.,regex,(?:^|[^\p{L}\p{N}_])sexuella\ trakasserier(?:[^\p{L}\p{N}_]|$)
Switzerland,#BalanceTonPorc,#BalanceTonPorc,BalanceTonPorc,balancetonporc,True,True,False,Support / Adjacent,Support,,French #MeToo-era hashtag for naming or denouncing perpetrators; also provoked public backlash debates. Translation/Gloss: Expose/denounce your pig.,regex,(?:^|[^\p{L}\p{N}_])balancetonporc(?:[^\p{L}\p{N}_]|$)
Switzerland,#HimToo,#HimToo,HimToo,himtoo,True,True,False,Backlash / Counter,Backlash,,Major counter-/backlash hashtag that recast #MeToo through false-accusation or accused-men-as-victims narratives; included as a global backlash search term. Translation/Gloss: Him too.,regex,(?:^|[^\p{L}\p{N}_])himtoo(?:[^\p{L}\p{N}_]|$)
Switzerland,#IchAuch,#IchAuch,IchAuch,ichauch,True,True,False,Support / Translation,Support,,German equivalent of #MeToo. Translation/Gloss: Me too.,regex,(?:^|[^\p{L}\p{N}_])ichauch(?:[^\p{L}\p{N}_]|$)
Switzerland,#IoAnche,#IoAnche,IoAnche,ioanche,True,True,False,Support / Translation,Support,,Italian equivalent of #MeToo. Translation/Gloss: Me too.,regex,(?:^|[^\p{L}\p{N}_])ioanche(?:[^\p{L}\p{N}_]|$)
Switzerland,#MeToo,#MeToo,MeToo,metoo,True,True,False,Support / Global,Support,,Baseline global #MeToo hashtag; included for every country/territory as the common cross-border search term. Translation/Gloss: Me too.,regex,(?:^|[^\p{L}\p{N}_])metoo(?:[^\p{L}\p{N}_]|$)
Switzerland,#MeToo / frauenstreik - grève des femmes,frauenstreik - grève des femmes,frauenstreik - grève des femmes,frauenstreik - grève des femmes,False,False,False,Support,Support,,"June 2019 national women's strike (500k+) - the era's main Swiss feminist mobilization; Tariq Ramadan (Swiss national, French/Swiss rape charges) the main individual case.",regex,(?:^|[^\p{L}\p{N}_])frauenstreik\ \-\ grève\ des\ femmes(?:[^\p{L}\p{N}_]|$)
Switzerland,#MoiAussi,#MoiAussi,MoiAussi,moiaussi,True,True,False,Support / Translation,Support,,"French-language equivalent of #MeToo, documented in Canada/Francophone coverage. Translation/Gloss: Me too.",regex,(?:^|[^\p{L}\p{N}_])moiaussi(?:[^\p{L}\p{N}_]|$)
Switzerland,#NousToutes,#NousToutes,NousToutes,noustoutes,True,True,False,Support / Adjacent,Support,,French feminist collective/hashtag after #MeToo and #BalanceTonPorc focused on violence against women. Translation/Gloss: All of us women.,regex,(?:^|[^\p{L}\p{N}_])noustoutes(?:[^\p{L}\p{N}_]|$)
Switzerland,#QuellaVoltaChe,#QuellaVoltaChe,QuellaVoltaChe,quellavoltache,True,True,False,Support / Adjacent,Support,,Italian #MeToo-era testimony hashtag. Translation/Gloss: That time when.,regex,(?:^|[^\p{L}\p{N}_])quellavoltache(?:[^\p{L}\p{N}_]|$)
Switzerland,#SchweizerAufschrei,#SchweizerAufschrei,SchweizerAufschrei,schweizeraufschrei,True,True,False,Support / Adjacent,Support,,Switzerland: Swiss German anti-sexism/#MeToo-adjacent tag. Translation/Gloss: Swiss outcry.,regex,(?:^|[^\p{L}\p{N}_])schweizeraufschrei(?:[^\p{L}\p{N}_]|$)
Switzerland,#aufschrei,#aufschrei,aufschrei,aufschrei,True,True,False,Support / Adjacent,Support,,German anti-sexism hashtag predating and overlapping #MeToo themes. Translation/Gloss: Outcry.,regex,(?:^|[^\p{L}\p{N}_])aufschrei(?:[^\p{L}\p{N}_]|$)
Switzerland,harcèlement sexuel,harcèlement sexuel,harcèlement sexuel,harcèlement sexuel,False,False,False,Support / Search Term,Support,,French publication/search keyword. Translation/Gloss: sexual harassment.,regex,(?:^|[^\p{L}\p{N}_])harcèlement\ sexuel(?:[^\p{L}\p{N}_]|$)
Switzerland,molestie sessuali,molestie sessuali,molestie sessuali,molestie sessuali,False,True,False,Support / Search Term,Support,,Italian publication/search keyword. Translation/Gloss: sexual harassment.,regex,(?:^|[^\p{L}\p{N}_])molestie\ sessuali(?:[^\p{L}\p{N}_]|$)
Switzerland,sexuelle Belästigung,sexuelle Belästigung,sexuelle Belästigung,sexuelle belästigung,False,False,False,Support / Search Term,Support,,German publication/search keyword. Translation/Gloss: sexual harassment.,regex,(?:^|[^\p{L}\p{N}_])sexuelle\ belästigung(?:[^\p{L}\p{N}_]|$)
Syria,#HimToo,#HimToo,HimToo,himtoo,True,True,False,Backlash / Counter,Backlash,,Major counter-/backlash hashtag that recast #MeToo through false-accusation or accused-men-as-victims narratives; included as a global backlash search term. Translation/Gloss: Him too.,regex,(?:^|[^\p{L}\p{N}_])himtoo(?:[^\p{L}\p{N}_]|$)
Syria,#MeToo,#MeToo,MeToo,metoo,True,True,False,Support / Global,Support,,Baseline global #MeToo hashtag; included for every country/territory as the common cross-border search term. Translation/Gloss: Me too.,regex,(?:^|[^\p{L}\p{N}_])metoo(?:[^\p{L}\p{N}_]|$)
Syria,#MosqueMeToo,#MosqueMeToo,MosqueMeToo,mosquemetoo,True,True,False,Support / Adjacent,Support,,"Hashtag for Muslim women's accounts of harassment/abuse during Hajj, in mosques, or in religious spaces. Translation/Gloss: MeToo in mosque/Hajj contexts.",regex,(?:^|[^\p{L}\p{N}_])mosquemetoo(?:[^\p{L}\p{N}_]|$)
Syria,#أنا_أيضا,#أنا_أيضا,أنا_أيضا,أنا_أيضا,True,False,False,Support / Translation,Support,,Formal Arabic equivalent of #MeToo. Translation/Gloss: Me too / I also.,substr,
Syria,#أنا_كمان,#أنا_كمان,أنا_كمان,أنا_كمان,True,False,False,Support / Translation,Support,,Arabic #MeToo counterpart used across Arabic-speaking social media. Translation/Gloss: Me too.,substr,
Syria,التحرش_الجنسي,التحرش_الجنسي,التحرش_الجنسي,التحرش_الجنسي,False,False,False,Support / Search Term,Support,,Arabic publication/search keyword. Translation/Gloss: sexual harassment.,substr,
Syria,العنف_ضد_المرأة,العنف_ضد_المرأة,العنف_ضد_المرأة,العنف_ضد_المرأة,False,False,False,Support / Search Term,Support,,Arabic publication/search keyword. Translation/Gloss: violence against women.,substr,
Syria,تحرش / CRSV,تحرش,تحرش,تحرش,False,False,False,Support / Context,Support,,No hashtag movement; conflict-related and detention sexual violence dominate coverage.,substr,
Syria,تحرش / CRSV,CRSV,CRSV,crsv,False,True,False,Support / Context,Support,,No hashtag movement; conflict-related and detention sexual violence dominate coverage.,regex,(?:^|[^\p{L}\p{N}_])crsv(?:[^\p{L}\p{N}_]|$)
Taiwan,#HimToo,#HimToo,HimToo,himtoo,True,True,False,Backlash / Counter,Backlash,,Major counter-/backlash hashtag that recast #MeToo through false-accusation or accused-men-as-victims narratives; included as a global backlash search term. Translation/Gloss: Him too.,regex,(?:^|[^\p{L}\p{N}_])himtoo(?:[^\p{L}\p{N}_]|$)
Taiwan,#MeToo,#MeToo,MeToo,metoo,True,True,False,Support / Global,Support,,Baseline global #MeToo hashtag; included for every country/territory as the common cross-border search term. Translation/Gloss: Me too.,regex,(?:^|[^\p{L}\p{N}_])metoo(?:[^\p{L}\p{N}_]|$)
Taiwan,#RiceBunny,#RiceBunny,RiceBunny,ricebunny,True,True,False,Support / Censorship Workaround,Support,,English transliteration/hashtag version of the Chinese coded #MeToo phrase. Translation/Gloss: Rice bunny / MeToo homophone.,regex,(?:^|[^\p{L}\p{N}_])ricebunny(?:[^\p{L}\p{N}_]|$)
Taiwan,#我也是,#我也是,我也是,我也是,True,False,True,Support / Translation,Support,,Taiwan: Chinese #MeToo phrase surged during Taiwan's belated #MeToo wave after the drama Wave Makers and political/media accusations. Translation/Gloss: Me too.,substr,
Taiwan,#米兔,#米兔,米兔,米兔,True,False,True,Support / Censorship Workaround,Support,,Chinese homophone/coded form used to avoid #MeToo censorship. Translation/Gloss: Rice bunny / MeToo homophone.,substr,
Taiwan,人選之人,人選之人,人選之人,人選之人,False,False,True,Support / Search Term,Support,,Taiwan: the political drama Wave Makers helped trigger a public #MeToo reckoning in 2023.,substr,
Taiwan,台灣 MeToo / #MeTooTW,台灣 MeToo,台灣 MeToo,台灣 metoo,False,False,True,Support,Support,,"May-June 2023 wave triggered by Netflix drama 'Wave Makers' (人選之人) line 'let's not just let this go'; cascaded from DPP staffers through politics, academia and entertainment.",substr,
Taiwan,台灣 MeToo / #MeTooTW,#MeTooTW,MeTooTW,metootw,True,True,False,Support,Support,,"May-June 2023 wave triggered by Netflix drama 'Wave Makers' (人選之人) line 'let's not just let this go'; cascaded from DPP staffers through politics, academia and entertainment.",regex,(?:^|[^\p{L}\p{N}_])metootw(?:[^\p{L}\p{N}_]|$)
Taiwan,性骚扰,性骚扰,性骚扰,性骚扰,False,False,True,Support / Search Term,Support,,Chinese publication/search keyword. Translation/Gloss: sexual harassment.,substr,
Tajikistan,#HimToo,#HimToo,HimToo,himtoo,True,True,False,Backlash / Counter,Backlash,,Major counter-/backlash hashtag that recast #MeToo through false-accusation or accused-men-as-victims narratives; included as a global backlash search term. Translation/Gloss: Him too.,regex,(?:^|[^\p{L}\p{N}_])himtoo(?:[^\p{L}\p{N}_]|$)
Tajikistan,#MeToo,#MeToo,MeToo,metoo,True,True,False,Support / Global,Support,,Baseline global #MeToo hashtag; included for every country/territory as the common cross-border search term. Translation/Gloss: Me too.,regex,(?:^|[^\p{L}\p{N}_])metoo(?:[^\p{L}\p{N}_]|$)
Tajikistan,#ЯБоюсьМужчин,#ЯБоюсьМужчин,ЯБоюсьМужчин,ябоюсьмужчин,True,False,False,Support / Adjacent,Support,,"Russian feminist hashtag against male violence/femicide, reported alongside #MeToo-adjacent campaigns. Translation/Gloss: I fear men.",substr,
Tajikistan,#ЯНеБоюсьСказать,#ЯНеБоюсьСказать,ЯНеБоюсьСказать,янебоюсьсказать,True,False,False,Support / Adjacent,Support,,Russian-language version of the Ukraine/Russia anti-sexual-violence flashmob precursor to #MeToo. Translation/Gloss: I am not afraid to say.,substr,
Tajikistan,#ЯТоже,#ЯТоже,ЯТоже,ятоже,True,False,False,Support / Translation,Support,,Russian #MeToo equivalent/search term. Translation/Gloss: Me too.,substr,
Tajikistan,#من_هم,#من_هم,من_هم,من_هم,True,False,False,Support / Translation,Support,,Persian/Dari equivalent of #MeToo. Translation/Gloss: Me too.,substr,
Tajikistan,сексуальные домогательства,сексуальные домогательства,сексуальные домогательства,сексуальные домогательства,False,False,False,Support / Search Term,Support,,Russian publication/search keyword. Translation/Gloss: sexual harassment.,substr,
Tajikistan,таҷовуз / generic Russian tags,таҷовуз,таҷовуз,таҷовуз,False,False,False,Support / Generic Term,Support,,No documented movement.,substr,
Tajikistan,آزار_جنسی,آزار_جنسی,آزار_جنسی,آزار_جنسی,False,False,False,Support / Search Term,Support,,Persian/Dari publication/search keyword. Translation/Gloss: sexual harassment/sexual abuse.,substr,
Tanzania,#HimToo,#HimToo,HimToo,himtoo,True,True,False,Backlash / Counter,Backlash,,Major counter-/backlash hashtag that recast #MeToo through false-accusation or accused-men-as-victims narratives; included as a global backlash search term. Translation/Gloss: Him too.,regex,(?:^|[^\p{L}\p{N}_])himtoo(?:[^\p{L}\p{N}_]|$)
Tanzania,#MeToo,#MeToo,MeToo,metoo,True,True,False,Support / Global,Support,,Baseline global #MeToo hashtag; included for every country/territory as the common cross-border search term. Translation/Gloss: Me too.,regex,(?:^|[^\p{L}\p{N}_])metoo(?:[^\p{L}\p{N}_]|$)
Tanzania,ukatili dhidi ya wanawake,ukatili dhidi ya wanawake,ukatili dhidi ya wanawake,ukatili dhidi ya wanawake,False,True,False,Support / Search Term,Support,,Swahili search keyword. Translation/Gloss: violence against women.,regex,(?:^|[^\p{L}\p{N}_])ukatili\ dhidi\ ya\ wanawake(?:[^\p{L}\p{N}_]|$)
Tanzania,unyanyasaji wa kijinsia,unyanyasaji wa kijinsia,unyanyasaji wa kijinsia,unyanyasaji wa kijinsia,False,True,False,Support / Search Term,Support,,Swahili search keyword used across East/Central African contexts. Translation/Gloss: gender/sexual harassment.,regex,(?:^|[^\p{L}\p{N}_])unyanyasaji\ wa\ kijinsia(?:[^\p{L}\p{N}_]|$)
Tanzania,unyanyasaji wa kingono,unyanyasaji wa kingono,unyanyasaji wa kingono,unyanyasaji wa kingono,False,True,False,Support / Generic Term,Support,,No documented national wave.,regex,(?:^|[^\p{L}\p{N}_])unyanyasaji\ wa\ kingono(?:[^\p{L}\p{N}_]|$)
Thailand,#DontTellMeHowToDress,#DontTellMeHowToDress,DontTellMeHowToDress,donttellmehowtodress,True,True,False,Support,Support,,2018: model/actress Cindy Sirinya Bishop's campaign after officials advised women not to dress 'sexy' at Songkran; exhibition of survivors' clothes. Thai MeToo otherwise muted by defamation law.,regex,(?:^|[^\p{L}\p{N}_])donttellmehowtodress(?:[^\p{L}\p{N}_]|$)
Thailand,#HimToo,#HimToo,HimToo,himtoo,True,True,False,Backlash / Counter,Backlash,,Major counter-/backlash hashtag that recast #MeToo through false-accusation or accused-men-as-victims narratives; included as a global backlash search term. Translation/Gloss: Him too.,regex,(?:^|[^\p{L}\p{N}_])himtoo(?:[^\p{L}\p{N}_]|$)
Thailand,#MeToo,#MeToo,MeToo,metoo,True,True,False,Support / Global,Support,,Baseline global #MeToo hashtag; included for every country/territory as the common cross-border search term. Translation/Gloss: Me too.,regex,(?:^|[^\p{L}\p{N}_])metoo(?:[^\p{L}\p{N}_]|$)
Thailand,#TellMenToRespect,#TellMenToRespect,TellMenToRespect,tellmentorespect,True,True,False,Support / Solidarity,Support,,Thai/Thailand-linked anti-victim-blaming hashtag paired with #DontTellMeHowToDress. Translation/Gloss: Tell men to respect.,regex,(?:^|[^\p{L}\p{N}_])tellmentorespect(?:[^\p{L}\p{N}_]|$)
Thailand,#ThaiConsent,#ThaiConsent,ThaiConsent,thaiconsent,True,True,False,Support / Adjacent,Support,,Thailand: consent education platform where survivors shared rape/coercion experiences anonymously. Translation/Gloss: Thai Consent.,regex,(?:^|[^\p{L}\p{N}_])thaiconsent(?:[^\p{L}\p{N}_]|$)
Thailand,การคุกคามทางเพศ,การคุกคามทางเพศ,การคุกคามทางเพศ,การคุกคามทางเพศ,False,False,False,Support / Search Term,Support,,Thai publication/search keyword. Translation/Gloss: sexual harassment.,substr,
Thailand,คุกคามทางเพศ,คุกคามทางเพศ,คุกคามทางเพศ,คุกคามทางเพศ,False,False,False,Support / Generic Term,Support,,'Sexual harassment' - recall term.,substr,
The Gambia,#BelieveWomen,#BelieveWomen,BelieveWomen,believewomen,True,True,False,Support / Solidarity,Support,,Survivor-belief and anti-victim-blaming phrase used in #MeToo-related discourse. Translation/Gloss: Believe women.,regex,(?:^|[^\p{L}\p{N}_])believewomen(?:[^\p{L}\p{N}_]|$)
The Gambia,#HimToo,#HimToo,HimToo,himtoo,True,True,False,Backlash / Counter,Backlash,,Major counter-/backlash hashtag that recast #MeToo through false-accusation or accused-men-as-victims narratives; included as a global backlash search term. Translation/Gloss: Him too.,regex,(?:^|[^\p{L}\p{N}_])himtoo(?:[^\p{L}\p{N}_]|$)
The Gambia,#MeToo,#MeToo,MeToo,metoo,True,True,False,Support / Global,Support,,Baseline global #MeToo hashtag; included for every country/territory as the common cross-border search term. Translation/Gloss: Me too.,regex,(?:^|[^\p{L}\p{N}_])metoo(?:[^\p{L}\p{N}_]|$)
The Gambia,#TimesUp,#TimesUp,TimesUp,timesup,True,True,False,Support / Solidarity,Support,,Transnational accountability and anti-harassment hashtag frequently paired with #MeToo. Translation/Gloss: Time is up.,regex,(?:^|[^\p{L}\p{N}_])timesup(?:[^\p{L}\p{N}_]|$)
The Gambia,sexual harassment,sexual harassment,sexual harassment,sexual harassment,False,True,False,Support / Search Term,Support,,English search keyword for #MeToo-related social-media and publication searches. Translation/Gloss: sexual harassment.,regex,(?:^|[^\p{L}\p{N}_])sexual\ harassment(?:[^\p{L}\p{N}_]|$)
The Gambia,violence against women,violence against women,violence against women,violence against women,False,True,False,Support / Search Term,Support,,English search keyword for adjacent #MeToo and gender-based violence coverage. Translation/Gloss: violence against women.,regex,(?:^|[^\p{L}\p{N}_])violence\ against\ women(?:[^\p{L}\p{N}_]|$)
The Gambia,#IAmToufah,#IAmToufah,IAmToufah,iamtoufah,True,True,False,Support,Support,,June 2019: Fatou 'Toufah' Jallow publicly accused ex-president Yahya Jammeh of rape; testified before the TRRC - the Gambian MeToo.,regex,(?:^|[^\p{L}\p{N}_])iamtoufah(?:[^\p{L}\p{N}_]|$)
Timor-Leste,#ChegaDeFiuFiu,#ChegaDeFiuFiu,ChegaDeFiuFiu,chegadefiufiu,True,True,False,Support / Adjacent,Support,,Brazil-origin anti-street-harassment campaign; relevant for Portuguese-language searches. Translation/Gloss: Enough with catcalling.,regex,(?:^|[^\p{L}\p{N}_])chegadefiufiu(?:[^\p{L}\p{N}_]|$)
Timor-Leste,#EuTambém,#EuTambém,EuTambém,eutambém,True,False,False,Support / Translation,Support,,Portuguese equivalent of #MeToo. Translation/Gloss: Me too.,regex,(?:^|[^\p{L}\p{N}_])eutambém(?:[^\p{L}\p{N}_]|$)
Timor-Leste,#HimToo,#HimToo,HimToo,himtoo,True,True,False,Backlash / Counter,Backlash,,Major counter-/backlash hashtag that recast #MeToo through false-accusation or accused-men-as-victims narratives; included as a global backlash search term. Translation/Gloss: Him too.,regex,(?:^|[^\p{L}\p{N}_])himtoo(?:[^\p{L}\p{N}_]|$)
Timor-Leste,#MeToo,#MeToo,MeToo,metoo,True,True,False,Support / Global,Support,,Baseline global #MeToo hashtag; included for every country/territory as the common cross-border search term. Translation/Gloss: Me too.,regex,(?:^|[^\p{L}\p{N}_])metoo(?:[^\p{L}\p{N}_]|$)
Timor-Leste,#PrimeiroAssédio,#PrimeiroAssédio,PrimeiroAssédio,primeiroassédio,True,False,False,Support / Adjacent,Support,,Brazil-origin hashtag where women shared first harassment experiences. Translation/Gloss: First harassment.,regex,(?:^|[^\p{L}\p{N}_])primeiroassédio(?:[^\p{L}\p{N}_]|$)
Timor-Leste,assédio sexual,assédio sexual,assédio sexual,assédio sexual,False,False,False,Support / Search Term,Support,,Portuguese publication/search keyword. Translation/Gloss: sexual harassment.,regex,(?:^|[^\p{L}\p{N}_])assédio\ sexual(?:[^\p{L}\p{N}_]|$)
Timor-Leste,asédiu seksuál,asédiu seksuál,asédiu seksuál,asédiu seksuál,False,False,False,Support / Generic Term,Support,,No documented movement.,regex,(?:^|[^\p{L}\p{N}_])asédiu\ seksuál(?:[^\p{L}\p{N}_]|$)
Togo,#BalanceTonPorc,#BalanceTonPorc,BalanceTonPorc,balancetonporc,True,True,False,Support / Adjacent,Support,,French #MeToo-era hashtag for naming or denouncing perpetrators; also provoked public backlash debates. Translation/Gloss: Expose/denounce your pig.,regex,(?:^|[^\p{L}\p{N}_])balancetonporc(?:[^\p{L}\p{N}_]|$)
Togo,#HimToo,#HimToo,HimToo,himtoo,True,True,False,Backlash / Counter,Backlash,,Major counter-/backlash hashtag that recast #MeToo through false-accusation or accused-men-as-victims narratives; included as a global backlash search term. Translation/Gloss: Him too.,regex,(?:^|[^\p{L}\p{N}_])himtoo(?:[^\p{L}\p{N}_]|$)
Togo,#MeToo,#MeToo,MeToo,metoo,True,True,False,Support / Global,Support,,Baseline global #MeToo hashtag; included for every country/territory as the common cross-border search term. Translation/Gloss: Me too.,regex,(?:^|[^\p{L}\p{N}_])metoo(?:[^\p{L}\p{N}_]|$)
Togo,#MoiAussi,#MoiAussi,MoiAussi,moiaussi,True,True,False,Support / Translation,Support,,"French-language equivalent of #MeToo, documented in Canada/Francophone coverage. Translation/Gloss: Me too.",regex,(?:^|[^\p{L}\p{N}_])moiaussi(?:[^\p{L}\p{N}_]|$)
Togo,#NousToutes,#NousToutes,NousToutes,noustoutes,True,True,False,Support / Adjacent,Support,,French feminist collective/hashtag after #MeToo and #BalanceTonPorc focused on violence against women. Translation/Gloss: All of us women.,regex,(?:^|[^\p{L}\p{N}_])noustoutes(?:[^\p{L}\p{N}_]|$)
Togo,harcèlement sexuel,harcèlement sexuel,harcèlement sexuel,harcèlement sexuel,False,False,False,Support / Search Term,Support,,French publication/search keyword. Translation/Gloss: sexual harassment.,regex,(?:^|[^\p{L}\p{N}_])harcèlement\ sexuel(?:[^\p{L}\p{N}_]|$)
Tokelau,#HimToo,#HimToo,HimToo,himtoo,True,True,False,Backlash / Counter,Backlash,,Major counter-/backlash hashtag that recast #MeToo through false-accusation or accused-men-as-victims narratives; included as a global backlash search term. Translation/Gloss: Him too.,regex,(?:^|[^\p{L}\p{N}_])himtoo(?:[^\p{L}\p{N}_]|$)
Tokelau,#MeToo,#MeToo,MeToo,metoo,True,True,False,Support / Global,Support,,Baseline global #MeToo hashtag; included for every country/territory as the common cross-border search term. Translation/Gloss: Me too.,regex,(?:^|[^\p{L}\p{N}_])metoo(?:[^\p{L}\p{N}_]|$)
Tonga,#HimToo,#HimToo,HimToo,himtoo,True,True,False,Backlash / Counter,Backlash,,Major counter-/backlash hashtag that recast #MeToo through false-accusation or accused-men-as-victims narratives; included as a global backlash search term. Translation/Gloss: Him too.,regex,(?:^|[^\p{L}\p{N}_])himtoo(?:[^\p{L}\p{N}_]|$)
Tonga,#MeToo,#MeToo,MeToo,metoo,True,True,False,Support / Global,Support,,Baseline global #MeToo hashtag; included for every country/territory as the common cross-border search term. Translation/Gloss: Me too.,regex,(?:^|[^\p{L}\p{N}_])metoo(?:[^\p{L}\p{N}_]|$)
Trinidad and Tobago,#BelieveWomen,#BelieveWomen,BelieveWomen,believewomen,True,True,False,Support / Solidarity,Support,,Survivor-belief and anti-victim-blaming phrase used in #MeToo-related discourse. Translation/Gloss: Believe women.,regex,(?:^|[^\p{L}\p{N}_])believewomen(?:[^\p{L}\p{N}_]|$)
Trinidad and Tobago,#HimToo,#HimToo,HimToo,himtoo,True,True,False,Backlash / Counter,Backlash,,Major counter-/backlash hashtag that recast #MeToo through false-accusation or accused-men-as-victims narratives; included as a global backlash search term. Translation/Gloss: Him too.,regex,(?:^|[^\p{L}\p{N}_])himtoo(?:[^\p{L}\p{N}_]|$)
Trinidad and Tobago,#LifeInLeggings,#LifeInLeggings,LifeInLeggings,lifeinleggings,True,True,False,Support,Support,,Regional tag used in T&T.,regex,(?:^|[^\p{L}\p{N}_])lifeinleggings(?:[^\p{L}\p{N}_]|$)
Trinidad and Tobago,#MeToo,#MeToo,MeToo,metoo,True,True,False,Support / Global,Support,,Baseline global #MeToo hashtag; included for every country/territory as the common cross-border search term. Translation/Gloss: Me too.,regex,(?:^|[^\p{L}\p{N}_])metoo(?:[^\p{L}\p{N}_]|$)
Trinidad and Tobago,#TimesUp,#TimesUp,TimesUp,timesup,True,True,False,Support / Solidarity,Support,,Transnational accountability and anti-harassment hashtag frequently paired with #MeToo. Translation/Gloss: Time is up.,regex,(?:^|[^\p{L}\p{N}_])timesup(?:[^\p{L}\p{N}_]|$)
Trinidad and Tobago,Andrea Bharatt,Andrea Bharatt,Andrea Bharatt,andrea bharatt,False,True,False,Support / Outrage Case,Support,,"Feb 2021: kidnapping/murder of Andrea Bharatt (after Ashanti Riley, Dec 2020) triggered mass vigils and candlelight protests over violence against women.",regex,(?:^|[^\p{L}\p{N}_])andrea\ bharatt(?:[^\p{L}\p{N}_]|$)
Trinidad and Tobago,sexual harassment,sexual harassment,sexual harassment,sexual harassment,False,True,False,Support / Search Term,Support,,English search keyword for #MeToo-related social-media and publication searches. Translation/Gloss: sexual harassment.,regex,(?:^|[^\p{L}\p{N}_])sexual\ harassment(?:[^\p{L}\p{N}_]|$)
Trinidad and Tobago,violence against women,violence against women,violence against women,violence against women,False,True,False,Support / Search Term,Support,,English search keyword for adjacent #MeToo and gender-based violence coverage. Translation/Gloss: violence against women.,regex,(?:^|[^\p{L}\p{N}_])violence\ against\ women(?:[^\p{L}\p{N}_]|$)
Tunisia,#EnaZeda,#EnaZeda,EnaZeda,enazeda,True,True,False,Support,Support,,"'Me too' in Tunisian Arabic, Oct 2019, after a photo showed MP-elect Zouheir Makhlouf exposing himself near a school; Aswat Nissa's Facebook group collected thousands of testimonies.",regex,(?:^|[^\p{L}\p{N}_])enazeda(?:[^\p{L}\p{N}_]|$)
Tunisia,#HimToo,#HimToo,HimToo,himtoo,True,True,False,Backlash / Counter,Backlash,,Major counter-/backlash hashtag that recast #MeToo through false-accusation or accused-men-as-victims narratives; included as a global backlash search term. Translation/Gloss: Him too.,regex,(?:^|[^\p{L}\p{N}_])himtoo(?:[^\p{L}\p{N}_]|$)
Tunisia,#MeToo,#MeToo,MeToo,metoo,True,True,False,Support / Global,Support,,Baseline global #MeToo hashtag; included for every country/territory as the common cross-border search term. Translation/Gloss: Me too.,regex,(?:^|[^\p{L}\p{N}_])metoo(?:[^\p{L}\p{N}_]|$)
Tunisia,#MosqueMeToo,#MosqueMeToo,MosqueMeToo,mosquemetoo,True,True,False,Support / Adjacent,Support,,"Hashtag for Muslim women's accounts of harassment/abuse during Hajj, in mosques, or in religious spaces. Translation/Gloss: MeToo in mosque/Hajj contexts.",regex,(?:^|[^\p{L}\p{N}_])mosquemetoo(?:[^\p{L}\p{N}_]|$)
Tunisia,#أنا_أيضا,#أنا_أيضا,أنا_أيضا,أنا_أيضا,True,False,False,Support / Translation,Support,,Formal Arabic equivalent of #MeToo. Translation/Gloss: Me too / I also.,substr,
Tunisia,#أنا_كمان,#أنا_كمان,أنا_كمان,أنا_كمان,True,False,False,Support / Translation,Support,,Arabic #MeToo counterpart used across Arabic-speaking social media. Translation/Gloss: Me too.,substr,
Tunisia,التحرش_الجنسي,التحرش_الجنسي,التحرش_الجنسي,التحرش_الجنسي,False,False,False,Support / Search Term,Support,,Arabic publication/search keyword. Translation/Gloss: sexual harassment.,substr,
Tunisia,العنف_ضد_المرأة,العنف_ضد_المرأة,العنف_ضد_المرأة,العنف_ضد_المرأة,False,False,False,Support / Search Term,Support,,Arabic publication/search keyword. Translation/Gloss: violence against women.,substr,
Türkiye,#SenDeAnlat,#SenDeAnlat,SenDeAnlat,sendeanlat,True,True,False,Support,Support,,"'You tell (your story) too', Feb 2015, after the murder of Özgecan Aslan - massive precursor wave.",regex,(?:^|[^\p{L}\p{N}_])sendeanlat(?:[^\p{L}\p{N}_]|$)
Türkiye,#UykularınızKaçsın,#UykularınızKaçsın,UykularınızKaçsın,uykularınızkaçsın,True,False,False,Support,Support,,"'May you lose sleep', Dec 2020: Turkish literary MeToo (allegations against writers incl. Hasan Ali Toptaş).",regex,(?:^|[^\p{L}\p{N}_])uykularınızkaçsın(?:[^\p{L}\p{N}_]|$)
Türkiye,#susmabitsin,#susmabitsin,susmabitsin,susmabitsin,True,True,False,Support,Support,,'Speak up so it ends' - 2018 film/TV industry platform.,regex,(?:^|[^\p{L}\p{N}_])susmabitsin(?:[^\p{L}\p{N}_]|$)
Türkiye,#İstanbulSözleşmesiYaşatır / İstanbul Sözleşmesi,#İstanbulSözleşmesiYaşatır,İstanbulSözleşmesiYaşatır,i̇stanbulsözleşmesiyaşatır,True,False,False,Support,Support,,'The Istanbul Convention saves lives' - campaign against (and coverage of) Turkey's Mar 2021 withdrawal from the convention; the withdrawal itself is the era's biggest institutional backlash event.,regex,(?:^|[^\p{L}\p{N}_])i̇stanbulsözleşmesiyaşatır(?:[^\p{L}\p{N}_]|$)
Türkiye,#İstanbulSözleşmesiYaşatır / İstanbul Sözleşmesi,İstanbul Sözleşmesi,İstanbul Sözleşmesi,i̇stanbul sözleşmesi,False,False,False,Support,Support,,'The Istanbul Convention saves lives' - campaign against (and coverage of) Turkey's Mar 2021 withdrawal from the convention; the withdrawal itself is the era's biggest institutional backlash event.,regex,(?:^|[^\p{L}\p{N}_])i̇stanbul\ sözleşmesi(?:[^\p{L}\p{N}_]|$)
Türkiye,Emine Bulut / #ÖlmekIstemiyorum,Emine Bulut,Emine Bulut,emine bulut,False,True,False,Support / Outrage Case,Support,,Aug 2019 femicide filmed by bystanders; her words 'I don't want to die' trended nationwide.,regex,(?:^|[^\p{L}\p{N}_])emine\ bulut(?:[^\p{L}\p{N}_]|$)
Türkiye,Emine Bulut / #ÖlmekIstemiyorum,#ÖlmekIstemiyorum,ÖlmekIstemiyorum,ölmekistemiyorum,True,False,False,Support / Outrage Case,Support,,Aug 2019 femicide filmed by bystanders; her words 'I don't want to die' trended nationwide.,regex,(?:^|[^\p{L}\p{N}_])ölmekistemiyorum(?:[^\p{L}\p{N}_]|$)
Türkiye,#ChallengeAccepted,#ChallengeAccepted,ChallengeAccepted,challengeaccepted,True,True,False,Support / Adjacent,Support,,Turkey: global black-and-white photo challenge was widely tied to femicide awareness after Pinar Gultekin's killing. Translation/Gloss: Challenge accepted.,regex,(?:^|[^\p{L}\p{N}_])challengeaccepted(?:[^\p{L}\p{N}_]|$)
Türkiye,#HimToo,#HimToo,HimToo,himtoo,True,True,False,Backlash / Counter,Backlash,,Major counter-/backlash hashtag that recast #MeToo through false-accusation or accused-men-as-victims narratives; included as a global backlash search term. Translation/Gloss: Him too.,regex,(?:^|[^\p{L}\p{N}_])himtoo(?:[^\p{L}\p{N}_]|$)
Türkiye,#KadınaŞiddeteHayır,#KadınaŞiddeteHayır,KadınaŞiddeteHayır,kadınaşiddetehayır,True,False,False,Support / Adjacent,Support,,Turkish-language anti-violence-against-women hashtag often overlapping with #MeToo topics. Translation/Gloss: No to violence against women.,regex,(?:^|[^\p{L}\p{N}_])kadınaşiddetehayır(?:[^\p{L}\p{N}_]|$)
Türkiye,#MeToo,#MeToo,MeToo,metoo,True,True,False,Support / Global,Support,,Baseline global #MeToo hashtag; included for every country/territory as the common cross-border search term. Translation/Gloss: Me too.,regex,(?:^|[^\p{L}\p{N}_])metoo(?:[^\p{L}\p{N}_]|$)
Türkiye,cinsel taciz,cinsel taciz,cinsel taciz,cinsel taciz,False,True,False,Support / Search Term,Support,,Turkish publication/search keyword. Translation/Gloss: sexual harassment.,regex,(?:^|[^\p{L}\p{N}_])cinsel\ taciz(?:[^\p{L}\p{N}_]|$)
Turkmenistan,#HimToo,#HimToo,HimToo,himtoo,True,True,False,Backlash / Counter,Backlash,,Major counter-/backlash hashtag that recast #MeToo through false-accusation or accused-men-as-victims narratives; included as a global backlash search term. Translation/Gloss: Him too.,regex,(?:^|[^\p{L}\p{N}_])himtoo(?:[^\p{L}\p{N}_]|$)
Turkmenistan,#MeToo,#MeToo,MeToo,metoo,True,True,False,Support / Global,Support,,Baseline global #MeToo hashtag; included for every country/territory as the common cross-border search term. Translation/Gloss: Me too.,regex,(?:^|[^\p{L}\p{N}_])metoo(?:[^\p{L}\p{N}_]|$)
Turkmenistan,#ЯБоюсьМужчин,#ЯБоюсьМужчин,ЯБоюсьМужчин,ябоюсьмужчин,True,False,False,Support / Adjacent,Support,,"Russian feminist hashtag against male violence/femicide, reported alongside #MeToo-adjacent campaigns. Translation/Gloss: I fear men.",substr,
Turkmenistan,#ЯНеБоюсьСказать,#ЯНеБоюсьСказать,ЯНеБоюсьСказать,янебоюсьсказать,True,False,False,Support / Adjacent,Support,,Russian-language version of the Ukraine/Russia anti-sexual-violence flashmob precursor to #MeToo. Translation/Gloss: I am not afraid to say.,substr,
Turkmenistan,#ЯТоже,#ЯТоже,ЯТоже,ятоже,True,False,False,Support / Translation,Support,,Russian #MeToo equivalent/search term. Translation/Gloss: Me too.,substr,
Turkmenistan,сексуальные домогательства,сексуальные домогательства,сексуальные домогательства,сексуальные домогательства,False,False,False,Support / Search Term,Support,,Russian publication/search keyword. Translation/Gloss: sexual harassment.,substr,
Turks and Caicos Islands,#BelieveWomen,#BelieveWomen,BelieveWomen,believewomen,True,True,False,Support / Solidarity,Support,,Survivor-belief and anti-victim-blaming phrase used in #MeToo-related discourse. Translation/Gloss: Believe women.,regex,(?:^|[^\p{L}\p{N}_])believewomen(?:[^\p{L}\p{N}_]|$)
Turks and Caicos Islands,#HimToo,#HimToo,HimToo,himtoo,True,True,False,Backlash / Counter,Backlash,,Major counter-/backlash hashtag that recast #MeToo through false-accusation or accused-men-as-victims narratives; included as a global backlash search term. Translation/Gloss: Him too.,regex,(?:^|[^\p{L}\p{N}_])himtoo(?:[^\p{L}\p{N}_]|$)
Turks and Caicos Islands,#MeToo,#MeToo,MeToo,metoo,True,True,False,Support / Global,Support,,Baseline global #MeToo hashtag; included for every country/territory as the common cross-border search term. Translation/Gloss: Me too.,regex,(?:^|[^\p{L}\p{N}_])metoo(?:[^\p{L}\p{N}_]|$)
Turks and Caicos Islands,#TimesUp,#TimesUp,TimesUp,timesup,True,True,False,Support / Solidarity,Support,,Transnational accountability and anti-harassment hashtag frequently paired with #MeToo. Translation/Gloss: Time is up.,regex,(?:^|[^\p{L}\p{N}_])timesup(?:[^\p{L}\p{N}_]|$)
Turks and Caicos Islands,sexual harassment,sexual harassment,sexual harassment,sexual harassment,False,True,False,Support / Search Term,Support,,English search keyword for #MeToo-related social-media and publication searches. Translation/Gloss: sexual harassment.,regex,(?:^|[^\p{L}\p{N}_])sexual\ harassment(?:[^\p{L}\p{N}_]|$)
Turks and Caicos Islands,violence against women,violence against women,violence against women,violence against women,False,True,False,Support / Search Term,Support,,English search keyword for adjacent #MeToo and gender-based violence coverage. Translation/Gloss: violence against women.,regex,(?:^|[^\p{L}\p{N}_])violence\ against\ women(?:[^\p{L}\p{N}_]|$)
Tuvalu,#HimToo,#HimToo,HimToo,himtoo,True,True,False,Backlash / Counter,Backlash,,Major counter-/backlash hashtag that recast #MeToo through false-accusation or accused-men-as-victims narratives; included as a global backlash search term. Translation/Gloss: Him too.,regex,(?:^|[^\p{L}\p{N}_])himtoo(?:[^\p{L}\p{N}_]|$)
Tuvalu,#MeToo,#MeToo,MeToo,metoo,True,True,False,Support / Global,Support,,Baseline global #MeToo hashtag; included for every country/territory as the common cross-border search term. Translation/Gloss: Me too.,regex,(?:^|[^\p{L}\p{N}_])metoo(?:[^\p{L}\p{N}_]|$)
U.S. Virgin Islands,#BelieveWomen,#BelieveWomen,BelieveWomen,believewomen,True,True,False,Support / Solidarity,Support,,Survivor-belief and anti-victim-blaming phrase used in #MeToo-related discourse. Translation/Gloss: Believe women.,regex,(?:^|[^\p{L}\p{N}_])believewomen(?:[^\p{L}\p{N}_]|$)
U.S. Virgin Islands,#HimToo,#HimToo,HimToo,himtoo,True,True,False,Backlash / Counter,Backlash,,Major counter-/backlash hashtag that recast #MeToo through false-accusation or accused-men-as-victims narratives; included as a global backlash search term. Translation/Gloss: Him too.,regex,(?:^|[^\p{L}\p{N}_])himtoo(?:[^\p{L}\p{N}_]|$)
U.S. Virgin Islands,#MeToo,#MeToo,MeToo,metoo,True,True,False,Support / Global,Support,,Baseline global #MeToo hashtag; included for every country/territory as the common cross-border search term. Translation/Gloss: Me too.,regex,(?:^|[^\p{L}\p{N}_])metoo(?:[^\p{L}\p{N}_]|$)
U.S. Virgin Islands,#TimesUp,#TimesUp,TimesUp,timesup,True,True,False,Support / Solidarity,Support,,Transnational accountability and anti-harassment hashtag frequently paired with #MeToo. Translation/Gloss: Time is up.,regex,(?:^|[^\p{L}\p{N}_])timesup(?:[^\p{L}\p{N}_]|$)
U.S. Virgin Islands,sexual harassment,sexual harassment,sexual harassment,sexual harassment,False,True,False,Support / Search Term,Support,,English search keyword for #MeToo-related social-media and publication searches. Translation/Gloss: sexual harassment.,regex,(?:^|[^\p{L}\p{N}_])sexual\ harassment(?:[^\p{L}\p{N}_]|$)
U.S. Virgin Islands,violence against women,violence against women,violence against women,violence against women,False,True,False,Support / Search Term,Support,,English search keyword for adjacent #MeToo and gender-based violence coverage. Translation/Gloss: violence against women.,regex,(?:^|[^\p{L}\p{N}_])violence\ against\ women(?:[^\p{L}\p{N}_]|$)
Uganda,#BelieveWomen,#BelieveWomen,BelieveWomen,believewomen,True,True,False,Support / Solidarity,Support,,Survivor-belief and anti-victim-blaming phrase used in #MeToo-related discourse. Translation/Gloss: Believe women.,regex,(?:^|[^\p{L}\p{N}_])believewomen(?:[^\p{L}\p{N}_]|$)
Uganda,#HimToo,#HimToo,HimToo,himtoo,True,True,False,Backlash / Counter,Backlash,,Major counter-/backlash hashtag that recast #MeToo through false-accusation or accused-men-as-victims narratives; included as a global backlash search term. Translation/Gloss: Him too.,regex,(?:^|[^\p{L}\p{N}_])himtoo(?:[^\p{L}\p{N}_]|$)
Uganda,#MeToo,#MeToo,MeToo,metoo,True,True,False,Support / Global,Support,,Baseline global #MeToo hashtag; included for every country/territory as the common cross-border search term. Translation/Gloss: Me too.,regex,(?:^|[^\p{L}\p{N}_])metoo(?:[^\p{L}\p{N}_]|$)
Uganda,#TimesUp,#TimesUp,TimesUp,timesup,True,True,False,Support / Solidarity,Support,,Transnational accountability and anti-harassment hashtag frequently paired with #MeToo. Translation/Gloss: Time is up.,regex,(?:^|[^\p{L}\p{N}_])timesup(?:[^\p{L}\p{N}_]|$)
Uganda,#WomensProtestUG (2018 women's march),#WomensProtestUG (2018 women's march),WomensProtestUG (2018 women's march),womensprotestug (2018 women's march),True,True,False,Support,Support,,June 2018 marches over kidnappings and murders of women.,regex,(?:^|[^\p{L}\p{N}_])womensprotestug\ \(2018\ women's\ march\)(?:[^\p{L}\p{N}_]|$)
Uganda,Sheena Bageine,Sheena Bageine,Sheena Bageine,sheena bageine,False,True,False,Support / Case + Backlash / Legal,Support,,2020-21: activist who tweeted names of alleged rapists was arrested for cyber harassment - Uganda's MeToo flashpoint; Makerere University harassment scandals are the institutional thread.,regex,(?:^|[^\p{L}\p{N}_])sheena\ bageine(?:[^\p{L}\p{N}_]|$)
Uganda,sexual harassment,sexual harassment,sexual harassment,sexual harassment,False,True,False,Support / Search Term,Support,,English search keyword for #MeToo-related social-media and publication searches. Translation/Gloss: sexual harassment.,regex,(?:^|[^\p{L}\p{N}_])sexual\ harassment(?:[^\p{L}\p{N}_]|$)
Uganda,ukatili dhidi ya wanawake,ukatili dhidi ya wanawake,ukatili dhidi ya wanawake,ukatili dhidi ya wanawake,False,True,False,Support / Search Term,Support,,Swahili search keyword. Translation/Gloss: violence against women.,regex,(?:^|[^\p{L}\p{N}_])ukatili\ dhidi\ ya\ wanawake(?:[^\p{L}\p{N}_]|$)
Uganda,unyanyasaji wa kijinsia,unyanyasaji wa kijinsia,unyanyasaji wa kijinsia,unyanyasaji wa kijinsia,False,True,False,Support / Search Term,Support,,Swahili search keyword used across East/Central African contexts. Translation/Gloss: gender/sexual harassment.,regex,(?:^|[^\p{L}\p{N}_])unyanyasaji\ wa\ kijinsia(?:[^\p{L}\p{N}_]|$)
Uganda,violence against women,violence against women,violence against women,violence against women,False,True,False,Support / Search Term,Support,,English search keyword for adjacent #MeToo and gender-based violence coverage. Translation/Gloss: violence against women.,regex,(?:^|[^\p{L}\p{N}_])violence\ against\ women(?:[^\p{L}\p{N}_]|$)
Ukraine,#HimToo,#HimToo,HimToo,himtoo,True,True,False,Backlash / Counter,Backlash,,Major counter-/backlash hashtag that recast #MeToo through false-accusation or accused-men-as-victims narratives; included as a global backlash search term. Translation/Gloss: Him too.,regex,(?:^|[^\p{L}\p{N}_])himtoo(?:[^\p{L}\p{N}_]|$)
Ukraine,#MeToo,#MeToo,MeToo,metoo,True,True,False,Support / Global,Support,,Baseline global #MeToo hashtag; included for every country/territory as the common cross-border search term. Translation/Gloss: Me too.,regex,(?:^|[^\p{L}\p{N}_])metoo(?:[^\p{L}\p{N}_]|$)
Ukraine,#ЯНеБоюсьСказати,#ЯНеБоюсьСказати,ЯНеБоюсьСказати,янебоюсьсказати,True,False,False,Support,Support,,"Translates to 'I am not afraid to speak'. Started as a 2016 Facebook flashmob by activist Nastya Melnychenko, acting as a regional precursor to the global #MeToo movement.",substr,
Ukraine,сексуальні домагання,сексуальні домагання,сексуальні домагання,сексуальні домагання,False,False,False,Support / Search Term,Support,,Ukrainian publication/search keyword. Translation/Gloss: sexual harassment.,substr,
United Arab Emirates,#HimToo,#HimToo,HimToo,himtoo,True,True,False,Backlash / Counter,Backlash,,Major counter-/backlash hashtag that recast #MeToo through false-accusation or accused-men-as-victims narratives; included as a global backlash search term. Translation/Gloss: Him too.,regex,(?:^|[^\p{L}\p{N}_])himtoo(?:[^\p{L}\p{N}_]|$)
United Arab Emirates,#MeToo,#MeToo,MeToo,metoo,True,True,False,Support / Global,Support,,Baseline global #MeToo hashtag; included for every country/territory as the common cross-border search term. Translation/Gloss: Me too.,regex,(?:^|[^\p{L}\p{N}_])metoo(?:[^\p{L}\p{N}_]|$)
United Arab Emirates,#MosqueMeToo,#MosqueMeToo,MosqueMeToo,mosquemetoo,True,True,False,Support / Adjacent,Support,,"Hashtag for Muslim women's accounts of harassment/abuse during Hajj, in mosques, or in religious spaces. Translation/Gloss: MeToo in mosque/Hajj contexts.",regex,(?:^|[^\p{L}\p{N}_])mosquemetoo(?:[^\p{L}\p{N}_]|$)
United Arab Emirates,#أنا_أيضا,#أنا_أيضا,أنا_أيضا,أنا_أيضا,True,False,False,Support / Translation,Support,,Formal Arabic equivalent of #MeToo. Translation/Gloss: Me too / I also.,substr,
United Arab Emirates,#أنا_كمان,#أنا_كمان,أنا_كمان,أنا_كمان,True,False,False,Support / Translation,Support,,Arabic #MeToo counterpart used across Arabic-speaking social media. Translation/Gloss: Me too.,substr,
United Arab Emirates,التحرش_الجنسي,التحرش_الجنسي,التحرش_الجنسي,التحرش_الجنسي,False,False,False,Support / Search Term,Support,,Arabic publication/search keyword. Translation/Gloss: sexual harassment.,substr,
United Arab Emirates,العنف_ضد_المرأة,العنف_ضد_المرأة,العنف_ضد_المرأة,العنف_ضد_المرأة,False,False,False,Support / Search Term,Support,,Arabic publication/search keyword. Translation/Gloss: violence against women.,substr,
United Kingdom,#BelieveWomen,#BelieveWomen,BelieveWomen,believewomen,True,True,False,Support / Solidarity,Support,,Survivor-belief and anti-victim-blaming phrase used in #MeToo-related discourse. Translation/Gloss: Believe women.,regex,(?:^|[^\p{L}\p{N}_])believewomen(?:[^\p{L}\p{N}_]|$)
United Kingdom,#GymnastAlliance,#GymnastAlliance,GymnastAlliance,gymnastalliance,True,True,False,Support,Support,,July 2020 British gymnasts' abuse disclosures; Whyte Review followed.,regex,(?:^|[^\p{L}\p{N}_])gymnastalliance(?:[^\p{L}\p{N}_]|$)
United Kingdom,#HimToo,#HimToo,HimToo,himtoo,True,True,False,Backlash / Counter,Backlash,,Major counter-/backlash hashtag that recast #MeToo through false-accusation or accused-men-as-victims narratives; included as a global backlash search term. Translation/Gloss: Him too.,regex,(?:^|[^\p{L}\p{N}_])himtoo(?:[^\p{L}\p{N}_]|$)
United Kingdom,#MeToo,#MeToo,MeToo,metoo,True,True,False,Support / Global,Support,,Baseline global #MeToo hashtag; included for every country/territory as the common cross-border search term. Translation/Gloss: Me too.,regex,(?:^|[^\p{L}\p{N}_])metoo(?:[^\p{L}\p{N}_]|$)
United Kingdom,#MeToo / Pestminster,Pestminster,Pestminster,pestminster,False,True,False,Support,Support,,Oct-Nov 2017 Westminster harassment scandal ('Pestminster'; Defence Secretary Michael Fallon resigned); Jan 2018 FT Presidents Club exposé.,regex,(?:^|[^\p{L}\p{N}_])pestminster(?:[^\p{L}\p{N}_]|$)
United Kingdom,#TimesUp,#TimesUp,TimesUp,timesup,True,True,False,Support / Solidarity,Support,,Transnational accountability and anti-harassment hashtag frequently paired with #MeToo. Translation/Gloss: Time is up.,regex,(?:^|[^\p{L}\p{N}_])timesup(?:[^\p{L}\p{N}_]|$)
United Kingdom,#TimesUpUK,#TimesUpUK,TimesUpUK,timesupuk,True,True,False,Support / Localized,Support,,United Kingdom: local Time's Up campaign around workplace sexual harassment and entertainment/media sectors. Translation/Gloss: Times Up UK.,regex,(?:^|[^\p{L}\p{N}_])timesupuk(?:[^\p{L}\p{N}_]|$)
United Kingdom,Everyone's Invited,Everyone's Invited,Everyone's Invited,everyone's invited,False,True,False,Support,Support,,2021 platform collecting tens of thousands of school/university testimonies of rape culture.,regex,(?:^|[^\p{L}\p{N}_])everyone's\ invited(?:[^\p{L}\p{N}_]|$)
United Kingdom,Sarah Everard / #ReclaimTheseStreets / #TextMeWhenYouGetHome,Sarah Everard,Sarah Everard,sarah everard,False,True,False,Support,Support,,Mar 2021 murder of Sarah Everard by a serving police officer; vigils and a national reckoning on women's safety.,regex,(?:^|[^\p{L}\p{N}_])sarah\ everard(?:[^\p{L}\p{N}_]|$)
United Kingdom,Sarah Everard / #ReclaimTheseStreets / #TextMeWhenYouGetHome,#ReclaimTheseStreets,ReclaimTheseStreets,reclaimthesestreets,True,True,False,Support,Support,,Mar 2021 murder of Sarah Everard by a serving police officer; vigils and a national reckoning on women's safety.,regex,(?:^|[^\p{L}\p{N}_])reclaimthesestreets(?:[^\p{L}\p{N}_]|$)
United Kingdom,Sarah Everard / #ReclaimTheseStreets / #TextMeWhenYouGetHome,#TextMeWhenYouGetHome,TextMeWhenYouGetHome,textmewhenyougethome,True,True,False,Support,Support,,Mar 2021 murder of Sarah Everard by a serving police officer; vigils and a national reckoning on women's safety.,regex,(?:^|[^\p{L}\p{N}_])textmewhenyougethome(?:[^\p{L}\p{N}_]|$)
United Kingdom,sexual harassment,sexual harassment,sexual harassment,sexual harassment,False,True,False,Support / Search Term,Support,,English search keyword for #MeToo-related social-media and publication searches. Translation/Gloss: sexual harassment.,regex,(?:^|[^\p{L}\p{N}_])sexual\ harassment(?:[^\p{L}\p{N}_]|$)
United Kingdom,violence against women,violence against women,violence against women,violence against women,False,True,False,Support / Search Term,Support,,English search keyword for adjacent #MeToo and gender-based violence coverage. Translation/Gloss: violence against women.,regex,(?:^|[^\p{L}\p{N}_])violence\ against\ women(?:[^\p{L}\p{N}_]|$)
United States,#BelieveWomen,#BelieveWomen,BelieveWomen,believewomen,True,True,False,Support / Solidarity,Support,,Survivor-belief and anti-victim-blaming phrase used in #MeToo-related discourse. Translation/Gloss: Believe women.,regex,(?:^|[^\p{L}\p{N}_])believewomen(?:[^\p{L}\p{N}_]|$)
United States,#ChurchToo,#ChurchToo,ChurchToo,churchtoo,True,True,False,Support / Sectoral,Support,,Faith-community sectoral tag for abuse/harassment disclosures in religious institutions. Translation/Gloss: Church too.,regex,(?:^|[^\p{L}\p{N}_])churchtoo(?:[^\p{L}\p{N}_]|$)
United States,#ChurchToo / #MuteRKelly / #IAmVanessaGuillen,#MuteRKelly,MuteRKelly,muterkelly,True,True,False,Support,Support,,"Sectoral extensions: churches (2017), music industry (R. Kelly), military (2020 Fort Hood).",regex,(?:^|[^\p{L}\p{N}_])muterkelly(?:[^\p{L}\p{N}_]|$)
United States,#ChurchToo / #MuteRKelly / #IAmVanessaGuillen,#IAmVanessaGuillen,IAmVanessaGuillen,iamvanessaguillen,True,True,False,Support,Support,,"Sectoral extensions: churches (2017), music industry (R. Kelly), military (2020 Fort Hood).",regex,(?:^|[^\p{L}\p{N}_])iamvanessaguillen(?:[^\p{L}\p{N}_]|$)
United States,#HimToo,#HimToo,HimToo,himtoo,True,True,False,Backlash / Counter,Backlash,,Major counter-/backlash hashtag that recast #MeToo through false-accusation or accused-men-as-victims narratives; included as a global backlash search term. Translation/Gloss: Him too.,regex,(?:^|[^\p{L}\p{N}_])himtoo(?:[^\p{L}\p{N}_]|$)
United States,#HimToo / #ThatWasMyMom,#ThatWasMyMom,ThatWasMyMom,thatwasmymom,True,True,False,Backlash / Satire of Backlash,Backlash,,Oct 2018: mother's tweet about son Pieter Hanson fearing 'solo dates' went viral; Hanson debunked it (#ThatWasMyMom) and the tag flooded with satire - #HimToo traffic is a mix of genuine backlash and mockery of backlash; keyword-stance mapping fails here.,regex,(?:^|[^\p{L}\p{N}_])thatwasmymom(?:[^\p{L}\p{N}_]|$)
United States,#IStandWithBrett / #ConfirmKavanaugh,#IStandWithBrett,IStandWithBrett,istandwithbrett,True,True,False,Backlash,Backlash,,"Pro-Kavanaugh mobilization tags, Sept-Oct 2018.",regex,(?:^|[^\p{L}\p{N}_])istandwithbrett(?:[^\p{L}\p{N}_]|$)
United States,#IStandWithBrett / #ConfirmKavanaugh,#ConfirmKavanaugh,ConfirmKavanaugh,confirmkavanaugh,True,True,False,Backlash,Backlash,,"Pro-Kavanaugh mobilization tags, Sept-Oct 2018.",regex,(?:^|[^\p{L}\p{N}_])confirmkavanaugh(?:[^\p{L}\p{N}_]|$)
United States,#MeToo,#MeToo,MeToo,metoo,True,True,False,Support / Global Origin,Support,,United States: Tarana Burke created 'me too'; the hashtag went viral globally in October 2017 after Alyssa Milano's post amid the Weinstein scandal. Translation/Gloss: MeToo.,regex,(?:^|[^\p{L}\p{N}_])metoo(?:[^\p{L}\p{N}_]|$)
United States,#MeToo / #TimesUp,#TimesUp,TimesUp,timesup,True,True,False,Support,Support,,Oct 15 2017 viral moment (Milano tweet; Tarana Burke's 2006 movement) after Weinstein exposés; TimesUp launched Jan 2018.,regex,(?:^|[^\p{L}\p{N}_])timesup(?:[^\p{L}\p{N}_]|$)
United States,#MenToo / #NotAllMen / #WitchHunt / due process,#MenToo,MenToo,mentoo,True,True,False,Backlash,Backlash,,Core US backlash vocabulary; 'witch hunt' amplified by Trump's usage.,regex,(?:^|[^\p{L}\p{N}_])mentoo(?:[^\p{L}\p{N}_]|$)
United States,#MenToo / #NotAllMen / #WitchHunt / due process,#NotAllMen,NotAllMen,notallmen,True,True,False,Backlash,Backlash,,Core US backlash vocabulary; 'witch hunt' amplified by Trump's usage.,regex,(?:^|[^\p{L}\p{N}_])notallmen(?:[^\p{L}\p{N}_]|$)
United States,#MenToo / #NotAllMen / #WitchHunt / due process,#WitchHunt,WitchHunt,witchhunt,True,True,False,Backlash,Backlash,,Core US backlash vocabulary; 'witch hunt' amplified by Trump's usage.,regex,(?:^|[^\p{L}\p{N}_])witchhunt(?:[^\p{L}\p{N}_]|$)
United States,#MenToo / #NotAllMen / #WitchHunt / due process,due process,due process,due process,False,True,False,Backlash,Backlash,,Core US backlash vocabulary; 'witch hunt' amplified by Trump's usage.,regex,(?:^|[^\p{L}\p{N}_])due\ process(?:[^\p{L}\p{N}_]|$)
United States,#WhyIDidntReport,#WhyIDidntReport,WhyIDidntReport,whyididntreport,True,True,False,Support,Support,,Emerged in response to then-President Trump and others questioning why Christine Blasey Ford delayed reporting her assault during the Kavanaugh hearings.,regex,(?:^|[^\p{L}\p{N}_])whyididntreport(?:[^\p{L}\p{N}_]|$)
United States,#WhyIDidntReport / #BelieveSurvivors,#BelieveSurvivors,BelieveSurvivors,believesurvivors,True,True,False,Support,Support,,Sept-Oct 2018 Kavanaugh/Ford hearings - the peak stance-contest moment of US MeToo.,regex,(?:^|[^\p{L}\p{N}_])believesurvivors(?:[^\p{L}\p{N}_]|$)
United States,sexual harassment,sexual harassment,sexual harassment,sexual harassment,False,True,False,Support / Search Term,Support,,English search keyword for #MeToo-related social-media and publication searches. Translation/Gloss: sexual harassment.,regex,(?:^|[^\p{L}\p{N}_])sexual\ harassment(?:[^\p{L}\p{N}_]|$)
United States,violence against women,violence against women,violence against women,violence against women,False,True,False,Support / Search Term,Support,,English search keyword for adjacent #MeToo and gender-based violence coverage. Translation/Gloss: violence against women.,regex,(?:^|[^\p{L}\p{N}_])violence\ against\ women(?:[^\p{L}\p{N}_]|$)
United States Minor Outlying Islands,#HimToo,#HimToo,HimToo,himtoo,True,True,False,Backlash / Counter,Backlash,,Major counter-/backlash hashtag that recast #MeToo through false-accusation or accused-men-as-victims narratives; included as a global backlash search term. Translation/Gloss: Him too.,regex,(?:^|[^\p{L}\p{N}_])himtoo(?:[^\p{L}\p{N}_]|$)
United States Minor Outlying Islands,#MeToo,#MeToo,MeToo,metoo,True,True,False,Support / Global,Support,,Baseline global #MeToo hashtag; included for every country/territory as the common cross-border search term. Translation/Gloss: Me too.,regex,(?:^|[^\p{L}\p{N}_])metoo(?:[^\p{L}\p{N}_]|$)
Uruguay,#Cuéntalo,#Cuéntalo,Cuéntalo,cuéntalo,True,False,False,Support / Adjacent,Support,,Spanish testimony hashtag associated especially with Spain and the La Manada reckoning; useful across Spanish-language searches. Translation/Gloss: Tell it / tell your story.,regex,(?:^|[^\p{L}\p{N}_])cuéntalo(?:[^\p{L}\p{N}_]|$)
Uruguay,#HimToo,#HimToo,HimToo,himtoo,True,True,False,Backlash / Counter,Backlash,,Major counter-/backlash hashtag that recast #MeToo through false-accusation or accused-men-as-victims narratives; included as a global backlash search term. Translation/Gloss: Him too.,regex,(?:^|[^\p{L}\p{N}_])himtoo(?:[^\p{L}\p{N}_]|$)
Uruguay,#MeToo,#MeToo,MeToo,metoo,True,True,False,Support / Global,Support,,Baseline global #MeToo hashtag; included for every country/territory as the common cross-border search term. Translation/Gloss: Me too.,regex,(?:^|[^\p{L}\p{N}_])metoo(?:[^\p{L}\p{N}_]|$)
Uruguay,#NiUnaMenos,#NiUnaMenos,NiUnaMenos,niunamenos,True,True,False,Support / Adjacent,Support,,Latin American movement against femicide and violence against women; often overlaps with #MeToo-adjacent activism. Translation/Gloss: Not one woman less.,regex,(?:^|[^\p{L}\p{N}_])niunamenos(?:[^\p{L}\p{N}_]|$)
Uruguay,#NiUnaMenos / acoso sexual,acoso sexual,acoso sexual,acoso sexual,False,True,False,Support,Support,,Regional frame; no distinct national tag documented.,regex,(?:^|[^\p{L}\p{N}_])acoso\ sexual(?:[^\p{L}\p{N}_]|$)
Uruguay,#YoSíTeCreo,#YoSíTeCreo,YoSíTeCreo,yosítecreo,True,False,False,Support / Solidarity,Support,,Spanish solidarity tag/phrase used around sexual-violence testimony and belief of survivors. Translation/Gloss: I do believe you.,regex,(?:^|[^\p{L}\p{N}_])yosítecreo(?:[^\p{L}\p{N}_]|$)
Uruguay,#YoTambién,#YoTambién,YoTambién,yotambién,True,False,False,Support / Translation,Support,,Spanish-language equivalent of #MeToo; documented in global/regional lists. Translation/Gloss: Me too.,regex,(?:^|[^\p{L}\p{N}_])yotambién(?:[^\p{L}\p{N}_]|$)
Uzbekistan,#HimToo,#HimToo,HimToo,himtoo,True,True,False,Backlash / Counter,Backlash,,Major counter-/backlash hashtag that recast #MeToo through false-accusation or accused-men-as-victims narratives; included as a global backlash search term. Translation/Gloss: Him too.,regex,(?:^|[^\p{L}\p{N}_])himtoo(?:[^\p{L}\p{N}_]|$)
Uzbekistan,#MeToo,#MeToo,MeToo,metoo,True,True,False,Support / Global,Support,,Baseline global #MeToo hashtag; included for every country/territory as the common cross-border search term. Translation/Gloss: Me too.,regex,(?:^|[^\p{L}\p{N}_])metoo(?:[^\p{L}\p{N}_]|$)
Uzbekistan,#ЯБоюсьМужчин,#ЯБоюсьМужчин,ЯБоюсьМужчин,ябоюсьмужчин,True,False,False,Support / Adjacent,Support,,"Russian feminist hashtag against male violence/femicide, reported alongside #MeToo-adjacent campaigns. Translation/Gloss: I fear men.",substr,
Uzbekistan,#ЯНеБоюсьСказать,#ЯНеБоюсьСказать,ЯНеБоюсьСказать,янебоюсьсказать,True,False,False,Support / Adjacent,Support,,Russian-language version of the Ukraine/Russia anti-sexual-violence flashmob precursor to #MeToo. Translation/Gloss: I am not afraid to say.,substr,
Uzbekistan,#ЯТоже,#ЯТоже,ЯТоже,ятоже,True,False,False,Support / Translation,Support,,Russian #MeToo equivalent/search term. Translation/Gloss: Me too.,substr,
Uzbekistan,сексуальные домогательства,сексуальные домогательства,сексуальные домогательства,сексуальные домогательства,False,False,False,Support / Search Term,Support,,Russian publication/search keyword. Translation/Gloss: sexual harassment.,substr,
Vanuatu,#BalanceTonPorc,#BalanceTonPorc,BalanceTonPorc,balancetonporc,True,True,False,Support / Adjacent,Support,,French #MeToo-era hashtag for naming or denouncing perpetrators; also provoked public backlash debates. Translation/Gloss: Expose/denounce your pig.,regex,(?:^|[^\p{L}\p{N}_])balancetonporc(?:[^\p{L}\p{N}_]|$)
Vanuatu,#HimToo,#HimToo,HimToo,himtoo,True,True,False,Backlash / Counter,Backlash,,Major counter-/backlash hashtag that recast #MeToo through false-accusation or accused-men-as-victims narratives; included as a global backlash search term. Translation/Gloss: Him too.,regex,(?:^|[^\p{L}\p{N}_])himtoo(?:[^\p{L}\p{N}_]|$)
Vanuatu,#MeToo,#MeToo,MeToo,metoo,True,True,False,Support / Global,Support,,Baseline global #MeToo hashtag; included for every country/territory as the common cross-border search term. Translation/Gloss: Me too.,regex,(?:^|[^\p{L}\p{N}_])metoo(?:[^\p{L}\p{N}_]|$)
Vanuatu,#MoiAussi,#MoiAussi,MoiAussi,moiaussi,True,True,False,Support / Translation,Support,,"French-language equivalent of #MeToo, documented in Canada/Francophone coverage. Translation/Gloss: Me too.",regex,(?:^|[^\p{L}\p{N}_])moiaussi(?:[^\p{L}\p{N}_]|$)
Vanuatu,#NousToutes,#NousToutes,NousToutes,noustoutes,True,True,False,Support / Adjacent,Support,,French feminist collective/hashtag after #MeToo and #BalanceTonPorc focused on violence against women. Translation/Gloss: All of us women.,regex,(?:^|[^\p{L}\p{N}_])noustoutes(?:[^\p{L}\p{N}_]|$)
Vanuatu,harcèlement sexuel,harcèlement sexuel,harcèlement sexuel,harcèlement sexuel,False,False,False,Support / Search Term,Support,,French publication/search keyword. Translation/Gloss: sexual harassment.,regex,(?:^|[^\p{L}\p{N}_])harcèlement\ sexuel(?:[^\p{L}\p{N}_]|$)
Venezuela,#Cuéntalo,#Cuéntalo,Cuéntalo,cuéntalo,True,False,False,Support / Adjacent,Support,,Spanish testimony hashtag associated especially with Spain and the La Manada reckoning; useful across Spanish-language searches. Translation/Gloss: Tell it / tell your story.,regex,(?:^|[^\p{L}\p{N}_])cuéntalo(?:[^\p{L}\p{N}_]|$)
Venezuela,#HimToo,#HimToo,HimToo,himtoo,True,True,False,Backlash / Counter,Backlash,,Major counter-/backlash hashtag that recast #MeToo through false-accusation or accused-men-as-victims narratives; included as a global backlash search term. Translation/Gloss: Him too.,regex,(?:^|[^\p{L}\p{N}_])himtoo(?:[^\p{L}\p{N}_]|$)
Venezuela,#MeToo,#MeToo,MeToo,metoo,True,True,False,Support / Global,Support,,Baseline global #MeToo hashtag; included for every country/territory as the common cross-border search term. Translation/Gloss: Me too.,regex,(?:^|[^\p{L}\p{N}_])metoo(?:[^\p{L}\p{N}_]|$)
Venezuela,#NiUnaMenos,#NiUnaMenos,NiUnaMenos,niunamenos,True,True,False,Support / Adjacent,Support,,Latin American movement against femicide and violence against women; often overlaps with #MeToo-adjacent activism. Translation/Gloss: Not one woman less.,regex,(?:^|[^\p{L}\p{N}_])niunamenos(?:[^\p{L}\p{N}_]|$)
Venezuela,#YoSíTeCreo,#YoSíTeCreo,YoSíTeCreo,yosítecreo,True,False,False,Support / Solidarity,Support,,Venezuela: used during public allegations in the music/art scene and broader survivor-belief discourse. Translation/Gloss: I do believe you.,regex,(?:^|[^\p{L}\p{N}_])yosítecreo(?:[^\p{L}\p{N}_]|$)
Venezuela,#YoSíTeCreo (Venezuela 2021),#YoSíTeCreo (Venezuela 2021),YoSíTeCreo (Venezuela 2021),yosítecreo (venezuela 2021),True,False,False,Support,Support,,"Apr 2021 testimony wave naming writers and musicians (incl. poet Willy McKey, who died by suicide - prompting an anonymous-accusation backlash debate); prosecutors opened dozens of cases.",regex,(?:^|[^\p{L}\p{N}_])yosítecreo\ \(venezuela\ 2021\)(?:[^\p{L}\p{N}_]|$)
Venezuela,#YoTambién,#YoTambién,YoTambién,yotambién,True,False,False,Support / Translation,Support,,Spanish-language equivalent of #MeToo; documented in global/regional lists. Translation/Gloss: Me too.,regex,(?:^|[^\p{L}\p{N}_])yotambién(?:[^\p{L}\p{N}_]|$)
Venezuela,acoso sexual,acoso sexual,acoso sexual,acoso sexual,False,True,False,Support / Search Term,Support,,Spanish publication/search keyword. Translation/Gloss: sexual harassment.,regex,(?:^|[^\p{L}\p{N}_])acoso\ sexual(?:[^\p{L}\p{N}_]|$)
Vietnam,#HimToo,#HimToo,HimToo,himtoo,True,True,False,Backlash / Counter,Backlash,,Major counter-/backlash hashtag that recast #MeToo through false-accusation or accused-men-as-victims narratives; included as a global backlash search term. Translation/Gloss: Him too.,regex,(?:^|[^\p{L}\p{N}_])himtoo(?:[^\p{L}\p{N}_]|$)
Vietnam,#MeToo,#MeToo,MeToo,metoo,True,True,False,Support / Global,Support,,Baseline global #MeToo hashtag; included for every country/territory as the common cross-border search term. Translation/Gloss: Me too.,regex,(?:^|[^\p{L}\p{N}_])metoo(?:[^\p{L}\p{N}_]|$)
Vietnam,#MeTooVietnam,#MeTooVietnam,MeTooVietnam,metoovietnam,True,True,False,Support / Localized,Support,,Vietnam: emerging #MeToo discussion around allegations against rocker Pham Anh Khoa and related UN campaign fallout. Translation/Gloss: MeToo Vietnam.,regex,(?:^|[^\p{L}\p{N}_])metoovietnam(?:[^\p{L}\p{N}_]|$)
Vietnam,#NgungImLang,#NgungImLang,NgungImLang,ngungimlang,True,True,False,Support,Support,,"'Stop the silence', Apr 2018, after a Tuoi Tre newspaper intern's rape allegation against a senior editor (he resigned); Vietnam's brief MeToo moment.",regex,(?:^|[^\p{L}\p{N}_])ngungimlang(?:[^\p{L}\p{N}_]|$)
Vietnam,quấy_rối_tình_dục,quấy_rối_tình_dục,quấy_rối_tình_dục,quấy_rối_tình_dục,False,False,False,Support / Search Term,Support,,Vietnamese publication/search keyword. Translation/Gloss: sexual harassment.,regex,(?:^|[^\p{L}\p{N}_])quấy_rối_tình_dục(?:[^\p{L}\p{N}_]|$)
Wallis and Futuna,#BalanceTonPorc,#BalanceTonPorc,BalanceTonPorc,balancetonporc,True,True,False,Support / Adjacent,Support,,French #MeToo-era hashtag for naming or denouncing perpetrators; also provoked public backlash debates. Translation/Gloss: Expose/denounce your pig.,regex,(?:^|[^\p{L}\p{N}_])balancetonporc(?:[^\p{L}\p{N}_]|$)
Wallis and Futuna,#HimToo,#HimToo,HimToo,himtoo,True,True,False,Backlash / Counter,Backlash,,Major counter-/backlash hashtag that recast #MeToo through false-accusation or accused-men-as-victims narratives; included as a global backlash search term. Translation/Gloss: Him too.,regex,(?:^|[^\p{L}\p{N}_])himtoo(?:[^\p{L}\p{N}_]|$)
Wallis and Futuna,#MeToo,#MeToo,MeToo,metoo,True,True,False,Support / Global,Support,,Baseline global #MeToo hashtag; included for every country/territory as the common cross-border search term. Translation/Gloss: Me too.,regex,(?:^|[^\p{L}\p{N}_])metoo(?:[^\p{L}\p{N}_]|$)
Wallis and Futuna,#MoiAussi,#MoiAussi,MoiAussi,moiaussi,True,True,False,Support / Translation,Support,,"French-language equivalent of #MeToo, documented in Canada/Francophone coverage. Translation/Gloss: Me too.",regex,(?:^|[^\p{L}\p{N}_])moiaussi(?:[^\p{L}\p{N}_]|$)
Wallis and Futuna,#NousToutes,#NousToutes,NousToutes,noustoutes,True,True,False,Support / Adjacent,Support,,French feminist collective/hashtag after #MeToo and #BalanceTonPorc focused on violence against women. Translation/Gloss: All of us women.,regex,(?:^|[^\p{L}\p{N}_])noustoutes(?:[^\p{L}\p{N}_]|$)
Wallis and Futuna,harcèlement sexuel,harcèlement sexuel,harcèlement sexuel,harcèlement sexuel,False,False,False,Support / Search Term,Support,,French publication/search keyword. Translation/Gloss: sexual harassment.,regex,(?:^|[^\p{L}\p{N}_])harcèlement\ sexuel(?:[^\p{L}\p{N}_]|$)
Western Sahara,#HimToo,#HimToo,HimToo,himtoo,True,True,False,Backlash / Counter,Backlash,,Major counter-/backlash hashtag that recast #MeToo through false-accusation or accused-men-as-victims narratives; included as a global backlash search term. Translation/Gloss: Him too.,regex,(?:^|[^\p{L}\p{N}_])himtoo(?:[^\p{L}\p{N}_]|$)
Western Sahara,#MeToo,#MeToo,MeToo,metoo,True,True,False,Support / Global,Support,,Baseline global #MeToo hashtag; included for every country/territory as the common cross-border search term. Translation/Gloss: Me too.,regex,(?:^|[^\p{L}\p{N}_])metoo(?:[^\p{L}\p{N}_]|$)
Western Sahara,#MosqueMeToo,#MosqueMeToo,MosqueMeToo,mosquemetoo,True,True,False,Support / Adjacent,Support,,"Hashtag for Muslim women's accounts of harassment/abuse during Hajj, in mosques, or in religious spaces. Translation/Gloss: MeToo in mosque/Hajj contexts.",regex,(?:^|[^\p{L}\p{N}_])mosquemetoo(?:[^\p{L}\p{N}_]|$)
Western Sahara,#أنا_أيضا,#أنا_أيضا,أنا_أيضا,أنا_أيضا,True,False,False,Support / Translation,Support,,Formal Arabic equivalent of #MeToo. Translation/Gloss: Me too / I also.,substr,
Western Sahara,#أنا_كمان,#أنا_كمان,أنا_كمان,أنا_كمان,True,False,False,Support / Translation,Support,,Arabic #MeToo counterpart used across Arabic-speaking social media. Translation/Gloss: Me too.,substr,
Western Sahara,التحرش_الجنسي,التحرش_الجنسي,التحرش_الجنسي,التحرش_الجنسي,False,False,False,Support / Search Term,Support,,Arabic publication/search keyword. Translation/Gloss: sexual harassment.,substr,
Western Sahara,العنف_ضد_المرأة,العنف_ضد_المرأة,العنف_ضد_المرأة,العنف_ضد_المرأة,False,False,False,Support / Search Term,Support,,Arabic publication/search keyword. Translation/Gloss: violence against women.,substr,
Yemen,#HimToo,#HimToo,HimToo,himtoo,True,True,False,Backlash / Counter,Backlash,,Major counter-/backlash hashtag that recast #MeToo through false-accusation or accused-men-as-victims narratives; included as a global backlash search term. Translation/Gloss: Him too.,regex,(?:^|[^\p{L}\p{N}_])himtoo(?:[^\p{L}\p{N}_]|$)
Yemen,#MeToo,#MeToo,MeToo,metoo,True,True,False,Support / Global,Support,,Baseline global #MeToo hashtag; included for every country/territory as the common cross-border search term. Translation/Gloss: Me too.,regex,(?:^|[^\p{L}\p{N}_])metoo(?:[^\p{L}\p{N}_]|$)
Yemen,#MosqueMeToo,#MosqueMeToo,MosqueMeToo,mosquemetoo,True,True,False,Support / Adjacent,Support,,"Hashtag for Muslim women's accounts of harassment/abuse during Hajj, in mosques, or in religious spaces. Translation/Gloss: MeToo in mosque/Hajj contexts.",regex,(?:^|[^\p{L}\p{N}_])mosquemetoo(?:[^\p{L}\p{N}_]|$)
Yemen,#أنا_أيضا,#أنا_أيضا,أنا_أيضا,أنا_أيضا,True,False,False,Support / Translation,Support,,Formal Arabic equivalent of #MeToo. Translation/Gloss: Me too / I also.,substr,
Yemen,#أنا_كمان,#أنا_كمان,أنا_كمان,أنا_كمان,True,False,False,Support / Translation,Support,,Arabic #MeToo counterpart used across Arabic-speaking social media. Translation/Gloss: Me too.,substr,
Yemen,التحرش_الجنسي,التحرش_الجنسي,التحرش_الجنسي,التحرش_الجنسي,False,False,False,Support / Search Term,Support,,Arabic publication/search keyword. Translation/Gloss: sexual harassment.,substr,
Yemen,العنف_ضد_المرأة,العنف_ضد_المرأة,العنف_ضد_المرأة,العنف_ضد_المرأة,False,False,False,Support / Search Term,Support,,Arabic publication/search keyword. Translation/Gloss: violence against women.,substr,
Zambia,#BelieveWomen,#BelieveWomen,BelieveWomen,believewomen,True,True,False,Support / Solidarity,Support,,Survivor-belief and anti-victim-blaming phrase used in #MeToo-related discourse. Translation/Gloss: Believe women.,regex,(?:^|[^\p{L}\p{N}_])believewomen(?:[^\p{L}\p{N}_]|$)
Zambia,#HimToo,#HimToo,HimToo,himtoo,True,True,False,Backlash / Counter,Backlash,,Major counter-/backlash hashtag that recast #MeToo through false-accusation or accused-men-as-victims narratives; included as a global backlash search term. Translation/Gloss: Him too.,regex,(?:^|[^\p{L}\p{N}_])himtoo(?:[^\p{L}\p{N}_]|$)
Zambia,#MeToo,#MeToo,MeToo,metoo,True,True,False,Support / Global,Support,,Baseline global #MeToo hashtag; included for every country/territory as the common cross-border search term. Translation/Gloss: Me too.,regex,(?:^|[^\p{L}\p{N}_])metoo(?:[^\p{L}\p{N}_]|$)
Zambia,#TimesUp,#TimesUp,TimesUp,timesup,True,True,False,Support / Solidarity,Support,,Transnational accountability and anti-harassment hashtag frequently paired with #MeToo. Translation/Gloss: Time is up.,regex,(?:^|[^\p{L}\p{N}_])timesup(?:[^\p{L}\p{N}_]|$)
Zambia,sexual harassment,sexual harassment,sexual harassment,sexual harassment,False,True,False,Support / Search Term,Support,,English search keyword for #MeToo-related social-media and publication searches. Translation/Gloss: sexual harassment.,regex,(?:^|[^\p{L}\p{N}_])sexual\ harassment(?:[^\p{L}\p{N}_]|$)
Zambia,violence against women,violence against women,violence against women,violence against women,False,True,False,Support / Search Term,Support,,English search keyword for adjacent #MeToo and gender-based violence coverage. Translation/Gloss: violence against women.,regex,(?:^|[^\p{L}\p{N}_])violence\ against\ women(?:[^\p{L}\p{N}_]|$)
Zimbabwe,#BelieveWomen,#BelieveWomen,BelieveWomen,believewomen,True,True,False,Support / Solidarity,Support,,Survivor-belief and anti-victim-blaming phrase used in #MeToo-related discourse. Translation/Gloss: Believe women.,regex,(?:^|[^\p{L}\p{N}_])believewomen(?:[^\p{L}\p{N}_]|$)
Zimbabwe,#HimToo,#HimToo,HimToo,himtoo,True,True,False,Backlash / Counter,Backlash,,Major counter-/backlash hashtag that recast #MeToo through false-accusation or accused-men-as-victims narratives; included as a global backlash search term. Translation/Gloss: Him too.,regex,(?:^|[^\p{L}\p{N}_])himtoo(?:[^\p{L}\p{N}_]|$)
Zimbabwe,#MeToo,#MeToo,MeToo,metoo,True,True,False,Support / Global,Support,,Baseline global #MeToo hashtag; included for every country/territory as the common cross-border search term. Translation/Gloss: Me too.,regex,(?:^|[^\p{L}\p{N}_])metoo(?:[^\p{L}\p{N}_]|$)
Zimbabwe,#TimesUp,#TimesUp,TimesUp,timesup,True,True,False,Support / Solidarity,Support,,Transnational accountability and anti-harassment hashtag frequently paired with #MeToo. Translation/Gloss: Time is up.,regex,(?:^|[^\p{L}\p{N}_])timesup(?:[^\p{L}\p{N}_]|$)
Zimbabwe,sexual harassment,sexual harassment,sexual harassment,sexual harassment,False,True,False,Support / Search Term,Support,,English search keyword for #MeToo-related social-media and publication searches. Translation/Gloss: sexual harassment.,regex,(?:^|[^\p{L}\p{N}_])sexual\ harassment(?:[^\p{L}\p{N}_]|$)
Zimbabwe,sexual harassment (generic) / #MeTooZim,#MeTooZim,MeTooZim,metoozim,True,True,False,Support / Generic Term,Support,generic,Scattered usage; no sustained documented wave.,regex,(?:^|[^\p{L}\p{N}_])metoozim(?:[^\p{L}\p{N}_]|$)
Zimbabwe,violence against women,violence against women,violence against women,violence against women,False,True,False,Support / Search Term,Support,,English search keyword for adjacent #MeToo and gender-based violence coverage. Translation/Gloss: violence against women.,regex,(?:^|[^\p{L}\p{N}_])violence\ against\ women(?:[^\p{L}\p{N}_]|$)
