keyword_country,keyword_raw,keyword,kw_match,match_mode,regex_pattern,stance_original,stance_primary,context
Global,#AidToo,#AidToo,aidtoo,word,\baidtoo\b,Support,Support,"2018, after Oxfam Haiti sexual exploitation scandal; abuse in the humanitarian sector."
Global,#BelieveWomen / #BelieveSurvivors,#BelieveWomen,believewomen,word,\bbelievewomen\b,Support,Support,"Solidarity tags; note critics use the strawman variant #BelieveAllWomen mockingly, so that variant skews backlash."
Global,#BelieveWomen / #BelieveSurvivors,#BelieveSurvivors,believesurvivors,word,\bbelievesurvivors\b,Support,Support,"Solidarity tags; note critics use the strawman variant #BelieveAllWomen mockingly, so that variant skews backlash."
Global,#ChurchToo,#ChurchToo,churchtoo,word,\bchurchtoo\b,Support,Support,"Nov 2017, Emily Joy and Hannah Paasch; abuse in (mainly evangelical) churches. Strong uptake in US and Nigeria."
Global,#GymnastAlliance,#GymnastAlliance,gymnastalliance,word,\bgymnastalliance\b,Support,Support,"July 2020, gymnasts (starting in UK) disclosing abusive coaching; spread internationally; follows US Larry Nassar case."
Global,#HimToo,#HimToo,himtoo,word,\bhimtoo\b,Backlash / Ambiguous,Backlash,Multiple meanings over time; peaked Oct 2018 (Kavanaugh) as a men-fear-false-accusations meme after a mother's tweet about her son Pieter Hanson; Hanson repudiated it and the tag was flooded with satire (#ThatWasMyMom). Treat as predominantly backlash but heavily satirical in practice - critical for stance labeling.
Global,#IHave / #IDidThat,#IHave,ihave,word,\bihave\b,Support,Support,Men acknowledging past behavior in response to MeToo.
Global,#IHave / #IDidThat,#IDidThat,ididthat,word,\bididthat\b,Support,Support,Men acknowledging past behavior in response to MeToo.
Global,#MeToo,#MeToo,metoo,word,\bmetoo\b,Support,Support,Coined by Tarana Burke (2006); went viral 15 Oct 2017 via Alyssa Milano tweet after Harvey Weinstein exposes (NYT/New Yorker).
Global,#MeTooEP,#MeTooEP,metooep,word,\bmetooep\b,Support,Support,"Oct 2017+, staffers exposing harassment inside the European Parliament."
Global,#MeTooSTEM,#MeTooSTEM,metoostem,word,\bmetoostem\b,Support,Support,"2018+, harassment in science/academia (BethAnn McLaughlin)."
Global,#MenToo,#MenToo,mentoo,word,\bmentoo\b,Backlash,Backlash,Men's-rights framing positioning men as the movement's victims; especially prominent in India from 2019.
Global,#MosqueMeToo,#MosqueMeToo,mosquemetoo,word,\bmosquemetoo\b,Support,Support,"Feb 2018, Mona Eltahawy; harassment during hajj and in Muslim spaces."
Global,#NotAllMen,#NotAllMen,notallmen,word,\bnotallmen\b,Backlash,Backlash,Deflection meme predating MeToo; spikes alongside every national wave.
Global,#ProtectOurBoys,#ProtectOurBoys,protectourboys,word,\bprotectourboys\b,Backlash,Backlash,Kavanaugh-era backlash framing sons as at risk from false accusations.
Global,#ThatWasMyMom,#ThatWasMyMom,thatwasmymom,word,\bthatwasmymom\b,Ambiguous / Satire of Backlash,Ambiguous,Pieter Hanson's viral debunk of his mother's #HimToo tweet; marker of the satirical wave inside #HimToo traffic.
Global,#TimesUp,#TimesUp,timesup,word,\btimesup\b,Support,Support,Jan 2018 Hollywood-launched legal defense fund and campaign against workplace harassment.
Global,#WhyIDidntReport,#WhyIDidntReport,whyididntreport,word,\bwhyididntreport\b,Support,Support,"Sept 2018, response to Trump questioning why Christine Blasey Ford waited to report (Kavanaugh hearings)."
Global,#WhyIStayed,#WhyIStayed,whyistayed,word,\bwhyistayed\b,Support,Support,2014 precursor on domestic violence (Ray Rice case).
Global,#YesAllWomen,#YesAllWomen,yesallwomen,word,\byesallwomen\b,Support,Support,2014 precursor (post-Isla Vista killings); ubiquity of misogyny/harassment.
Global,false accusations / due process,false accusations,false accusations,word,\bfalse\ accusations\b,Backlash,Backlash,Core backlash vocabulary in commentary and legal-pushback coverage.
Global,false accusations / due process,due process,due process,word,\bdue\ process\b,Backlash,Backlash,Core backlash vocabulary in commentary and legal-pushback coverage.
Global,witch hunt / #WitchHunt,witch hunt,witch hunt,word,\bwitch\ hunt\b,Backlash,Backlash,"Dominant backlash frame in op-eds worldwide (local equivalents: caccia alle streghe, Hexenjagd, chasse aux sorcieres, okhota na vedm)."
Global,witch hunt / #WitchHunt,#WitchHunt,witchhunt,word,\bwitchhunt\b,Backlash,Backlash,"Dominant backlash frame in op-eds worldwide (local equivalents: caccia alle streghe, Hexenjagd, chasse aux sorcieres, okhota na vedm)."
Latin America,#ConMisHijosNoTeMetas,#ConMisHijosNoTeMetas,conmishijosnotemetas,word,\bconmishijosnotemetas\b,Backlash,Backlash,Translates to 'Don't mess with my children' - a broader anti-gender-ideology tag used to push back against feminist initiatives.
Afghanistan,#HimToo,#HimToo,himtoo,word,\bhimtoo\b,Backlash / Counter,Backlash,Major counter-/backlash hashtag that recast #MeToo through false-accusation or accused-men-as-victims narratives; included as a global backlash search term. Translation/Gloss: Him too.
Afghanistan,#MeToo,#MeToo,metoo,word,\bmetoo\b,Support / Global Localized,Support,Afghanistan: #MeToo spread but women reporting harassment faced high safety risks; local searches often rely on global #MeToo plus Dari/Pashto terms.
Afghanistan,#MeTooAfghanistan,#MeTooAfghanistan,metooafghanistan,word,\bmetooafghanistan\b,Support,Support,Limited wave 2018 around harassment allegations in government offices; 2018-19 Afghanistan Football Federation scandal (president Keramuddin Karim banned by FIFA for abusing women players).
Afghanistan,#من_هم,#من_هم,من_هم,substr,,Support / Translation,Support,Persian/Dari equivalent of #MeToo. Translation/Gloss: Me too.
Afghanistan,Keramuddin Karim,Keramuddin Karim,keramuddin karim,word,\bkeramuddin\ karim\b,Support / Case,Support,AFF president accused of sexually abusing national-team players; FIFA life ban 2019.
Afghanistan,آزار جنسی,آزار جنسی,آزار جنسی,substr,,Support / Generic Term,Support,'Sexual harassment' - corpus-recall term for Dari/Persian coverage.
Afghanistan,آزار_جنسی,آزار_جنسی,آزار_جنسی,substr,,Support / Search Term,Support,Persian/Dari publication/search keyword. Translation/Gloss: sexual harassment/sexual abuse.
Åland Islands,#HimToo,#HimToo,himtoo,word,\bhimtoo\b,Backlash / Counter,Backlash,Major counter-/backlash hashtag that recast #MeToo through false-accusation or accused-men-as-victims narratives; included as a global backlash search term. Translation/Gloss: Him too.
Åland Islands,#MeToo,#MeToo,metoo,word,\bmetoo\b,Support / Global,Support,Baseline global #MeToo hashtag; included for every country/territory as the common cross-border search term. Translation/Gloss: Me too.
Åland Islands,#tystnadtagning,#tystnadtagning,tystnadtagning,word,\btystnadtagning\b,Support / Sectoral,Support,"Swedish theatre/film sector hashtag, the first joint Swedish #MeToo call. Translation/Gloss: silent shoot."
Åland Islands,sexuella trakasserier,sexuella trakasserier,sexuella trakasserier,word,\bsexuella\ trakasserier\b,Support / Search Term,Support,Swedish publication/search keyword. Translation/Gloss: sexual harassment.
Albania,#EdheUnë,#EdheUnë,edheunë,substr,,Support / Translation,Support,Albanian equivalent of #MeToo. Translation/Gloss: Me too.
Albania,#HimToo,#HimToo,himtoo,word,\bhimtoo\b,Backlash / Counter,Backlash,Major counter-/backlash hashtag that recast #MeToo through false-accusation or accused-men-as-victims narratives; included as a global backlash search term. Translation/Gloss: Him too.
Albania,#MeToo,#MeToo,metoo,word,\bmetoo\b,Support / Global,Support,Baseline global #MeToo hashtag; included for every country/territory as the common cross-border search term. Translation/Gloss: Me too.
Albania,ngacmim seksual,ngacmim seksual,ngacmim seksual,word,\bngacmim\ seksual\b,Support / Generic Term,Support,'Sexual harassment'; no distinctive national hashtag wave documented - generic #MeToo used.
Algeria,#HimToo,#HimToo,himtoo,word,\bhimtoo\b,Backlash / Counter,Backlash,Major counter-/backlash hashtag that recast #MeToo through false-accusation or accused-men-as-victims narratives; included as a global backlash search term. Translation/Gloss: Him too.
Algeria,#JusticePourChaima / #كلنا_شيماء,#JusticePourChaima,justicepourchaima,word,\bjusticepourchaima\b,Support,Support,Oct 2020: rape and murder of 19-year-old Chaima sparked national outrage and anti-femicide mobilization ('we are all Chaima').
Algeria,#JusticePourChaima / #كلنا_شيماء,#كلنا_شيماء,كلنا_شيماء,substr,,Support,Support,Oct 2020: rape and murder of 19-year-old Chaima sparked national outrage and anti-femicide mobilization ('we are all Chaima').
Algeria,#MeToo,#MeToo,metoo,word,\bmetoo\b,Support / Global,Support,Baseline global #MeToo hashtag; included for every country/territory as the common cross-border search term. Translation/Gloss: Me too.
Algeria,#MosqueMeToo,#MosqueMeToo,mosquemetoo,word,\bmosquemetoo\b,Support / Adjacent,Support,"Hashtag for Muslim women's accounts of harassment/abuse during Hajj, in mosques, or in religious spaces. Translation/Gloss: MeToo in mosque/Hajj contexts."
Algeria,#أنا_أيضا,#أنا_أيضا,أنا_أيضا,substr,,Support / Translation,Support,Formal Arabic equivalent of #MeToo. Translation/Gloss: Me too / I also.
Algeria,#أنا_كمان,#أنا_كمان,أنا_كمان,substr,,Support / Translation,Support,Arabic #MeToo counterpart used across Arabic-speaking social media. Translation/Gloss: Me too.
Algeria,Féminicides Algérie,Féminicides Algérie,féminicides algérie,substr,,Support,Support,Activist femicide-counting project; central node of Algerian coverage of violence against women.
Algeria,التحرش_الجنسي,التحرش_الجنسي,التحرش_الجنسي,substr,,Support / Search Term,Support,Arabic publication/search keyword. Translation/Gloss: sexual harassment.
Algeria,العنف_ضد_المرأة,العنف_ضد_المرأة,العنف_ضد_المرأة,substr,,Support / Search Term,Support,Arabic publication/search keyword. Translation/Gloss: violence against women.
American Samoa,#HimToo,#HimToo,himtoo,word,\bhimtoo\b,Backlash / Counter,Backlash,Major counter-/backlash hashtag that recast #MeToo through false-accusation or accused-men-as-victims narratives; included as a global backlash search term. Translation/Gloss: Him too.
American Samoa,#MeToo,#MeToo,metoo,word,\bmetoo\b,Support / Global,Support,Baseline global #MeToo hashtag; included for every country/territory as the common cross-border search term. Translation/Gloss: Me too.
Andorra,#HimToo,#HimToo,himtoo,word,\bhimtoo\b,Backlash / Counter,Backlash,Major counter-/backlash hashtag that recast #MeToo through false-accusation or accused-men-as-victims narratives; included as a global backlash search term. Translation/Gloss: Him too.
Andorra,#MeToo,#MeToo,metoo,word,\bmetoo\b,Support / Global,Support,Baseline global #MeToo hashtag; included for every country/territory as the common cross-border search term. Translation/Gloss: Me too.
Andorra,#YoTambién / #JoTambé / #BalanceTonPorc,#YoTambién,yotambién,substr,,Support,Support,No distinct national movement; Catalan/Spanish/French tags circulate given media sphere.
Andorra,#YoTambién / #JoTambé / #BalanceTonPorc,#JoTambé,jotambé,substr,,Support,Support,No distinct national movement; Catalan/Spanish/French tags circulate given media sphere.
Andorra,#YoTambién / #JoTambé / #BalanceTonPorc,#BalanceTonPorc,balancetonporc,word,\bbalancetonporc\b,Support,Support,No distinct national movement; Catalan/Spanish/French tags circulate given media sphere.
Angola,#ChegaDeFiuFiu,#ChegaDeFiuFiu,chegadefiufiu,word,\bchegadefiufiu\b,Support / Adjacent,Support,Brazil-origin anti-street-harassment campaign; relevant for Portuguese-language searches. Translation/Gloss: Enough with catcalling.
Angola,#EuTambém,#EuTambém,eutambém,substr,,Support / Translation,Support,Portuguese equivalent of #MeToo. Translation/Gloss: Me too.
Angola,#HimToo,#HimToo,himtoo,word,\bhimtoo\b,Backlash / Counter,Backlash,Major counter-/backlash hashtag that recast #MeToo through false-accusation or accused-men-as-victims narratives; included as a global backlash search term. Translation/Gloss: Him too.
Angola,#MeToo,#MeToo,metoo,word,\bmetoo\b,Support / Global,Support,Baseline global #MeToo hashtag; included for every country/territory as the common cross-border search term. Translation/Gloss: Me too.
Angola,#PrimeiroAssédio,#PrimeiroAssédio,primeiroassédio,substr,,Support / Adjacent,Support,Brazil-origin hashtag where women shared first harassment experiences. Translation/Gloss: First harassment.
Angola,assédio sexual,assédio sexual,assédio sexual,substr,,Support / Generic Term,Support,No documented national hashtag movement; generic Portuguese term for recall.
Anguilla,#BelieveWomen,#BelieveWomen,believewomen,word,\bbelievewomen\b,Support / Solidarity,Support,Survivor-belief and anti-victim-blaming phrase used in #MeToo-related discourse. Translation/Gloss: Believe women.
Anguilla,#HimToo,#HimToo,himtoo,word,\bhimtoo\b,Backlash / Counter,Backlash,Major counter-/backlash hashtag that recast #MeToo through false-accusation or accused-men-as-victims narratives; included as a global backlash search term. Translation/Gloss: Him too.
Anguilla,#MeToo,#MeToo,metoo,word,\bmetoo\b,Support / Global,Support,Baseline global #MeToo hashtag; included for every country/territory as the common cross-border search term. Translation/Gloss: Me too.
Anguilla,#TimesUp,#TimesUp,timesup,word,\btimesup\b,Support / Solidarity,Support,Transnational accountability and anti-harassment hashtag frequently paired with #MeToo. Translation/Gloss: Time is up.
Anguilla,sexual harassment,sexual harassment,sexual harassment,word,\bsexual\ harassment\b,Support / Search Term,Support,English search keyword for #MeToo-related social-media and publication searches. Translation/Gloss: sexual harassment.
Anguilla,violence against women,violence against women,violence against women,word,\bviolence\ against\ women\b,Support / Search Term,Support,English search keyword for adjacent #MeToo and gender-based violence coverage. Translation/Gloss: violence against women.
Antarctica,#HimToo,#HimToo,himtoo,word,\bhimtoo\b,Backlash / Counter,Backlash,Major counter-/backlash hashtag that recast #MeToo through false-accusation or accused-men-as-victims narratives; included as a global backlash search term. Translation/Gloss: Him too.
Antarctica,#MeToo,#MeToo,metoo,word,\bmetoo\b,Support / Global,Support,Baseline global #MeToo hashtag; included for every country/territory as the common cross-border search term. Translation/Gloss: Me too.
Antigua and Barbuda,#BelieveWomen,#BelieveWomen,believewomen,word,\bbelievewomen\b,Support / Solidarity,Support,Survivor-belief and anti-victim-blaming phrase used in #MeToo-related discourse. Translation/Gloss: Believe women.
Antigua and Barbuda,#HimToo,#HimToo,himtoo,word,\bhimtoo\b,Backlash / Counter,Backlash,Major counter-/backlash hashtag that recast #MeToo through false-accusation or accused-men-as-victims narratives; included as a global backlash search term. Translation/Gloss: Him too.
Antigua and Barbuda,#LifeInLeggings,#LifeInLeggings,lifeinleggings,word,\blifeinleggings\b,Support,Support,"Caribbean movement founded in Barbados (Nov 2016, Ronelle King) documenting everyday harassment; spread across the anglophone Caribbean."
Antigua and Barbuda,#MeToo,#MeToo,metoo,word,\bmetoo\b,Support / Global,Support,Baseline global #MeToo hashtag; included for every country/territory as the common cross-border search term. Translation/Gloss: Me too.
Antigua and Barbuda,#TimesUp,#TimesUp,timesup,word,\btimesup\b,Support / Solidarity,Support,Transnational accountability and anti-harassment hashtag frequently paired with #MeToo. Translation/Gloss: Time is up.
Antigua and Barbuda,sexual harassment,sexual harassment,sexual harassment,word,\bsexual\ harassment\b,Support / Search Term,Support,English search keyword for #MeToo-related social-media and publication searches. Translation/Gloss: sexual harassment.
Antigua and Barbuda,violence against women,violence against women,violence against women,word,\bviolence\ against\ women\b,Support / Search Term,Support,English search keyword for adjacent #MeToo and gender-based violence coverage. Translation/Gloss: violence against women.
Argentina,#Cuéntalo,#Cuéntalo,cuéntalo,substr,,Support / Adjacent,Support,Spanish testimony hashtag associated especially with Spain and the La Manada reckoning; useful across Spanish-language searches. Translation/Gloss: Tell it / tell your story.
Argentina,#HimToo,#HimToo,himtoo,word,\bhimtoo\b,Backlash / Counter,Backlash,Major counter-/backlash hashtag that recast #MeToo through false-accusation or accused-men-as-victims narratives; included as a global backlash search term. Translation/Gloss: Him too.
Argentina,#MeToo,#MeToo,metoo,word,\bmetoo\b,Support / Global,Support,Baseline global #MeToo hashtag; included for every country/territory as the common cross-border search term. Translation/Gloss: Me too.
Argentina,#MiraComoNosPonemos,#MiraComoNosPonemos,miracomonosponemos,word,\bmiracomonosponemos\b,Support / Solidarity,Support,Argentina: mass solidarity slogan after Thelma Fardin accused actor Juan Darthes of rape; the case became a landmark Argentine #MeToo moment. Translation/Gloss: Look how we get / this is how we react.
Argentina,#MiráCómoNosPonemos,#MiráCómoNosPonemos,mirácómonosponemos,substr,,Support,Support,Translates to 'Look how you make us'.
Argentina,#NiUnaMenos,#NiUnaMenos,niunamenos,word,\bniunamenos\b,Support / Adjacent,Support,Latin American movement against femicide and violence against women; often overlaps with #MeToo-adjacent activism. Translation/Gloss: Not one woman less.
Argentina,#YoSíTeCreo,#YoSíTeCreo,yosítecreo,substr,,Support / Solidarity,Support,Spanish solidarity tag/phrase used around sexual-violence testimony and belief of survivors. Translation/Gloss: I do believe you.
Argentina,#YoTambién,#YoTambién,yotambién,substr,,Support / Translation,Support,Spanish-language equivalent of #MeToo; documented in global/regional lists. Translation/Gloss: Me too.
Argentina,#YoTeCreo / #NoEsNo / #VivasNosQueremos,#YoTeCreo,yotecreo,word,\byotecreo\b,Support,Support,Solidarity and anti-violence tags used alongside NiUnaMenos.
Argentina,#YoTeCreo / #NoEsNo / #VivasNosQueremos,#NoEsNo,noesno,word,\bnoesno\b,Support,Support,Solidarity and anti-violence tags used alongside NiUnaMenos.
Argentina,#YoTeCreo / #NoEsNo / #VivasNosQueremos,#VivasNosQueremos,vivasnosqueremos,word,\bvivasnosqueremos\b,Support,Support,Solidarity and anti-violence tags used alongside NiUnaMenos.
Argentina,acoso sexual,acoso sexual,acoso sexual,word,\bacoso\ sexual\b,Support / Search Term,Support,Spanish publication/search keyword. Translation/Gloss: sexual harassment.
Argentina,feminazi,feminazi,feminazi,word,\bfeminazi\b,Backlash,Backlash,Pan-Hispanic derogatory label for feminists; standard backlash marker in es-language coverage.
Armenia,#HimToo,#HimToo,himtoo,word,\bhimtoo\b,Backlash / Counter,Backlash,Major counter-/backlash hashtag that recast #MeToo through false-accusation or accused-men-as-victims narratives; included as a global backlash search term. Translation/Gloss: Him too.
Armenia,#MeToo,#MeToo,metoo,word,\bmetoo\b,Support / Global,Support,Baseline global #MeToo hashtag; included for every country/territory as the common cross-border search term. Translation/Gloss: Me too.
Armenia,#Բռնության_ձայնը (Brnutyan Dzayne),#Բռնության_ձայնը (Brnutyan Dzayne),բռնության_ձայնը (brnutyan dzayne),substr,,Support,Support,"'Voices of Violence', July 2019: after Hetq published a Czech woman's assault account, journalist Lucy Kocharyan published anonymous survivor stories; called Armenia's MeToo."
Armenia,#ԵսԷլ,#ԵսԷլ,եսէլ,substr,,Support / Translation,Support,Armenian equivalent of #MeToo. Translation/Gloss: Me too.
Armenia,Ստամբուլյան կոնվենցիա (Istanbul Convention),Ստամբուլյան կոնվենցիա (Istanbul Convention),ստամբուլյան կոնվենցիա (istanbul convention),substr,,Backlash / Context,Backlash,Backlash claimed the campaign faked stories to push Istanbul Convention ratification; conservative anti-convention discourse is the main counter-frame.
Armenia,սեռական ոտնձգություն,սեռական ոտնձգություն,սեռական ոտնձգություն,substr,,Support / Search Term,Support,Armenian publication/search keyword. Translation/Gloss: sexual harassment.
Aruba,#HimToo,#HimToo,himtoo,word,\bhimtoo\b,Backlash / Counter,Backlash,Major counter-/backlash hashtag that recast #MeToo through false-accusation or accused-men-as-victims narratives; included as a global backlash search term. Translation/Gloss: Him too.
Aruba,#IkOok,#IkOok,ikook,word,\bikook\b,Support / Translation,Support,Dutch equivalent of #MeToo. Translation/Gloss: Me too.
Aruba,#MeToo,#MeToo,metoo,word,\bmetoo\b,Support / Global,Support,Baseline global #MeToo hashtag; included for every country/territory as the common cross-border search term. Translation/Gloss: Me too.
Aruba,seksuele intimidatie,seksuele intimidatie,seksuele intimidatie,word,\bseksuele\ intimidatie\b,Support / Search Term,Support,Dutch publication/search keyword. Translation/Gloss: sexual harassment.
Australia,#BelieveWomen,#BelieveWomen,believewomen,word,\bbelievewomen\b,Support / Solidarity,Support,Survivor-belief and anti-victim-blaming phrase used in #MeToo-related discourse. Translation/Gloss: Believe women.
Australia,#HimToo,#HimToo,himtoo,word,\bhimtoo\b,Backlash / Counter,Backlash,Major counter-/backlash hashtag that recast #MeToo through false-accusation or accused-men-as-victims narratives; included as a global backlash search term. Translation/Gloss: Him too.
Australia,#LetHerSpeak,#LetHerSpeak,letherspeak,word,\bletherspeak\b,Support,Support,"2018-19 Nina Funnell campaign against survivor gag laws (Tasmania/NT); Grace Tame became face of it, later Australian of the Year 2021."
Australia,#March4Justice,#March4Justice,march4justice,word,\bmarch4justice\b,Support,Support,Mar 2021 mass marches after Brittany Higgins' parliament rape allegation and historical allegation against minister Christian Porter.
Australia,#MeToo,#MeToo,metoo,word,\bmetoo\b,Support / Global,Support,Baseline global #MeToo hashtag; included for every country/territory as the common cross-border search term. Translation/Gloss: Me too.
Australia,#NowAustralia,#NowAustralia,nowaustralia,word,\bnowaustralia\b,Support / Localized,Support,Australia: organization founded after Australian #MeToo disclosures to support targets of workplace harassment. Translation/Gloss: NOW Australia.
Australia,#TimesUp,#TimesUp,timesup,word,\btimesup\b,Support / Solidarity,Support,Transnational accountability and anti-harassment hashtag frequently paired with #MeToo. Translation/Gloss: Time is up.
Australia,Brittany Higgins / Grace Tame,Brittany Higgins,brittany higgins,word,\bbrittany\ higgins\b,Support / Case,Support,Central figures of the 2021 wave.
Australia,Brittany Higgins / Grace Tame,Grace Tame,grace tame,word,\bgrace\ tame\b,Support / Case,Support,Central figures of the 2021 wave.
Australia,Geoffrey Rush defamation,Geoffrey Rush defamation,geoffrey rush defamation,word,\bgeoffrey\ rush\ defamation\b,Backlash / Legal,Backlash,"Rush won record defamation payout against Daily Telegraph (2019-20); with Porter's defamation action, chilled Australian MeToo reporting - 'trial by media' is the backlash frame."
Australia,sexual harassment,sexual harassment,sexual harassment,word,\bsexual\ harassment\b,Support / Search Term,Support,English search keyword for #MeToo-related social-media and publication searches. Translation/Gloss: sexual harassment.
Australia,violence against women,violence against women,violence against women,word,\bviolence\ against\ women\b,Support / Search Term,Support,English search keyword for adjacent #MeToo and gender-based violence coverage. Translation/Gloss: violence against women.
Austria,#HimToo,#HimToo,himtoo,word,\bhimtoo\b,Backlash / Counter,Backlash,Major counter-/backlash hashtag that recast #MeToo through false-accusation or accused-men-as-victims narratives; included as a global backlash search term. Translation/Gloss: Him too.
Austria,#IchAuch,#IchAuch,ichauch,word,\bichauch\b,Support / Translation,Support,German equivalent of #MeToo. Translation/Gloss: Me too.
Austria,#MeToo,#MeToo,metoo,word,\bmetoo\b,Support / Global,Support,Baseline global #MeToo hashtag; included for every country/territory as the common cross-border search term. Translation/Gloss: Me too.
Austria,#aufschrei,#aufschrei,aufschrei,word,\baufschrei\b,Support / Adjacent,Support,German anti-sexism hashtag predating and overlapping #MeToo themes. Translation/Gloss: Outcry.
Austria,Sigi Maurer,Sigi Maurer,sigi maurer,word,\bsigi\ maurer\b,Support / Case,Support,2018: politician Sigrid Maurer prosecuted for publishing obscene messages sent to her; case became a rallying point on harassment and defamation law.
Austria,sexuelle Belästigung,sexuelle Belästigung,sexuelle belästigung,substr,,Support / Search Term,Support,German publication/search keyword. Translation/Gloss: sexual harassment.
Azerbaijan,#HimToo,#HimToo,himtoo,word,\bhimtoo\b,Backlash / Counter,Backlash,Major counter-/backlash hashtag that recast #MeToo through false-accusation or accused-men-as-victims narratives; included as a global backlash search term. Translation/Gloss: Him too.
Azerbaijan,#KadınaŞiddeteHayır,#KadınaŞiddeteHayır,kadınaşiddetehayır,substr,,Support / Adjacent,Support,Turkish-language anti-violence-against-women hashtag often overlapping with #MeToo topics. Translation/Gloss: No to violence against women.
Azerbaijan,#MeToo,#MeToo,metoo,word,\bmetoo\b,Support / Global,Support,Baseline global #MeToo hashtag; included for every country/territory as the common cross-border search term. Translation/Gloss: Me too.
Azerbaijan,#MənDə,#MənDə,məndə,substr,,Support / Translation,Support,Azerbaijani equivalent/search term; use with #MeToo for local-language searches. Translation/Gloss: Me too.
Azerbaijan,#QadınaŞiddətəYox,#QadınaŞiddətəYox,qadınaşiddətəyox,substr,,Support,Support,"'No to violence against women', Oct 2019, after a man stabbed his wife 25 times in public in Baku; closest thing to an Azerbaijani MeToo."
Azerbaijan,#SendeAnlat,#SendeAnlat,sendeanlat,word,\bsendeanlat\b,Support / Adjacent,Support,"Turkish hashtag after the Ozgecan Aslan murder, asking women to tell their experiences of harassment/violence. Translation/Gloss: Tell your story too."
Azerbaijan,cinsel taciz,cinsel taciz,cinsel taciz,word,\bcinsel\ taciz\b,Support / Search Term,Support,Turkish publication/search keyword. Translation/Gloss: sexual harassment.
Azerbaijan,cinsi qısnama,cinsi qısnama,cinsi qısnama,substr,,Support / Generic Term,Support,'Sexual harassment' - recall term; no sustained hashtag movement.
Bahamas,#BelieveWomen,#BelieveWomen,believewomen,word,\bbelievewomen\b,Support / Solidarity,Support,Survivor-belief and anti-victim-blaming phrase used in #MeToo-related discourse. Translation/Gloss: Believe women.
Bahamas,#HimToo,#HimToo,himtoo,word,\bhimtoo\b,Backlash / Counter,Backlash,Major counter-/backlash hashtag that recast #MeToo through false-accusation or accused-men-as-victims narratives; included as a global backlash search term. Translation/Gloss: Him too.
Bahamas,#MeToo,#MeToo,metoo,word,\bmetoo\b,Support / Global,Support,Baseline global #MeToo hashtag; included for every country/territory as the common cross-border search term. Translation/Gloss: Me too.
Bahamas,#TimesUp,#TimesUp,timesup,word,\btimesup\b,Support / Solidarity,Support,Transnational accountability and anti-harassment hashtag frequently paired with #MeToo. Translation/Gloss: Time is up.
Bahamas,sexual harassment,sexual harassment,sexual harassment,word,\bsexual\ harassment\b,Support / Search Term,Support,English search keyword for #MeToo-related social-media and publication searches. Translation/Gloss: sexual harassment.
Bahamas,violence against women,violence against women,violence against women,word,\bviolence\ against\ women\b,Support / Search Term,Support,English search keyword for adjacent #MeToo and gender-based violence coverage. Translation/Gloss: violence against women.
Bahrain,#HimToo,#HimToo,himtoo,word,\bhimtoo\b,Backlash / Counter,Backlash,Major counter-/backlash hashtag that recast #MeToo through false-accusation or accused-men-as-victims narratives; included as a global backlash search term. Translation/Gloss: Him too.
Bahrain,#MeToo,#MeToo,metoo,word,\bmetoo\b,Support / Global,Support,Baseline global #MeToo hashtag; included for every country/territory as the common cross-border search term. Translation/Gloss: Me too.
Bahrain,#MosqueMeToo,#MosqueMeToo,mosquemetoo,word,\bmosquemetoo\b,Support / Adjacent,Support,"Hashtag for Muslim women's accounts of harassment/abuse during Hajj, in mosques, or in religious spaces. Translation/Gloss: MeToo in mosque/Hajj contexts."
Bahrain,#أنا_أيضا,#أنا_أيضا,أنا_أيضا,substr,,Support / Translation,Support,Formal Arabic equivalent of #MeToo. Translation/Gloss: Me too / I also.
Bahrain,#أنا_كمان,#أنا_كمان,أنا_كمان,substr,,Support / Translation,Support,Arabic #MeToo counterpart used across Arabic-speaking social media. Translation/Gloss: Me too.
Bahrain,التحرش_الجنسي,التحرش_الجنسي,التحرش_الجنسي,substr,,Support / Search Term,Support,Arabic publication/search keyword. Translation/Gloss: sexual harassment.
Bahrain,العنف_ضد_المرأة,العنف_ضد_المرأة,العنف_ضد_المرأة,substr,,Support / Search Term,Support,Arabic publication/search keyword. Translation/Gloss: violence against women.
Bahrain,تحرش جنسي,تحرش جنسي,تحرش جنسي,substr,,Support / Generic Term,Support,No documented national movement; generic Arabic recall term.
Bangladesh,#HimToo,#HimToo,himtoo,word,\bhimtoo\b,Backlash / Counter,Backlash,Major counter-/backlash hashtag that recast #MeToo through false-accusation or accused-men-as-victims narratives; included as a global backlash search term. Translation/Gloss: Him too.
Bangladesh,#MeToo,#MeToo,metoo,word,\bmetoo\b,Support / Global,Support,Baseline global #MeToo hashtag; included for every country/territory as the common cross-border search term. Translation/Gloss: Me too.
Bangladesh,#MeTooBangladesh,#MeTooBangladesh,metoobangladesh,word,\bmetoobangladesh\b,Support / Localized,Support,Localized #MeToo search tag for Bangladesh coverage. Translation/Gloss: MeToo Bangladesh.
Bangladesh,#আমিও,#আমিও,আমিও,substr,,Support / Translation,Support,Bengali equivalent of #MeToo. Translation/Gloss: Me too.
Bangladesh,ধর্ষণবিরোধী আন্দোলন (anti-rape protests 2020),ধর্ষণবিরোধী আন্দোলন (anti-rape protests 2020),ধর্ষণবিরোধী আন্দোলন (anti-rape protests 2020),substr,,Support,Support,Oct 2020 nationwide protests after Noakhali assault video; government introduced death penalty for rape.
Bangladesh,যৌন_হয়রানি,যৌন_হয়রানি,যৌন_হয়রানি,substr,,Support / Search Term,Support,Bengali publication/search keyword. Translation/Gloss: sexual harassment.
Barbados,#BelieveWomen,#BelieveWomen,believewomen,word,\bbelievewomen\b,Support / Solidarity,Support,Survivor-belief and anti-victim-blaming phrase used in #MeToo-related discourse. Translation/Gloss: Believe women.
Barbados,#HimToo,#HimToo,himtoo,word,\bhimtoo\b,Backlash / Counter,Backlash,Major counter-/backlash hashtag that recast #MeToo through false-accusation or accused-men-as-victims narratives; included as a global backlash search term. Translation/Gloss: Him too.
Barbados,#LifeInLeggings,#LifeInLeggings,lifeinleggings,word,\blifeinleggings\b,Support,Support,Founded here Nov 2016 by Ronelle King; origin of the Caribbean wave.
Barbados,#MeToo,#MeToo,metoo,word,\bmetoo\b,Support / Global,Support,Baseline global #MeToo hashtag; included for every country/territory as the common cross-border search term. Translation/Gloss: Me too.
Barbados,#TimesUp,#TimesUp,timesup,word,\btimesup\b,Support / Solidarity,Support,Transnational accountability and anti-harassment hashtag frequently paired with #MeToo. Translation/Gloss: Time is up.
Barbados,sexual harassment,sexual harassment,sexual harassment,word,\bsexual\ harassment\b,Support / Search Term,Support,English search keyword for #MeToo-related social-media and publication searches. Translation/Gloss: sexual harassment.
Barbados,violence against women,violence against women,violence against women,word,\bviolence\ against\ women\b,Support / Search Term,Support,English search keyword for adjacent #MeToo and gender-based violence coverage. Translation/Gloss: violence against women.
Belarus,#HimToo,#HimToo,himtoo,word,\bhimtoo\b,Backlash / Counter,Backlash,Major counter-/backlash hashtag that recast #MeToo through false-accusation or accused-men-as-victims narratives; included as a global backlash search term. Translation/Gloss: Him too.
Belarus,#MeToo,#MeToo,metoo,word,\bmetoo\b,Support / Global,Support,Baseline global #MeToo hashtag; included for every country/territory as the common cross-border search term. Translation/Gloss: Me too.
Belarus,#ЯБоюсьМужчин,#ЯБоюсьМужчин,ябоюсьмужчин,substr,,Support / Adjacent,Support,"Russian feminist hashtag against male violence/femicide, reported alongside #MeToo-adjacent campaigns. Translation/Gloss: I fear men."
Belarus,#ЯНеБоюсьСказать,#ЯНеБоюсьСказать,янебоюсьсказать,substr,,Support / Adjacent,Support,Russian-language version of the Ukraine/Russia anti-sexual-violence flashmob precursor to #MeToo. Translation/Gloss: I am not afraid to say.
Belarus,#ЯТоже,#ЯТоже,ятоже,substr,,Support / Translation,Support,Russian #MeToo equivalent/search term. Translation/Gloss: Me too.
Belarus,сексуальные домогательства,сексуальные домогательства,сексуальные домогательства,substr,,Support / Search Term,Support,Russian publication/search keyword. Translation/Gloss: sexual harassment.
Belgium,#BalanceTonBar,#BalanceTonBar,balancetonbar,word,\bbalancetonbar\b,Support,Support,"Oct 2021, Brussels (Ixelles): drink-spiking and assaults in bars; spread to France."
Belgium,#BalanceTonPorc,#BalanceTonPorc,balancetonporc,word,\bbalancetonporc\b,Support / Adjacent,Support,French #MeToo-era hashtag for naming or denouncing perpetrators; also provoked public backlash debates. Translation/Gloss: Expose/denounce your pig.
Belgium,#HimToo,#HimToo,himtoo,word,\bhimtoo\b,Backlash / Counter,Backlash,Major counter-/backlash hashtag that recast #MeToo through false-accusation or accused-men-as-victims narratives; included as a global backlash search term. Translation/Gloss: Him too.
Belgium,#IkOok,#IkOok,ikook,word,\bikook\b,Support / Translation,Support,Dutch equivalent of #MeToo. Translation/Gloss: Me too.
Belgium,#MeToo,#MeToo,metoo,word,\bmetoo\b,Support / Global,Support,Baseline global #MeToo hashtag; included for every country/territory as the common cross-border search term. Translation/Gloss: Me too.
Belgium,#MoiAussi,#MoiAussi,moiaussi,word,\bmoiaussi\b,Support / Translation,Support,"French-language equivalent of #MeToo, documented in Canada/Francophone coverage. Translation/Gloss: Me too."
Belgium,#NousToutes,#NousToutes,noustoutes,word,\bnoustoutes\b,Support / Adjacent,Support,French feminist collective/hashtag after #MeToo and #BalanceTonPorc focused on violence against women. Translation/Gloss: All of us women.
Belgium,Bart De Pauw,Bart De Pauw,bart de pauw,word,\bbart\ de\ pauw\b,Support / Case,Support,Nov 2017: top Flemish TV producer accused of harassment/stalking; convicted 2021; trigger of Flemish MeToo.
Belgium,grensoverschrijdend gedrag,grensoverschrijdend gedrag,grensoverschrijdend gedrag,word,\bgrensoverschrijdend\ gedrag\b,Support / Media Frame,Support,'Transgressive behavior' - the umbrella term dominating Flemish/Dutch MeToo coverage; high-recall corpus term.
Belgium,harcèlement sexuel,harcèlement sexuel,harcèlement sexuel,substr,,Support / Search Term,Support,French publication/search keyword. Translation/Gloss: sexual harassment.
Belgium,seksuele intimidatie,seksuele intimidatie,seksuele intimidatie,word,\bseksuele\ intimidatie\b,Support / Search Term,Support,Dutch publication/search keyword. Translation/Gloss: sexual harassment.
Belize,#BelieveWomen,#BelieveWomen,believewomen,word,\bbelievewomen\b,Support / Solidarity,Support,Survivor-belief and anti-victim-blaming phrase used in #MeToo-related discourse. Translation/Gloss: Believe women.
Belize,#HimToo,#HimToo,himtoo,word,\bhimtoo\b,Backlash / Counter,Backlash,Major counter-/backlash hashtag that recast #MeToo through false-accusation or accused-men-as-victims narratives; included as a global backlash search term. Translation/Gloss: Him too.
Belize,#LifeInLeggings,#LifeInLeggings,lifeinleggings,word,\blifeinleggings\b,Support,Support,Regional Caribbean tag; no distinct national movement documented.
Belize,#MeToo,#MeToo,metoo,word,\bmetoo\b,Support / Global,Support,Baseline global #MeToo hashtag; included for every country/territory as the common cross-border search term. Translation/Gloss: Me too.
Belize,#TimesUp,#TimesUp,timesup,word,\btimesup\b,Support / Solidarity,Support,Transnational accountability and anti-harassment hashtag frequently paired with #MeToo. Translation/Gloss: Time is up.
Belize,sexual harassment,sexual harassment,sexual harassment,word,\bsexual\ harassment\b,Support / Search Term,Support,English search keyword for #MeToo-related social-media and publication searches. Translation/Gloss: sexual harassment.
Belize,violence against women,violence against women,violence against women,word,\bviolence\ against\ women\b,Support / Search Term,Support,English search keyword for adjacent #MeToo and gender-based violence coverage. Translation/Gloss: violence against women.
Benin,#BalanceTonPorc,#BalanceTonPorc,balancetonporc,word,\bbalancetonporc\b,Support / Adjacent,Support,French #MeToo-era hashtag for naming or denouncing perpetrators; also provoked public backlash debates. Translation/Gloss: Expose/denounce your pig.
Benin,#HimToo,#HimToo,himtoo,word,\bhimtoo\b,Backlash / Counter,Backlash,Major counter-/backlash hashtag that recast #MeToo through false-accusation or accused-men-as-victims narratives; included as a global backlash search term. Translation/Gloss: Him too.
Benin,#MeToo,#MeToo,metoo,word,\bmetoo\b,Support / Global,Support,Baseline global #MeToo hashtag; included for every country/territory as the common cross-border search term. Translation/Gloss: Me too.
Benin,#MoiAussi,#MoiAussi,moiaussi,word,\bmoiaussi\b,Support / Translation,Support,"French-language equivalent of #MeToo, documented in Canada/Francophone coverage. Translation/Gloss: Me too."
Benin,#NousToutes,#NousToutes,noustoutes,word,\bnoustoutes\b,Support / Adjacent,Support,French feminist collective/hashtag after #MeToo and #BalanceTonPorc focused on violence against women. Translation/Gloss: All of us women.
Benin,harcèlement sexuel,harcèlement sexuel,harcèlement sexuel,substr,,Support / Search Term,Support,French publication/search keyword. Translation/Gloss: sexual harassment.
Bermuda,#BelieveWomen,#BelieveWomen,believewomen,word,\bbelievewomen\b,Support / Solidarity,Support,Survivor-belief and anti-victim-blaming phrase used in #MeToo-related discourse. Translation/Gloss: Believe women.
Bermuda,#HimToo,#HimToo,himtoo,word,\bhimtoo\b,Backlash / Counter,Backlash,Major counter-/backlash hashtag that recast #MeToo through false-accusation or accused-men-as-victims narratives; included as a global backlash search term. Translation/Gloss: Him too.
Bermuda,#MeToo,#MeToo,metoo,word,\bmetoo\b,Support / Global,Support,Baseline global #MeToo hashtag; included for every country/territory as the common cross-border search term. Translation/Gloss: Me too.
Bermuda,#TimesUp,#TimesUp,timesup,word,\btimesup\b,Support / Solidarity,Support,Transnational accountability and anti-harassment hashtag frequently paired with #MeToo. Translation/Gloss: Time is up.
Bermuda,sexual harassment,sexual harassment,sexual harassment,word,\bsexual\ harassment\b,Support / Search Term,Support,English search keyword for #MeToo-related social-media and publication searches. Translation/Gloss: sexual harassment.
Bermuda,violence against women,violence against women,violence against women,word,\bviolence\ against\ women\b,Support / Search Term,Support,English search keyword for adjacent #MeToo and gender-based violence coverage. Translation/Gloss: violence against women.
Bhutan,#HimToo,#HimToo,himtoo,word,\bhimtoo\b,Backlash / Counter,Backlash,Major counter-/backlash hashtag that recast #MeToo through false-accusation or accused-men-as-victims narratives; included as a global backlash search term. Translation/Gloss: Him too.
Bhutan,#MeToo,#MeToo,metoo,word,\bmetoo\b,Support / Global,Support,Baseline global #MeToo hashtag; included for every country/territory as the common cross-border search term. Translation/Gloss: Me too.
Bhutan,sexual harassment (generic),sexual harassment,sexual harassment,word,\bsexual\ harassment\b,Support / Generic Term,Support,No documented movement.
Bhutan,འཁྲིག_རྒྱུན_གནོད་འཚེ,འཁྲིག_རྒྱུན_གནོད་འཚེ,འཁྲིག_རྒྱུན_གནོད་འཚེ,substr,,Support / Search Term,Support,Dzongkha search term placeholder; verify spelling before automated scraping. Translation/Gloss: sexual harassment.
Bolivia,#Cuéntalo,#Cuéntalo,cuéntalo,substr,,Support / Adjacent,Support,Spanish testimony hashtag associated especially with Spain and the La Manada reckoning; useful across Spanish-language searches. Translation/Gloss: Tell it / tell your story.
Bolivia,#HimToo,#HimToo,himtoo,word,\bhimtoo\b,Backlash / Counter,Backlash,Major counter-/backlash hashtag that recast #MeToo through false-accusation or accused-men-as-victims narratives; included as a global backlash search term. Translation/Gloss: Him too.
Bolivia,#MeToo,#MeToo,metoo,word,\bmetoo\b,Support / Global,Support,Baseline global #MeToo hashtag; included for every country/territory as the common cross-border search term. Translation/Gloss: Me too.
Bolivia,#NiUnaMenos,#NiUnaMenos,niunamenos,word,\bniunamenos\b,Support / Adjacent,Support,Latin American movement against femicide and violence against women; often overlaps with #MeToo-adjacent activism. Translation/Gloss: Not one woman less.
Bolivia,#NiUnaMenos / feminicidio,feminicidio,feminicidio,word,\bfeminicidio\b,Support,Support,Regional anti-femicide frame; no distinct Bolivian MeToo hashtag documented.
Bolivia,#YoSíTeCreo,#YoSíTeCreo,yosítecreo,substr,,Support / Solidarity,Support,Spanish solidarity tag/phrase used around sexual-violence testimony and belief of survivors. Translation/Gloss: I do believe you.
Bolivia,#YoTambién,#YoTambién,yotambién,substr,,Support / Translation,Support,Spanish-language equivalent of #MeToo; documented in global/regional lists. Translation/Gloss: Me too.
Bolivia,acoso sexual,acoso sexual,acoso sexual,word,\bacoso\ sexual\b,Support / Search Term,Support,Spanish publication/search keyword. Translation/Gloss: sexual harassment.
"Bonaire, Sint Eustatius and Saba",#HimToo,#HimToo,himtoo,word,\bhimtoo\b,Backlash / Counter,Backlash,Major counter-/backlash hashtag that recast #MeToo through false-accusation or accused-men-as-victims narratives; included as a global backlash search term. Translation/Gloss: Him too.
"Bonaire, Sint Eustatius and Saba",#IkOok,#IkOok,ikook,word,\bikook\b,Support / Translation,Support,Dutch equivalent of #MeToo. Translation/Gloss: Me too.
"Bonaire, Sint Eustatius and Saba",#MeToo,#MeToo,metoo,word,\bmetoo\b,Support / Global,Support,Baseline global #MeToo hashtag; included for every country/territory as the common cross-border search term. Translation/Gloss: Me too.
"Bonaire, Sint Eustatius and Saba",seksuele intimidatie,seksuele intimidatie,seksuele intimidatie,word,\bseksuele\ intimidatie\b,Support / Search Term,Support,Dutch publication/search keyword. Translation/Gloss: sexual harassment.
Bosnia and Herzegovina,#HimToo,#HimToo,himtoo,word,\bhimtoo\b,Backlash / Counter,Backlash,Major counter-/backlash hashtag that recast #MeToo through false-accusation or accused-men-as-victims narratives; included as a global backlash search term. Translation/Gloss: Him too.
Bosnia and Herzegovina,#MeToo,#MeToo,metoo,word,\bmetoo\b,Support / Global,Support,Baseline global #MeToo hashtag; included for every country/territory as the common cross-border search term. Translation/Gloss: Me too.
Bosnia and Herzegovina,#NisamTražila,#NisamTražila,nisamtražila,substr,,Support / Adjacent,Support,Bosnia and Herzegovina/Western Balkans: initiative started by art students after Serbian disclosures; survivors shared experiences and support. Translation/Gloss: I didn't ask for it.
Bosnia and Herzegovina,#nisamprijavila,#nisamprijavila,nisamprijavila,word,\bnisamprijavila\b,Support / Adjacent,Support,Western Balkan hashtag where women recounted sexual abuse/harassment and barriers to reporting. Translation/Gloss: I did not report.
Bosnia and Herzegovina,seksualno uznemiravanje,seksualno uznemiravanje,seksualno uznemiravanje,word,\bseksualno\ uznemiravanje\b,Support / Search Term,Support,Bosnian/Croatian/Serbian search keyword. Translation/Gloss: sexual harassment.
Botswana,#BelieveWomen,#BelieveWomen,believewomen,word,\bbelievewomen\b,Support / Solidarity,Support,Survivor-belief and anti-victim-blaming phrase used in #MeToo-related discourse. Translation/Gloss: Believe women.
Botswana,#HimToo,#HimToo,himtoo,word,\bhimtoo\b,Backlash / Counter,Backlash,Major counter-/backlash hashtag that recast #MeToo through false-accusation or accused-men-as-victims narratives; included as a global backlash search term. Translation/Gloss: Him too.
Botswana,#MeToo,#MeToo,metoo,word,\bmetoo\b,Support / Global,Support,Baseline global #MeToo hashtag; included for every country/territory as the common cross-border search term. Translation/Gloss: Me too.
Botswana,#TimesUp,#TimesUp,timesup,word,\btimesup\b,Support / Solidarity,Support,Transnational accountability and anti-harassment hashtag frequently paired with #MeToo. Translation/Gloss: Time is up.
Botswana,sexual harassment,sexual harassment,sexual harassment,word,\bsexual\ harassment\b,Support / Search Term,Support,English search keyword for #MeToo-related social-media and publication searches. Translation/Gloss: sexual harassment.
Botswana,violence against women,violence against women,violence against women,word,\bviolence\ against\ women\b,Support / Search Term,Support,English search keyword for adjacent #MeToo and gender-based violence coverage. Translation/Gloss: violence against women.
Bouvet Island,#HimToo,#HimToo,himtoo,word,\bhimtoo\b,Backlash / Counter,Backlash,Major counter-/backlash hashtag that recast #MeToo through false-accusation or accused-men-as-victims narratives; included as a global backlash search term. Translation/Gloss: Him too.
Bouvet Island,#MeToo,#MeToo,metoo,word,\bmetoo\b,Support / Global,Support,Baseline global #MeToo hashtag; included for every country/territory as the common cross-border search term. Translation/Gloss: Me too.
Brazil,#ChegaDeFiuFiu,#ChegaDeFiuFiu,chegadefiufiu,word,\bchegadefiufiu\b,Support / Adjacent,Support,Brazil-origin anti-street-harassment campaign; relevant for Portuguese-language searches. Translation/Gloss: Enough with catcalling.
Brazil,#DeixaElaTrabalhar,#DeixaElaTrabalhar,deixaelatrabalhar,word,\bdeixaelatrabalhar\b,Support,Support,"'Let her work', 2018, women sports journalists against on-air harassment."
Brazil,#EleNão,#EleNão,elenão,substr,,Support / Feminist Mobilization,Support,"'Not him', Sept 2018 women's movement against Bolsonaro's candidacy; adjacent to but distinct from MeToo."
Brazil,#EleSim / mimimi,#EleSim,elesim,word,\belesim\b,Backlash,Backlash,Pro-Bolsonaro counter-tag; 'mimimi' = dismissive slang ('whining') used against feminist claims.
Brazil,#EleSim / mimimi,mimimi,mimimi,word,\bmimimi\b,Backlash,Backlash,Pro-Bolsonaro counter-tag; 'mimimi' = dismissive slang ('whining') used against feminist claims.
Brazil,#EuTambém,#EuTambém,eutambém,substr,,Support / Translation,Support,Portuguese equivalent of #MeToo. Translation/Gloss: Me too.
Brazil,#HimToo,#HimToo,himtoo,word,\bhimtoo\b,Backlash / Counter,Backlash,Major counter-/backlash hashtag that recast #MeToo through false-accusation or accused-men-as-victims narratives; included as a global backlash search term. Translation/Gloss: Him too.
Brazil,#MeToo,#MeToo,metoo,word,\bmetoo\b,Support / Global,Support,Baseline global #MeToo hashtag; included for every country/territory as the common cross-border search term. Translation/Gloss: Me too.
Brazil,#MeuAmigoSecreto,#MeuAmigoSecreto,meuamigosecreto,word,\bmeuamigosecreto\b,Support,Support,Nov 2015: women exposing everyday sexism of men around them ('my secret santa').
Brazil,#MeuPrimeiroAssedio,#MeuPrimeiroAssedio,meuprimeiroassedio,word,\bmeuprimeiroassedio\b,Support,Support,"'My first harassment', Oct 2015, after online sexualization of a 12-year-old MasterChef Junior contestant; 82k+ testimonies."
Brazil,#MeuPrimeiroAssédio,#MeuPrimeiroAssédio,meuprimeiroassédio,substr,,Support / Adjacent,Support,Brazil: variant used in international coverage of the MasterChef Junior backlash and first-harassment testimonies. Translation/Gloss: My first harassment.
Brazil,#MexeuComUmaMexeuComTodas,#MexeuComUmaMexeuComTodas,mexeucomumamexeucomtodas,word,\bmexeucomumamexeucomtodas\b,Support,Support,"'Mess with one, you mess with all', Apr 2017, after Globo costume designer accused actor José Mayer of harassment."
Brazil,#PrimeiroAssédio,#PrimeiroAssédio,primeiroassédio,substr,,Support / Adjacent,Support,Brazil: Think Olga created the hashtag after online sexualization of a 12-year-old MasterChef Junior participant; women shared first harassment stories. Translation/Gloss: First harassment.
Brazil,assédio sexual,assédio sexual,assédio sexual,substr,,Support / Search Term,Support,Portuguese publication/search keyword. Translation/Gloss: sexual harassment.
British Indian Ocean Territory,#HimToo,#HimToo,himtoo,word,\bhimtoo\b,Backlash / Counter,Backlash,Major counter-/backlash hashtag that recast #MeToo through false-accusation or accused-men-as-victims narratives; included as a global backlash search term. Translation/Gloss: Him too.
British Indian Ocean Territory,#MeToo,#MeToo,metoo,word,\bmetoo\b,Support / Global,Support,Baseline global #MeToo hashtag; included for every country/territory as the common cross-border search term. Translation/Gloss: Me too.
British Virgin Islands,#BelieveWomen,#BelieveWomen,believewomen,word,\bbelievewomen\b,Support / Solidarity,Support,Survivor-belief and anti-victim-blaming phrase used in #MeToo-related discourse. Translation/Gloss: Believe women.
British Virgin Islands,#HimToo,#HimToo,himtoo,word,\bhimtoo\b,Backlash / Counter,Backlash,Major counter-/backlash hashtag that recast #MeToo through false-accusation or accused-men-as-victims narratives; included as a global backlash search term. Translation/Gloss: Him too.
British Virgin Islands,#MeToo,#MeToo,metoo,word,\bmetoo\b,Support / Global,Support,Baseline global #MeToo hashtag; included for every country/territory as the common cross-border search term. Translation/Gloss: Me too.
British Virgin Islands,#TimesUp,#TimesUp,timesup,word,\btimesup\b,Support / Solidarity,Support,Transnational accountability and anti-harassment hashtag frequently paired with #MeToo. Translation/Gloss: Time is up.
British Virgin Islands,sexual harassment,sexual harassment,sexual harassment,word,\bsexual\ harassment\b,Support / Search Term,Support,English search keyword for #MeToo-related social-media and publication searches. Translation/Gloss: sexual harassment.
British Virgin Islands,violence against women,violence against women,violence against women,word,\bviolence\ against\ women\b,Support / Search Term,Support,English search keyword for adjacent #MeToo and gender-based violence coverage. Translation/Gloss: violence against women.
Brunei,gangguan seksual,gangguan seksual,gangguan seksual,word,\bgangguan\ seksual\b,Support / Generic Term,Support,No documented movement.
Brunei,#HimToo,#HimToo,himtoo,word,\bhimtoo\b,Backlash / Counter,Backlash,Major counter-/backlash hashtag that recast #MeToo through false-accusation or accused-men-as-victims narratives; included as a global backlash search term. Translation/Gloss: Him too.
Brunei,#MeToo,#MeToo,metoo,word,\bmetoo\b,Support / Global,Support,Baseline global #MeToo hashtag; included for every country/territory as the common cross-border search term. Translation/Gloss: Me too.
Brunei,#MulaiBicara,#MulaiBicara,mulaibicara,word,\bmulaibicara\b,Support / Adjacent,Support,Southeast Asian #MeToo-adjacent phrase for beginning to speak about harassment/violence. Translation/Gloss: Start speaking.
Brunei,#SayaJuga,#SayaJuga,sayajuga,word,\bsayajuga\b,Support / Translation / Localized,Support,Malay/Indonesian equivalent and local #MeToo-inspired hashtag. Translation/Gloss: Me too.
Brunei,pelecehan seksual,pelecehan seksual,pelecehan seksual,word,\bpelecehan\ seksual\b,Support / Search Term,Support,Indonesian/Malay publication/search keyword. Translation/Gloss: sexual harassment.
Bulgaria,#HimToo,#HimToo,himtoo,word,\bhimtoo\b,Backlash / Counter,Backlash,Major counter-/backlash hashtag that recast #MeToo through false-accusation or accused-men-as-victims narratives; included as a global backlash search term. Translation/Gloss: Him too.
Bulgaria,#MeToo,#MeToo,metoo,word,\bmetoo\b,Support / Global,Support,Baseline global #MeToo hashtag; included for every country/territory as the common cross-border search term. Translation/Gloss: Me too.
Bulgaria,сексуален тормоз,сексуален тормоз,сексуален тормоз,substr,,Support / Generic Term,Support,MeToo received skeptically in Bulgarian media; no distinct national wave; generic recall term.
Burkina Faso,#BalanceTonPorc,#BalanceTonPorc,balancetonporc,word,\bbalancetonporc\b,Support / Adjacent,Support,French #MeToo-era hashtag for naming or denouncing perpetrators; also provoked public backlash debates. Translation/Gloss: Expose/denounce your pig.
Burkina Faso,#HimToo,#HimToo,himtoo,word,\bhimtoo\b,Backlash / Counter,Backlash,Major counter-/backlash hashtag that recast #MeToo through false-accusation or accused-men-as-victims narratives; included as a global backlash search term. Translation/Gloss: Him too.
Burkina Faso,#MeToo,#MeToo,metoo,word,\bmetoo\b,Support / Global,Support,Baseline global #MeToo hashtag; included for every country/territory as the common cross-border search term. Translation/Gloss: Me too.
Burkina Faso,#MoiAussi,#MoiAussi,moiaussi,word,\bmoiaussi\b,Support / Translation,Support,"French-language equivalent of #MeToo, documented in Canada/Francophone coverage. Translation/Gloss: Me too."
Burkina Faso,#NousToutes,#NousToutes,noustoutes,word,\bnoustoutes\b,Support / Adjacent,Support,French feminist collective/hashtag after #MeToo and #BalanceTonPorc focused on violence against women. Translation/Gloss: All of us women.
Burkina Faso,harcèlement sexuel,harcèlement sexuel,harcèlement sexuel,substr,,Support / Search Term,Support,French publication/search keyword. Translation/Gloss: sexual harassment.
Burundi,#BalanceTonPorc,#BalanceTonPorc,balancetonporc,word,\bbalancetonporc\b,Support / Adjacent,Support,French #MeToo-era hashtag for naming or denouncing perpetrators; also provoked public backlash debates. Translation/Gloss: Expose/denounce your pig.
Burundi,#HimToo,#HimToo,himtoo,word,\bhimtoo\b,Backlash / Counter,Backlash,Major counter-/backlash hashtag that recast #MeToo through false-accusation or accused-men-as-victims narratives; included as a global backlash search term. Translation/Gloss: Him too.
Burundi,#MeToo,#MeToo,metoo,word,\bmetoo\b,Support / Global,Support,Baseline global #MeToo hashtag; included for every country/territory as the common cross-border search term. Translation/Gloss: Me too.
Burundi,#MoiAussi,#MoiAussi,moiaussi,word,\bmoiaussi\b,Support / Translation,Support,"French-language equivalent of #MeToo, documented in Canada/Francophone coverage. Translation/Gloss: Me too."
Burundi,#NousToutes,#NousToutes,noustoutes,word,\bnoustoutes\b,Support / Adjacent,Support,French feminist collective/hashtag after #MeToo and #BalanceTonPorc focused on violence against women. Translation/Gloss: All of us women.
Burundi,harcèlement sexuel,harcèlement sexuel,harcèlement sexuel,substr,,Support / Search Term,Support,French publication/search keyword. Translation/Gloss: sexual harassment.
Burundi,ukatili dhidi ya wanawake,ukatili dhidi ya wanawake,ukatili dhidi ya wanawake,word,\bukatili\ dhidi\ ya\ wanawake\b,Support / Search Term,Support,Swahili search keyword. Translation/Gloss: violence against women.
Burundi,unyanyasaji wa kijinsia,unyanyasaji wa kijinsia,unyanyasaji wa kijinsia,word,\bunyanyasaji\ wa\ kijinsia\b,Support / Search Term,Support,Swahili search keyword used across East/Central African contexts. Translation/Gloss: gender/sexual harassment.
Cabo Verde,#ChegaDeFiuFiu,#ChegaDeFiuFiu,chegadefiufiu,word,\bchegadefiufiu\b,Support / Adjacent,Support,Brazil-origin anti-street-harassment campaign; relevant for Portuguese-language searches. Translation/Gloss: Enough with catcalling.
Cabo Verde,#EuTambém,#EuTambém,eutambém,substr,,Support / Translation,Support,Portuguese equivalent of #MeToo. Translation/Gloss: Me too.
Cabo Verde,#HimToo,#HimToo,himtoo,word,\bhimtoo\b,Backlash / Counter,Backlash,Major counter-/backlash hashtag that recast #MeToo through false-accusation or accused-men-as-victims narratives; included as a global backlash search term. Translation/Gloss: Him too.
Cabo Verde,#MeToo,#MeToo,metoo,word,\bmetoo\b,Support / Global,Support,Baseline global #MeToo hashtag; included for every country/territory as the common cross-border search term. Translation/Gloss: Me too.
Cabo Verde,#PrimeiroAssédio,#PrimeiroAssédio,primeiroassédio,substr,,Support / Adjacent,Support,Brazil-origin hashtag where women shared first harassment experiences. Translation/Gloss: First harassment.
Cabo Verde,assédio sexual,assédio sexual,assédio sexual,substr,,Support / Search Term,Support,Portuguese publication/search keyword. Translation/Gloss: sexual harassment.
Cambodia,#HimToo,#HimToo,himtoo,word,\bhimtoo\b,Backlash / Counter,Backlash,Major counter-/backlash hashtag that recast #MeToo through false-accusation or accused-men-as-victims narratives; included as a global backlash search term. Translation/Gloss: Him too.
Cambodia,#MeToo,#MeToo,metoo,word,\bmetoo\b,Support / Global,Support,Baseline global #MeToo hashtag; included for every country/territory as the common cross-border search term. Translation/Gloss: Me too.
Cambodia,sexual harassment (generic),sexual harassment,sexual harassment,word,\bsexual\ harassment\b,Support / Generic Term,Support,No documented movement; defamation law chills disclosure.
Cambodia,ការបៀតបៀនផ្លូវភេទ,ការបៀតបៀនផ្លូវភេទ,ការបៀតបៀនផ្លូវភេទ,substr,,Support / Search Term,Support,Khmer publication/search keyword. Translation/Gloss: sexual harassment.
Cameroon,#BalanceTonPorc,#BalanceTonPorc,balancetonporc,word,\bbalancetonporc\b,Support / Adjacent,Support,French #MeToo-era hashtag for naming or denouncing perpetrators; also provoked public backlash debates. Translation/Gloss: Expose/denounce your pig.
Cameroon,#HimToo,#HimToo,himtoo,word,\bhimtoo\b,Backlash / Counter,Backlash,Major counter-/backlash hashtag that recast #MeToo through false-accusation or accused-men-as-victims narratives; included as a global backlash search term. Translation/Gloss: Him too.
Cameroon,#MeToo,#MeToo,metoo,word,\bmetoo\b,Support / Global,Support,Baseline global #MeToo hashtag; included for every country/territory as the common cross-border search term. Translation/Gloss: Me too.
Cameroon,#MoiAussi,#MoiAussi,moiaussi,word,\bmoiaussi\b,Support / Translation,Support,"French-language equivalent of #MeToo, documented in Canada/Francophone coverage. Translation/Gloss: Me too."
Cameroon,#NousToutes,#NousToutes,noustoutes,word,\bnoustoutes\b,Support / Adjacent,Support,French feminist collective/hashtag after #MeToo and #BalanceTonPorc focused on violence against women. Translation/Gloss: All of us women.
Cameroon,harcèlement sexuel,harcèlement sexuel,harcèlement sexuel,substr,,Support / Search Term,Support,French publication/search keyword. Translation/Gloss: sexual harassment.
Canada,#BalanceTonPorc,#BalanceTonPorc,balancetonporc,word,\bbalancetonporc\b,Support / Adjacent,Support,French #MeToo-era hashtag for naming or denouncing perpetrators; also provoked public backlash debates. Translation/Gloss: Expose/denounce your pig.
Canada,#BeenRapedNeverReported / #AgressionNonDénoncée,#BeenRapedNeverReported,beenrapedneverreported,word,\bbeenrapedneverreported\b,Support,Support,2014 precursor launched by journalists Antonia Zerbisias and Sue Montgomery after the Jian Ghomeshi (CBC) scandal.
Canada,#BeenRapedNeverReported / #AgressionNonDénoncée,#AgressionNonDénoncée,agressionnondénoncée,substr,,Support,Support,2014 precursor launched by journalists Antonia Zerbisias and Sue Montgomery after the Jian Ghomeshi (CBC) scandal.
Canada,#BelieveWomen,#BelieveWomen,believewomen,word,\bbelievewomen\b,Support / Solidarity,Support,Survivor-belief and anti-victim-blaming phrase used in #MeToo-related discourse. Translation/Gloss: Believe women.
Canada,#EtMaintenant,#EtMaintenant,etmaintenant,word,\betmaintenant\b,Support / Continuation,Support,Canada/Quebec: follow-on discussion about what comes after #MoiAussi/#MeToo disclosures. Translation/Gloss: And now / what now.
Canada,#HimToo,#HimToo,himtoo,word,\bhimtoo\b,Backlash / Counter,Backlash,Major counter-/backlash hashtag that recast #MeToo through false-accusation or accused-men-as-victims narratives; included as a global backlash search term. Translation/Gloss: Him too.
Canada,#MeToo,#MeToo,metoo,word,\bmetoo\b,Support / Global,Support,Baseline global #MeToo hashtag; included for every country/territory as the common cross-border search term. Translation/Gloss: Me too.
Canada,#MoiAussi,#MoiAussi,moiaussi,word,\bmoiaussi\b,Support / Translation,Support,Canada/Quebec: French-language #MeToo equivalent; later followed by #EtMaintenant discussion. Translation/Gloss: Me too.
Canada,#NousToutes,#NousToutes,noustoutes,word,\bnoustoutes\b,Support / Adjacent,Support,French feminist collective/hashtag after #MeToo and #BalanceTonPorc focused on violence against women. Translation/Gloss: All of us women.
Canada,#TimesUp,#TimesUp,timesup,word,\btimesup\b,Support / Solidarity,Support,Transnational accountability and anti-harassment hashtag frequently paired with #MeToo. Translation/Gloss: Time is up.
Canada,Jian Ghomeshi,Jian Ghomeshi,jian ghomeshi,word,\bjian\ ghomeshi\b,Support / Case / Backlash / Acquittal Discourse,Support,2014 allegations; 2016 acquittal fueled both #IBelieveSurvivors solidarity and due-process backlash debate.
Canada,harcèlement sexuel,harcèlement sexuel,harcèlement sexuel,substr,,Support / Search Term,Support,French publication/search keyword. Translation/Gloss: sexual harassment.
Canada,sexual harassment,sexual harassment,sexual harassment,word,\bsexual\ harassment\b,Support / Search Term,Support,English search keyword for #MeToo-related social-media and publication searches. Translation/Gloss: sexual harassment.
Canada,vague de dénonciations 2020,vague de dénonciations 2020,vague de dénonciations 2020,substr,,Support,Support,July 2020 second Quebec wave: anonymous Instagram lists naming public figures.
Canada,violence against women,violence against women,violence against women,word,\bviolence\ against\ women\b,Support / Search Term,Support,English search keyword for adjacent #MeToo and gender-based violence coverage. Translation/Gloss: violence against women.
Cayman Islands,#BelieveWomen,#BelieveWomen,believewomen,word,\bbelievewomen\b,Support / Solidarity,Support,Survivor-belief and anti-victim-blaming phrase used in #MeToo-related discourse. Translation/Gloss: Believe women.
Cayman Islands,#HimToo,#HimToo,himtoo,word,\bhimtoo\b,Backlash / Counter,Backlash,Major counter-/backlash hashtag that recast #MeToo through false-accusation or accused-men-as-victims narratives; included as a global backlash search term. Translation/Gloss: Him too.
Cayman Islands,#MeToo,#MeToo,metoo,word,\bmetoo\b,Support / Global,Support,Baseline global #MeToo hashtag; included for every country/territory as the common cross-border search term. Translation/Gloss: Me too.
Cayman Islands,#TimesUp,#TimesUp,timesup,word,\btimesup\b,Support / Solidarity,Support,Transnational accountability and anti-harassment hashtag frequently paired with #MeToo. Translation/Gloss: Time is up.
Cayman Islands,sexual harassment,sexual harassment,sexual harassment,word,\bsexual\ harassment\b,Support / Search Term,Support,English search keyword for #MeToo-related social-media and publication searches. Translation/Gloss: sexual harassment.
Cayman Islands,violence against women,violence against women,violence against women,word,\bviolence\ against\ women\b,Support / Search Term,Support,English search keyword for adjacent #MeToo and gender-based violence coverage. Translation/Gloss: violence against women.
Central African Republic,#BalanceTonPorc,#BalanceTonPorc,balancetonporc,word,\bbalancetonporc\b,Support / Adjacent,Support,French #MeToo-era hashtag for naming or denouncing perpetrators; also provoked public backlash debates. Translation/Gloss: Expose/denounce your pig.
Central African Republic,#HimToo,#HimToo,himtoo,word,\bhimtoo\b,Backlash / Counter,Backlash,Major counter-/backlash hashtag that recast #MeToo through false-accusation or accused-men-as-victims narratives; included as a global backlash search term. Translation/Gloss: Him too.
Central African Republic,#MeToo,#MeToo,metoo,word,\bmetoo\b,Support / Global,Support,Baseline global #MeToo hashtag; included for every country/territory as the common cross-border search term. Translation/Gloss: Me too.
Central African Republic,#MoiAussi,#MoiAussi,moiaussi,word,\bmoiaussi\b,Support / Translation,Support,"French-language equivalent of #MeToo, documented in Canada/Francophone coverage. Translation/Gloss: Me too."
Central African Republic,#NousToutes,#NousToutes,noustoutes,word,\bnoustoutes\b,Support / Adjacent,Support,French feminist collective/hashtag after #MeToo and #BalanceTonPorc focused on violence against women. Translation/Gloss: All of us women.
Central African Republic,harcèlement sexuel,harcèlement sexuel,harcèlement sexuel,substr,,Support / Search Term,Support,French publication/search keyword. Translation/Gloss: sexual harassment.
Chad,#BalanceTonPorc,#BalanceTonPorc,balancetonporc,word,\bbalancetonporc\b,Support / Adjacent,Support,French #MeToo-era hashtag for naming or denouncing perpetrators; also provoked public backlash debates. Translation/Gloss: Expose/denounce your pig.
Chad,#HimToo,#HimToo,himtoo,word,\bhimtoo\b,Backlash / Counter,Backlash,Major counter-/backlash hashtag that recast #MeToo through false-accusation or accused-men-as-victims narratives; included as a global backlash search term. Translation/Gloss: Him too.
Chad,#MeToo,#MeToo,metoo,word,\bmetoo\b,Support / Global,Support,Baseline global #MeToo hashtag; included for every country/territory as the common cross-border search term. Translation/Gloss: Me too.
Chad,#MoiAussi,#MoiAussi,moiaussi,word,\bmoiaussi\b,Support / Translation,Support,"French-language equivalent of #MeToo, documented in Canada/Francophone coverage. Translation/Gloss: Me too."
Chad,#NousToutes,#NousToutes,noustoutes,word,\bnoustoutes\b,Support / Adjacent,Support,French feminist collective/hashtag after #MeToo and #BalanceTonPorc focused on violence against women. Translation/Gloss: All of us women.
Chad,harcèlement sexuel,harcèlement sexuel,harcèlement sexuel,substr,,Support / Search Term,Support,French publication/search keyword. Translation/Gloss: sexual harassment.
Chile,#Cuéntalo,#Cuéntalo,cuéntalo,substr,,Support / Adjacent,Support,Spanish testimony hashtag associated especially with Spain and the La Manada reckoning; useful across Spanish-language searches. Translation/Gloss: Tell it / tell your story.
Chile,#EducaciónNoSexista,#EducaciónNoSexista,educaciónnosexista,substr,,Support / Adjacent,Support,"Chile: student feminist mobilizations and university occupations around harassment, abuse, and sexist education. Translation/Gloss: Non-sexist education."
Chile,#HimToo,#HimToo,himtoo,word,\bhimtoo\b,Backlash / Counter,Backlash,Major counter-/backlash hashtag that recast #MeToo through false-accusation or accused-men-as-victims narratives; included as a global backlash search term. Translation/Gloss: Him too.
Chile,#MeToo,#MeToo,metoo,word,\bmetoo\b,Support / Global,Support,Baseline global #MeToo hashtag; included for every country/territory as the common cross-border search term. Translation/Gloss: Me too.
Chile,#NiUnaMenos,#NiUnaMenos,niunamenos,word,\bniunamenos\b,Support / Adjacent,Support,Latin American movement against femicide and violence against women; often overlaps with #MeToo-adjacent activism. Translation/Gloss: Not one woman less.
Chile,#NiUnaMenos / #EducacionNoSexista,#EducacionNoSexista,educacionnosexista,word,\beducacionnosexista\b,Support,Support,May 2018 'Mayo Feminista': feminist occupations of universities against harassment in education.
Chile,#UnVioladorEnTuCamino,#UnVioladorEnTuCamino,unvioladorentucamino,word,\bunvioladorentucamino\b,Support,Support,"Translates to 'A rapist in your path'. A viral protest chant created by collective Las Tesis in 2019, blaming the state and police for systemic gender-based violence."
Chile,#YoSíTeCreo,#YoSíTeCreo,yosítecreo,substr,,Support / Solidarity,Support,Spanish solidarity tag/phrase used around sexual-violence testimony and belief of survivors. Translation/Gloss: I do believe you.
Chile,#YoTambién,#YoTambién,yotambién,substr,,Support / Translation,Support,Spanish-language equivalent of #MeToo; documented in global/regional lists. Translation/Gloss: Me too.
Chile,LasTesis / El violador eres tú,LasTesis,lastesis,word,\blastesis\b,Support,Support,Nov 2019 performance 'Un violador en tu camino' by LasTesis collective; replicated worldwide.
Chile,LasTesis / El violador eres tú,El violador eres tú,el violador eres tú,substr,,Support,Support,Nov 2019 performance 'Un violador en tu camino' by LasTesis collective; replicated worldwide.
Chile,acoso sexual,acoso sexual,acoso sexual,word,\bacoso\ sexual\b,Support / Search Term,Support,Spanish publication/search keyword. Translation/Gloss: sexual harassment.
China,#HimToo,#HimToo,himtoo,word,\bhimtoo\b,Backlash / Counter,Backlash,Major counter-/backlash hashtag that recast #MeToo through false-accusation or accused-men-as-victims narratives; included as a global backlash search term. Translation/Gloss: Him too.
China,#MeToo,#MeToo,metoo,word,\bmetoo\b,Support / Global,Support,Baseline global #MeToo hashtag; included for every country/territory as the common cross-border search term. Translation/Gloss: Me too.
China,#MeToo / 我也是,我也是,我也是,substr,,Support,Support,"Jan 2018: Luo Xixi (罗茜茜) publicly accused Beihang professor Chen Xiaowu - start of Chinese MeToo, centered on universities."
China,#RiceBunny,#RiceBunny,ricebunny,word,\bricebunny\b,Support / Censorship Workaround,Support,China: rice/bunny homophone used after #MeToo-related posts faced censorship; Luo Xixi's Beihang accusation became a key trigger. Native script: #米兔. Translation/Gloss: MeToo homophone.
China,#女孩帮助女孩,#女孩帮助女孩,女孩帮助女孩,substr,,Support / Solidarity,Support,China: solidarity phrase/tag used in later sexual-assault/celebrity accountability cases such as the Kris Wu/Du Meizhu wave. Translation/Gloss: girls help girls.
China,刘强东 / 彭帅 (#WhereIsPengShuai),刘强东,刘强东,substr,,Support / Case,Support,"Richard Liu (JD.com) Minnesota case 2018; Peng Shuai's Nov 2021 post accusing Zhang Gaoli, followed by censorship and global #WhereIsPengShuai campaign."
China,刘强东 / 彭帅 (#WhereIsPengShuai),彭帅 (#WhereIsPengShuai),彭帅 (#whereispengshuai),substr,,Support / Case,Support,"Richard Liu (JD.com) Minnesota case 2018; Peng Shuai's Nov 2021 post accusing Zhang Gaoli, followed by censorship and global #WhereIsPengShuai campaign."
China,女拳 / 田园女权,田园女权,田园女权,substr,,Backlash,Backlash,"Misogynist slurs ('female fist', 'pastoral feminism') used to attack feminists; state censorship plus nationalist framing of MeToo as foreign interference constitute the backlash."
China,性骚扰,性骚扰,性骚扰,substr,,Support / Search Term,Support,Chinese publication/search keyword. Translation/Gloss: sexual harassment.
China,米兔 (#RiceBunny),米兔 (#RiceBunny),米兔 (#ricebunny),substr,,Support,Support,Homophone of 'me too' (mi tu) used to evade censorship of the main tag.
Christmas Island,#HimToo,#HimToo,himtoo,word,\bhimtoo\b,Backlash / Counter,Backlash,Major counter-/backlash hashtag that recast #MeToo through false-accusation or accused-men-as-victims narratives; included as a global backlash search term. Translation/Gloss: Him too.
Christmas Island,#MeToo,#MeToo,metoo,word,\bmetoo\b,Support / Global,Support,Baseline global #MeToo hashtag; included for every country/territory as the common cross-border search term. Translation/Gloss: Me too.
Cocos (Keeling) Islands,#HimToo,#HimToo,himtoo,word,\bhimtoo\b,Backlash / Counter,Backlash,Major counter-/backlash hashtag that recast #MeToo through false-accusation or accused-men-as-victims narratives; included as a global backlash search term. Translation/Gloss: Him too.
Cocos (Keeling) Islands,#MeToo,#MeToo,metoo,word,\bmetoo\b,Support / Global,Support,Baseline global #MeToo hashtag; included for every country/territory as the common cross-border search term. Translation/Gloss: Me too.
Colombia,#Cuéntalo,#Cuéntalo,cuéntalo,substr,,Support / Adjacent,Support,Spanish testimony hashtag associated especially with Spain and the La Manada reckoning; useful across Spanish-language searches. Translation/Gloss: Tell it / tell your story.
Colombia,#HimToo,#HimToo,himtoo,word,\bhimtoo\b,Backlash / Counter,Backlash,Major counter-/backlash hashtag that recast #MeToo through false-accusation or accused-men-as-victims narratives; included as a global backlash search term. Translation/Gloss: Him too.
Colombia,#MeToo,#MeToo,metoo,word,\bmetoo\b,Support / Global,Support,Baseline global #MeToo hashtag; included for every country/territory as the common cross-border search term. Translation/Gloss: Me too.
Colombia,#MeTooColombia,#MeTooColombia,metoocolombia,word,\bmetoocolombia\b,Support / Localized,Support,Colombia: renewed 2026 movement after journalist Juanita Gomez and Caracol TV-related harassment allegations; spread beyond media. Translation/Gloss: MeToo Colombia.
Colombia,#NiUnaMenos,#NiUnaMenos,niunamenos,word,\bniunamenos\b,Support / Adjacent,Support,Latin American movement against femicide and violence against women; often overlaps with #MeToo-adjacent activism. Translation/Gloss: Not one woman less.
Colombia,#NiUnaMenos / acoso sexual,acoso sexual,acoso sexual,word,\bacoso\ sexual\b,Support,Support,Regional tags; no separate large Colombian MeToo hashtag.
Colombia,#NoEsHoraDeCallar,#NoEsHoraDeCallar,noeshoradecallar,word,\bnoeshoradecallar\b,Support,Support,"'It is not time to be silent' - journalist Jineth Bedoya's campaign against sexual violence (predates MeToo, became the national frame)."
Colombia,#YoSíTeCreo,#YoSíTeCreo,yosítecreo,substr,,Support / Solidarity,Support,Spanish solidarity tag/phrase used around sexual-violence testimony and belief of survivors. Translation/Gloss: I do believe you.
Colombia,#YoTambién,#YoTambién,yotambién,substr,,Support / Translation,Support,Spanish-language equivalent of #MeToo; documented in global/regional lists. Translation/Gloss: Me too.
Colombia,#YoTeCreoColega,#YoTeCreoColega,yotecreocolega,word,\byotecreocolega\b,Support / Solidarity,Support,"Colombia: women journalists used the tag to collect/report harassment experiences in media workplaces in 2026. Translation/Gloss: I believe you, colleague."
Comoros,#BalanceTonPorc,#BalanceTonPorc,balancetonporc,word,\bbalancetonporc\b,Support / Adjacent,Support,French #MeToo-era hashtag for naming or denouncing perpetrators; also provoked public backlash debates. Translation/Gloss: Expose/denounce your pig.
Comoros,#HimToo,#HimToo,himtoo,word,\bhimtoo\b,Backlash / Counter,Backlash,Major counter-/backlash hashtag that recast #MeToo through false-accusation or accused-men-as-victims narratives; included as a global backlash search term. Translation/Gloss: Him too.
Comoros,#MeToo,#MeToo,metoo,word,\bmetoo\b,Support / Global,Support,Baseline global #MeToo hashtag; included for every country/territory as the common cross-border search term. Translation/Gloss: Me too.
Comoros,#MoiAussi,#MoiAussi,moiaussi,word,\bmoiaussi\b,Support / Translation,Support,"French-language equivalent of #MeToo, documented in Canada/Francophone coverage. Translation/Gloss: Me too."
Comoros,#MosqueMeToo,#MosqueMeToo,mosquemetoo,word,\bmosquemetoo\b,Support / Adjacent,Support,"Hashtag for Muslim women's accounts of harassment/abuse during Hajj, in mosques, or in religious spaces. Translation/Gloss: MeToo in mosque/Hajj contexts."
Comoros,#NousToutes,#NousToutes,noustoutes,word,\bnoustoutes\b,Support / Adjacent,Support,French feminist collective/hashtag after #MeToo and #BalanceTonPorc focused on violence against women. Translation/Gloss: All of us women.
Comoros,#أنا_أيضا,#أنا_أيضا,أنا_أيضا,substr,,Support / Translation,Support,Formal Arabic equivalent of #MeToo. Translation/Gloss: Me too / I also.
Comoros,#أنا_كمان,#أنا_كمان,أنا_كمان,substr,,Support / Translation,Support,Arabic #MeToo counterpart used across Arabic-speaking social media. Translation/Gloss: Me too.
Comoros,harcèlement sexuel,harcèlement sexuel,harcèlement sexuel,substr,,Support / Search Term,Support,French publication/search keyword. Translation/Gloss: sexual harassment.
Comoros,التحرش_الجنسي,التحرش_الجنسي,التحرش_الجنسي,substr,,Support / Search Term,Support,Arabic publication/search keyword. Translation/Gloss: sexual harassment.
Comoros,العنف_ضد_المرأة,العنف_ضد_المرأة,العنف_ضد_المرأة,substr,,Support / Search Term,Support,Arabic publication/search keyword. Translation/Gloss: violence against women.
Cook Islands,#HimToo,#HimToo,himtoo,word,\bhimtoo\b,Backlash / Counter,Backlash,Major counter-/backlash hashtag that recast #MeToo through false-accusation or accused-men-as-victims narratives; included as a global backlash search term. Translation/Gloss: Him too.
Cook Islands,#MeToo,#MeToo,metoo,word,\bmetoo\b,Support / Global,Support,Baseline global #MeToo hashtag; included for every country/territory as the common cross-border search term. Translation/Gloss: Me too.
Costa Rica,#Cuéntalo,#Cuéntalo,cuéntalo,substr,,Support / Adjacent,Support,Spanish testimony hashtag associated especially with Spain and the La Manada reckoning; useful across Spanish-language searches. Translation/Gloss: Tell it / tell your story.
Costa Rica,#HimToo,#HimToo,himtoo,word,\bhimtoo\b,Backlash / Counter,Backlash,Major counter-/backlash hashtag that recast #MeToo through false-accusation or accused-men-as-victims narratives; included as a global backlash search term. Translation/Gloss: Him too.
Costa Rica,#MeToo,#MeToo,metoo,word,\bmetoo\b,Support / Global,Support,Baseline global #MeToo hashtag; included for every country/territory as the common cross-border search term. Translation/Gloss: Me too.
Costa Rica,#NiUnaMenos,#NiUnaMenos,niunamenos,word,\bniunamenos\b,Support / Adjacent,Support,Latin American movement against femicide and violence against women; often overlaps with #MeToo-adjacent activism. Translation/Gloss: Not one woman less.
Costa Rica,#NiUnaMenos / acoso callejero,acoso callejero,acoso callejero,word,\bacoso\ callejero\b,Support,Support,Regional frame; street-harassment law debate; no distinct national tag documented.
Costa Rica,#YoSíTeCreo,#YoSíTeCreo,yosítecreo,substr,,Support / Solidarity,Support,Spanish solidarity tag/phrase used around sexual-violence testimony and belief of survivors. Translation/Gloss: I do believe you.
Costa Rica,#YoTambién,#YoTambién,yotambién,substr,,Support / Translation,Support,Spanish-language equivalent of #MeToo; documented in global/regional lists. Translation/Gloss: Me too.
Costa Rica,acoso sexual,acoso sexual,acoso sexual,word,\bacoso\ sexual\b,Support / Search Term,Support,Spanish publication/search keyword. Translation/Gloss: sexual harassment.
Côte d'Ivoire,#BalanceTonPorc,#BalanceTonPorc,balancetonporc,word,\bbalancetonporc\b,Support / Adjacent,Support,French #MeToo-era hashtag for naming or denouncing perpetrators; also provoked public backlash debates. Translation/Gloss: Expose/denounce your pig.
Côte d'Ivoire,#HimToo,#HimToo,himtoo,word,\bhimtoo\b,Backlash / Counter,Backlash,Major counter-/backlash hashtag that recast #MeToo through false-accusation or accused-men-as-victims narratives; included as a global backlash search term. Translation/Gloss: Him too.
Côte d'Ivoire,#MeToo,#MeToo,metoo,word,\bmetoo\b,Support / Global,Support,Baseline global #MeToo hashtag; included for every country/territory as the common cross-border search term. Translation/Gloss: Me too.
Côte d'Ivoire,#MoiAussi,#MoiAussi,moiaussi,word,\bmoiaussi\b,Support / Translation,Support,"French-language equivalent of #MeToo, documented in Canada/Francophone coverage. Translation/Gloss: Me too."
Côte d'Ivoire,#NousToutes,#NousToutes,noustoutes,word,\bnoustoutes\b,Support / Adjacent,Support,French feminist collective/hashtag after #MeToo and #BalanceTonPorc focused on violence against women. Translation/Gloss: All of us women.
Côte d'Ivoire,harcèlement sexuel,harcèlement sexuel,harcèlement sexuel,substr,,Support / Search Term,Support,French publication/search keyword. Translation/Gloss: sexual harassment.
Côte d'Ivoire,Yves de M'Bella,Yves de M'Bella,yves de m'bella,word,\byves\ de\ m'bella\b,Support / Outrage Case,Support,"Aug-Sep 2021: TV host staged a rape 'reenactment' with a convicted rapist on air; mass outrage, petitions, conviction - Ivorian flashpoint on rape culture."
Croatia,#HimToo,#HimToo,himtoo,word,\bhimtoo\b,Backlash / Counter,Backlash,Major counter-/backlash hashtag that recast #MeToo through false-accusation or accused-men-as-victims narratives; included as a global backlash search term. Translation/Gloss: Him too.
Croatia,#MeToo,#MeToo,metoo,word,\bmetoo\b,Support / Global,Support,Baseline global #MeToo hashtag; included for every country/territory as the common cross-border search term. Translation/Gloss: Me too.
Croatia,#NisamTražila,#NisamTražila,nisamtražila,substr,,Support / Adjacent,Support,Croatia/Western Balkans: part of cross-border survivor testimony and support movement. Translation/Gloss: I didn't ask for it.
Croatia,#SpasiMe,#SpasiMe,spasime,word,\bspasime\b,Support,Support,"'Save me', 2019 movement against domestic/gender violence founded by actress Jelena Veljača."
Croatia,#nisamprijavila,#nisamprijavila,nisamprijavila,word,\bnisamprijavila\b,Support / Adjacent,Support,Western Balkan hashtag where women recounted sexual abuse/harassment and barriers to reporting. Translation/Gloss: I did not report.
Croatia,seksualno uznemiravanje,seksualno uznemiravanje,seksualno uznemiravanje,word,\bseksualno\ uznemiravanje\b,Support / Search Term,Support,Bosnian/Croatian/Serbian search keyword. Translation/Gloss: sexual harassment.
Cuba,#Cuéntalo,#Cuéntalo,cuéntalo,substr,,Support / Adjacent,Support,Spanish testimony hashtag associated especially with Spain and the La Manada reckoning; useful across Spanish-language searches. Translation/Gloss: Tell it / tell your story.
Cuba,#HimToo,#HimToo,himtoo,word,\bhimtoo\b,Backlash / Counter,Backlash,Major counter-/backlash hashtag that recast #MeToo through false-accusation or accused-men-as-victims narratives; included as a global backlash search term. Translation/Gloss: Him too.
Cuba,#MeToo,#MeToo,metoo,word,\bmetoo\b,Support / Global,Support,Baseline global #MeToo hashtag; included for every country/territory as the common cross-border search term. Translation/Gloss: Me too.
Cuba,#NiUnaMenos,#NiUnaMenos,niunamenos,word,\bniunamenos\b,Support / Adjacent,Support,Latin American movement against femicide and violence against women; often overlaps with #MeToo-adjacent activism. Translation/Gloss: Not one woman less.
Cuba,#YoSíTeCreo,#YoSíTeCreo,yosítecreo,substr,,Support / Solidarity,Support,Spanish solidarity tag/phrase used around sexual-violence testimony and belief of survivors. Translation/Gloss: I do believe you.
Cuba,#YoSíTeCreo (Cuba),#YoSíTeCreo (Cuba),yosítecreo (cuba),substr,,Support,Support,Dec 2021: independent outlet El Estornudo published allegations by multiple women against singer Fernando Bécquer - Cuban MeToo moment (state media silent; carried by independent press).
Cuba,#YoTambién,#YoTambién,yotambién,substr,,Support / Translation,Support,Spanish-language equivalent of #MeToo; documented in global/regional lists. Translation/Gloss: Me too.
Cuba,acoso sexual,acoso sexual,acoso sexual,word,\bacoso\ sexual\b,Support / Search Term,Support,Spanish publication/search keyword. Translation/Gloss: sexual harassment.
Curaçao,#HimToo,#HimToo,himtoo,word,\bhimtoo\b,Backlash / Counter,Backlash,Major counter-/backlash hashtag that recast #MeToo through false-accusation or accused-men-as-victims narratives; included as a global backlash search term. Translation/Gloss: Him too.
Curaçao,#IkOok,#IkOok,ikook,word,\bikook\b,Support / Translation,Support,Dutch equivalent of #MeToo. Translation/Gloss: Me too.
Curaçao,#MeToo,#MeToo,metoo,word,\bmetoo\b,Support / Global,Support,Baseline global #MeToo hashtag; included for every country/territory as the common cross-border search term. Translation/Gloss: Me too.
Curaçao,seksuele intimidatie,seksuele intimidatie,seksuele intimidatie,word,\bseksuele\ intimidatie\b,Support / Search Term,Support,Dutch publication/search keyword. Translation/Gloss: sexual harassment.
Cyprus,#HimToo,#HimToo,himtoo,word,\bhimtoo\b,Backlash / Counter,Backlash,Major counter-/backlash hashtag that recast #MeToo through false-accusation or accused-men-as-victims narratives; included as a global backlash search term. Translation/Gloss: Him too.
Cyprus,#IBelieveHer (Ayia Napa case),#IBelieveHer (Ayia Napa case),ibelieveher (ayia napa case),word,\bibelieveher\ \(ayia\ napa\ case\)\b,Support,Support,Jan 2020 protests after a British teenager was convicted of 'public mischief' over a retracted gang-rape report in Ayia Napa; conviction later overturned.
Cyprus,#KadınaŞiddeteHayır,#KadınaŞiddeteHayır,kadınaşiddetehayır,substr,,Support / Adjacent,Support,Turkish-language anti-violence-against-women hashtag often overlapping with #MeToo topics. Translation/Gloss: No to violence against women.
Cyprus,#MeTinSofia,#MeTinSofia,metinsofia,word,\bmetinsofia\b,Support / Solidarity,Support,Greek #MeToo solidarity tag after Olympian Sofia Bekatorou disclosed abuse. Translation/Gloss: With Sofia.
Cyprus,#MeToo,#MeToo,metoo,word,\bmetoo\b,Support / Global,Support,Baseline global #MeToo hashtag; included for every country/territory as the common cross-border search term. Translation/Gloss: Me too.
Cyprus,#SendeAnlat,#SendeAnlat,sendeanlat,word,\bsendeanlat\b,Support / Adjacent,Support,"Turkish hashtag after the Ozgecan Aslan murder, asking women to tell their experiences of harassment/violence. Translation/Gloss: Tell your story too."
Cyprus,cinsel taciz,cinsel taciz,cinsel taciz,word,\bcinsel\ taciz\b,Support / Search Term,Support,Turkish publication/search keyword. Translation/Gloss: sexual harassment.
Cyprus,σεξουαλική παρενόχληση,σεξουαλική παρενόχληση,σεξουαλική παρενόχληση,substr,,Support / Search Term,Support,Greek publication/search keyword. Translation/Gloss: sexual harassment.
Czechia,Dominik Feri,Dominik Feri,dominik feri,word,\bdominik\ feri\b,Support / Case,Support,May 2021: popular young MP resigned after Deník N/Alarm investigation into sexual assault allegations (later convicted) - the Czech MeToo moment in an otherwise skeptical climate.
Czechia,hon na čarodějnice,hon na čarodějnice,hon na čarodějnice,substr,,Backlash,Backlash,'Witch hunt' - dominant dismissive frame in Czech commentary on MeToo.
Czechia,#HimToo,#HimToo,himtoo,word,\bhimtoo\b,Backlash / Counter,Backlash,Major counter-/backlash hashtag that recast #MeToo through false-accusation or accused-men-as-victims narratives; included as a global backlash search term. Translation/Gloss: Him too.
Czechia,#JáTaky,#JáTaky,játaky,substr,,Support / Translation,Support,Czech equivalent of #MeToo. Translation/Gloss: Me too.
Czechia,#MeToo,#MeToo,metoo,word,\bmetoo\b,Support / Global,Support,Baseline global #MeToo hashtag; included for every country/territory as the common cross-border search term. Translation/Gloss: Me too.
Czechia,sexuální obtěžování,sexuální obtěžování,sexuální obtěžování,substr,,Support / Search Term,Support,Czech publication/search keyword. Translation/Gloss: sexual harassment.
Democratic Republic of the Congo,#BalanceTonPorc,#BalanceTonPorc,balancetonporc,word,\bbalancetonporc\b,Support / Adjacent,Support,French #MeToo-era hashtag for naming or denouncing perpetrators; also provoked public backlash debates. Translation/Gloss: Expose/denounce your pig.
Democratic Republic of the Congo,#HimToo,#HimToo,himtoo,word,\bhimtoo\b,Backlash / Counter,Backlash,Major counter-/backlash hashtag that recast #MeToo through false-accusation or accused-men-as-victims narratives; included as a global backlash search term. Translation/Gloss: Him too.
Democratic Republic of the Congo,#MeToo,#MeToo,metoo,word,\bmetoo\b,Support / Global,Support,Baseline global #MeToo hashtag; included for every country/territory as the common cross-border search term. Translation/Gloss: Me too.
Democratic Republic of the Congo,#MoiAussi,#MoiAussi,moiaussi,word,\bmoiaussi\b,Support / Translation,Support,"French-language equivalent of #MeToo, documented in Canada/Francophone coverage. Translation/Gloss: Me too."
Democratic Republic of the Congo,#NousToutes,#NousToutes,noustoutes,word,\bnoustoutes\b,Support / Adjacent,Support,French feminist collective/hashtag after #MeToo and #BalanceTonPorc focused on violence against women. Translation/Gloss: All of us women.
Democratic Republic of the Congo,harcèlement sexuel,harcèlement sexuel,harcèlement sexuel,substr,,Support / Search Term,Support,French publication/search keyword. Translation/Gloss: sexual harassment.
Democratic Republic of the Congo,ukatili dhidi ya wanawake,ukatili dhidi ya wanawake,ukatili dhidi ya wanawake,word,\bukatili\ dhidi\ ya\ wanawake\b,Support / Search Term,Support,Swahili search keyword. Translation/Gloss: violence against women.
Democratic Republic of the Congo,unyanyasaji wa kijinsia,unyanyasaji wa kijinsia,unyanyasaji wa kijinsia,word,\bunyanyasaji\ wa\ kijinsia\b,Support / Search Term,Support,Swahili search keyword used across East/Central African contexts. Translation/Gloss: gender/sexual harassment.
Democratic Republic of the Congo,violences sexuelles / Denis Mukwege,violences sexuelles,violences sexuelles,word,\bviolences\ sexuelles\b,Support / Context,Support,Coverage dominated by conflict-related sexual violence and 2018 Nobel laureate Dr. Mukwege; no national hashtag movement.
Democratic Republic of the Congo,violences sexuelles / Denis Mukwege,Denis Mukwege,denis mukwege,word,\bdenis\ mukwege\b,Support / Context,Support,Coverage dominated by conflict-related sexual violence and 2018 Nobel laureate Dr. Mukwege; no national hashtag movement.
Denmark,#HimToo,#HimToo,himtoo,word,\bhimtoo\b,Backlash / Counter,Backlash,Major counter-/backlash hashtag that recast #MeToo through false-accusation or accused-men-as-victims narratives; included as a global backlash search term. Translation/Gloss: Him too.
Denmark,#MeToo,#MeToo,metoo,word,\bmetoo\b,Support / Global,Support,Baseline global #MeToo hashtag; included for every country/territory as the common cross-border search term. Translation/Gloss: Me too.
Denmark,Sofie Linde,Sofie Linde,sofie linde,word,\bsofie\ linde\b,Support / Trigger,Support,"Aug 2020: TV host Sofie Linde's Zulu Comedy Galla speech restarted Danish MeToo; 1,615 media women signed a support letter; politicians Morten Østergaard and Frank Jensen resigned."
Denmark,krænkelseskultur,krænkelseskultur,krænkelseskultur,substr,,Backlash,Backlash,'Offense culture' - dismissive frame used against the movement in Danish debate.
Denmark,seksuel chikane,seksuel chikane,seksuel chikane,word,\bseksuel\ chikane\b,Support / Search Term,Support,Danish publication/search keyword; Denmark's #MeToo discussion is often indexed using #MeToo plus this term. Translation/Gloss: sexual harassment.
Denmark,sexisme / #MeToo,sexisme,sexisme,word,\bsexisme\b,Support,Support,'Sexisme' (sexism) is the dominant Danish media frame for the 2020 wave.
Djibouti,#BalanceTonPorc,#BalanceTonPorc,balancetonporc,word,\bbalancetonporc\b,Support / Adjacent,Support,French #MeToo-era hashtag for naming or denouncing perpetrators; also provoked public backlash debates. Translation/Gloss: Expose/denounce your pig.
Djibouti,#HimToo,#HimToo,himtoo,word,\bhimtoo\b,Backlash / Counter,Backlash,Major counter-/backlash hashtag that recast #MeToo through false-accusation or accused-men-as-victims narratives; included as a global backlash search term. Translation/Gloss: Him too.
Djibouti,#MeToo,#MeToo,metoo,word,\bmetoo\b,Support / Global,Support,Baseline global #MeToo hashtag; included for every country/territory as the common cross-border search term. Translation/Gloss: Me too.
Djibouti,#MoiAussi,#MoiAussi,moiaussi,word,\bmoiaussi\b,Support / Translation,Support,"French-language equivalent of #MeToo, documented in Canada/Francophone coverage. Translation/Gloss: Me too."
Djibouti,#MosqueMeToo,#MosqueMeToo,mosquemetoo,word,\bmosquemetoo\b,Support / Adjacent,Support,"Hashtag for Muslim women's accounts of harassment/abuse during Hajj, in mosques, or in religious spaces. Translation/Gloss: MeToo in mosque/Hajj contexts."
Djibouti,#NousToutes,#NousToutes,noustoutes,word,\bnoustoutes\b,Support / Adjacent,Support,French feminist collective/hashtag after #MeToo and #BalanceTonPorc focused on violence against women. Translation/Gloss: All of us women.
Djibouti,#أنا_أيضا,#أنا_أيضا,أنا_أيضا,substr,,Support / Translation,Support,Formal Arabic equivalent of #MeToo. Translation/Gloss: Me too / I also.
Djibouti,#أنا_كمان,#أنا_كمان,أنا_كمان,substr,,Support / Translation,Support,Arabic #MeToo counterpart used across Arabic-speaking social media. Translation/Gloss: Me too.
Djibouti,harcèlement sexuel,harcèlement sexuel,harcèlement sexuel,substr,,Support / Search Term,Support,French publication/search keyword. Translation/Gloss: sexual harassment.
Djibouti,التحرش_الجنسي,التحرش_الجنسي,التحرش_الجنسي,substr,,Support / Search Term,Support,Arabic publication/search keyword. Translation/Gloss: sexual harassment.
Djibouti,العنف_ضد_المرأة,العنف_ضد_المرأة,العنف_ضد_المرأة,substr,,Support / Search Term,Support,Arabic publication/search keyword. Translation/Gloss: violence against women.
Dominica,#BelieveWomen,#BelieveWomen,believewomen,word,\bbelievewomen\b,Support / Solidarity,Support,Survivor-belief and anti-victim-blaming phrase used in #MeToo-related discourse. Translation/Gloss: Believe women.
Dominica,#HimToo,#HimToo,himtoo,word,\bhimtoo\b,Backlash / Counter,Backlash,Major counter-/backlash hashtag that recast #MeToo through false-accusation or accused-men-as-victims narratives; included as a global backlash search term. Translation/Gloss: Him too.
Dominica,#MeToo,#MeToo,metoo,word,\bmetoo\b,Support / Global,Support,Baseline global #MeToo hashtag; included for every country/territory as the common cross-border search term. Translation/Gloss: Me too.
Dominica,#TimesUp,#TimesUp,timesup,word,\btimesup\b,Support / Solidarity,Support,Transnational accountability and anti-harassment hashtag frequently paired with #MeToo. Translation/Gloss: Time is up.
Dominica,sexual harassment,sexual harassment,sexual harassment,word,\bsexual\ harassment\b,Support / Search Term,Support,English search keyword for #MeToo-related social-media and publication searches. Translation/Gloss: sexual harassment.
Dominica,violence against women,violence against women,violence against women,word,\bviolence\ against\ women\b,Support / Search Term,Support,English search keyword for adjacent #MeToo and gender-based violence coverage. Translation/Gloss: violence against women.
Dominican Republic,#Cuéntalo,#Cuéntalo,cuéntalo,substr,,Support / Adjacent,Support,Spanish testimony hashtag associated especially with Spain and the La Manada reckoning; useful across Spanish-language searches. Translation/Gloss: Tell it / tell your story.
Dominican Republic,#HimToo,#HimToo,himtoo,word,\bhimtoo\b,Backlash / Counter,Backlash,Major counter-/backlash hashtag that recast #MeToo through false-accusation or accused-men-as-victims narratives; included as a global backlash search term. Translation/Gloss: Him too.
Dominican Republic,#MeToo,#MeToo,metoo,word,\bmetoo\b,Support / Global,Support,Baseline global #MeToo hashtag; included for every country/territory as the common cross-border search term. Translation/Gloss: Me too.
Dominican Republic,#NiUnaMenos,#NiUnaMenos,niunamenos,word,\bniunamenos\b,Support / Adjacent,Support,Latin American movement against femicide and violence against women; often overlaps with #MeToo-adjacent activism. Translation/Gloss: Not one woman less.
Dominican Republic,#NiUnaMenos / acoso sexual,acoso sexual,acoso sexual,word,\bacoso\ sexual\b,Support,Support,Regional frame; no distinct national tag documented.
Dominican Republic,#YoSíTeCreo,#YoSíTeCreo,yosítecreo,substr,,Support / Solidarity,Support,Spanish solidarity tag/phrase used around sexual-violence testimony and belief of survivors. Translation/Gloss: I do believe you.
Dominican Republic,#YoTambién,#YoTambién,yotambién,substr,,Support / Translation,Support,Spanish-language equivalent of #MeToo; documented in global/regional lists. Translation/Gloss: Me too.
Ecuador,#Cuéntalo,#Cuéntalo,cuéntalo,substr,,Support / Adjacent,Support,Spanish testimony hashtag associated especially with Spain and the La Manada reckoning; useful across Spanish-language searches. Translation/Gloss: Tell it / tell your story.
Ecuador,#HimToo,#HimToo,himtoo,word,\bhimtoo\b,Backlash / Counter,Backlash,Major counter-/backlash hashtag that recast #MeToo through false-accusation or accused-men-as-victims narratives; included as a global backlash search term. Translation/Gloss: Him too.
Ecuador,#MeToo,#MeToo,metoo,word,\bmetoo\b,Support / Global,Support,Baseline global #MeToo hashtag; included for every country/territory as the common cross-border search term. Translation/Gloss: Me too.
Ecuador,#NiUnaMenos,#NiUnaMenos,niunamenos,word,\bniunamenos\b,Support / Adjacent,Support,Latin American movement against femicide and violence against women; often overlaps with #MeToo-adjacent activism. Translation/Gloss: Not one woman less.
Ecuador,#NiUnaMenos / violencia de género,violencia de género,violencia de género,substr,,Support,Support,Regional frame; no distinct national tag documented.
Ecuador,#YoSíTeCreo,#YoSíTeCreo,yosítecreo,substr,,Support / Solidarity,Support,Spanish solidarity tag/phrase used around sexual-violence testimony and belief of survivors. Translation/Gloss: I do believe you.
Ecuador,#YoTambién,#YoTambién,yotambién,substr,,Support / Translation,Support,Spanish-language equivalent of #MeToo; documented in global/regional lists. Translation/Gloss: Me too.
Ecuador,acoso sexual,acoso sexual,acoso sexual,word,\bacoso\ sexual\b,Support / Search Term,Support,Spanish publication/search keyword. Translation/Gloss: sexual harassment.
Egypt,#AnaKaman,#AnaKaman,anakaman,word,\banakaman\b,Support / Translation,Support,Egypt/Middle East: Arabic #MeToo counterpart; later Egyptian platforms such as Assault Police amplified survivor testimony. Translation/Gloss: Me too.
Egypt,#AssaultPolice,#AssaultPolice,assaultpolice,word,\bassaultpolice\b,Support / Adjacent,Support,Egypt: Instagram/social-media platform founded by Nadeen Ashraf to expose and document sexual harassment/assault reports. Translation/Gloss: Assault Police.
Egypt,#HimToo,#HimToo,himtoo,word,\bhimtoo\b,Backlash / Counter,Backlash,Major counter-/backlash hashtag that recast #MeToo through false-accusation or accused-men-as-victims narratives; included as a global backlash search term. Translation/Gloss: Him too.
Egypt,#MeToo,#MeToo,metoo,word,\bmetoo\b,Support / Global,Support,Baseline global #MeToo hashtag; included for every country/territory as the common cross-border search term. Translation/Gloss: Me too.
Egypt,#MosqueMeToo,#MosqueMeToo,mosquemetoo,word,\bmosquemetoo\b,Support / Adjacent,Support,"Hashtag for Muslim women's accounts of harassment/abuse during Hajj, in mosques, or in religious spaces. Translation/Gloss: MeToo in mosque/Hajj contexts."
Egypt,#أنا_أيضا,#أنا_أيضا,أنا_أيضا,substr,,Support / Translation,Support,Formal Arabic equivalent of #MeToo. Translation/Gloss: Me too / I also.
Egypt,#أنا_كمان,#أنا_كمان,أنا_كمان,substr,,Support,Support,Ana Kaman (Me Too). Challenged deeply entrenched victim-blaming and the expectation in the Arab world that women must keep sexual harassment a private secret.
Egypt,#أنا_كمان / #MeTooEgypt,#MeTooEgypt,metooegypt,word,\bmetooegypt\b,Support,Support,'Ana kaman' (me too); July 2020 second wave driven by Instagram account @assaultpolice exposing serial predator Ahmed Bassam Zaki (convicted).
Egypt,#افضح,#افضح,افضح,substr,,Support,Support,Efdah (Expose) - urging the exposure of abusers.
Egypt,#فيرمونت (Fairmont case),#فيرمونت (Fairmont case),فيرمونت (fairmont case),substr,,Support / Case / Backlash / State Response,Support,2014 Fairmont Nile City gang rape exposed 2020; authorities arrested witnesses - chilling backlash that defined the wave's limits.
Egypt,Assault Police / أحمد بسام زكي,Assault Police,assault police,word,\bassault\ police\b,Support / Case,Support,The account that catalyzed Egypt's 2020 wave; Zaki case became emblematic.
Egypt,Assault Police / أحمد بسام زكي,أحمد بسام زكي,أحمد بسام زكي,substr,,Support / Case,Support,The account that catalyzed Egypt's 2020 wave; Zaki case became emblematic.
Egypt,التحرش,التحرش,التحرش,substr,,Support / Generic Term,Support,'Harassment' - high-recall Arabic term (HarassMap era onward).
Egypt,التحرش_الجنسي,التحرش_الجنسي,التحرش_الجنسي,substr,,Support / Search Term,Support,Arabic publication/search keyword. Translation/Gloss: sexual harassment.
Egypt,العنف_ضد_المرأة,العنف_ضد_المرأة,العنف_ضد_المرأة,substr,,Support / Search Term,Support,Arabic publication/search keyword. Translation/Gloss: violence against women.
El Salvador,#Cuéntalo,#Cuéntalo,cuéntalo,substr,,Support / Adjacent,Support,Spanish testimony hashtag associated especially with Spain and the La Manada reckoning; useful across Spanish-language searches. Translation/Gloss: Tell it / tell your story.
El Salvador,#HimToo,#HimToo,himtoo,word,\bhimtoo\b,Backlash / Counter,Backlash,Major counter-/backlash hashtag that recast #MeToo through false-accusation or accused-men-as-victims narratives; included as a global backlash search term. Translation/Gloss: Him too.
El Salvador,#MeToo,#MeToo,metoo,word,\bmetoo\b,Support / Global,Support,Baseline global #MeToo hashtag; included for every country/territory as the common cross-border search term. Translation/Gloss: Me too.
El Salvador,#NiUnaMenos,#NiUnaMenos,niunamenos,word,\bniunamenos\b,Support / Adjacent,Support,Latin American movement against femicide and violence against women; often overlaps with #MeToo-adjacent activism. Translation/Gloss: Not one woman less.
El Salvador,#NiUnaMenos / feminicidio,feminicidio,feminicidio,word,\bfeminicidio\b,Support,Support,Regional frame; coverage dominated by femicide and abortion criminalization; no distinct national MeToo tag.
El Salvador,#YoSíTeCreo,#YoSíTeCreo,yosítecreo,substr,,Support / Solidarity,Support,Spanish solidarity tag/phrase used around sexual-violence testimony and belief of survivors. Translation/Gloss: I do believe you.
El Salvador,#YoTambién,#YoTambién,yotambién,substr,,Support / Translation,Support,Spanish-language equivalent of #MeToo; documented in global/regional lists. Translation/Gloss: Me too.
El Salvador,acoso sexual,acoso sexual,acoso sexual,word,\bacoso\ sexual\b,Support / Search Term,Support,Spanish publication/search keyword. Translation/Gloss: sexual harassment.
Equatorial Guinea,#ChegaDeFiuFiu,#ChegaDeFiuFiu,chegadefiufiu,word,\bchegadefiufiu\b,Support / Adjacent,Support,Brazil-origin anti-street-harassment campaign; relevant for Portuguese-language searches. Translation/Gloss: Enough with catcalling.
Equatorial Guinea,#EuTambém,#EuTambém,eutambém,substr,,Support / Translation,Support,Portuguese equivalent of #MeToo. Translation/Gloss: Me too.
Equatorial Guinea,#HimToo,#HimToo,himtoo,word,\bhimtoo\b,Backlash / Counter,Backlash,Major counter-/backlash hashtag that recast #MeToo through false-accusation or accused-men-as-victims narratives; included as a global backlash search term. Translation/Gloss: Him too.
Equatorial Guinea,#MeToo,#MeToo,metoo,word,\bmetoo\b,Support / Global,Support,Baseline global #MeToo hashtag; included for every country/territory as the common cross-border search term. Translation/Gloss: Me too.
Equatorial Guinea,#PrimeiroAssédio,#PrimeiroAssédio,primeiroassédio,substr,,Support / Adjacent,Support,Brazil-origin hashtag where women shared first harassment experiences. Translation/Gloss: First harassment.
Equatorial Guinea,assédio sexual,assédio sexual,assédio sexual,substr,,Support / Search Term,Support,Portuguese publication/search keyword. Translation/Gloss: sexual harassment.
Eritrea,#HimToo,#HimToo,himtoo,word,\bhimtoo\b,Backlash / Counter,Backlash,Major counter-/backlash hashtag that recast #MeToo through false-accusation or accused-men-as-victims narratives; included as a global backlash search term. Translation/Gloss: Him too.
Eritrea,#MeToo,#MeToo,metoo,word,\bmetoo\b,Support / Global,Support,Baseline global #MeToo hashtag; included for every country/territory as the common cross-border search term. Translation/Gloss: Me too.
Estonia,#HimToo,#HimToo,himtoo,word,\bhimtoo\b,Backlash / Counter,Backlash,Major counter-/backlash hashtag that recast #MeToo through false-accusation or accused-men-as-victims narratives; included as a global backlash search term. Translation/Gloss: Him too.
Estonia,#MeToo,#MeToo,metoo,word,\bmetoo\b,Support / Global,Support,Baseline global #MeToo hashtag; included for every country/territory as the common cross-border search term. Translation/Gloss: Me too.
Estonia,seksuaalne ahistamine,seksuaalne ahistamine,seksuaalne ahistamine,word,\bseksuaalne\ ahistamine\b,Support / Generic Term,Support,No distinct national wave documented.
Eswatini,#BelieveWomen,#BelieveWomen,believewomen,word,\bbelievewomen\b,Support / Solidarity,Support,Survivor-belief and anti-victim-blaming phrase used in #MeToo-related discourse. Translation/Gloss: Believe women.
Eswatini,#HimToo,#HimToo,himtoo,word,\bhimtoo\b,Backlash / Counter,Backlash,Major counter-/backlash hashtag that recast #MeToo through false-accusation or accused-men-as-victims narratives; included as a global backlash search term. Translation/Gloss: Him too.
Eswatini,#MeToo,#MeToo,metoo,word,\bmetoo\b,Support / Global,Support,Baseline global #MeToo hashtag; included for every country/territory as the common cross-border search term. Translation/Gloss: Me too.
Eswatini,#TimesUp,#TimesUp,timesup,word,\btimesup\b,Support / Solidarity,Support,Transnational accountability and anti-harassment hashtag frequently paired with #MeToo. Translation/Gloss: Time is up.
Eswatini,sexual harassment,sexual harassment,sexual harassment,word,\bsexual\ harassment\b,Support / Search Term,Support,English search keyword for #MeToo-related social-media and publication searches. Translation/Gloss: sexual harassment.
Eswatini,violence against women,violence against women,violence against women,word,\bviolence\ against\ women\b,Support / Search Term,Support,English search keyword for adjacent #MeToo and gender-based violence coverage. Translation/Gloss: violence against women.
Ethiopia,#HimToo,#HimToo,himtoo,word,\bhimtoo\b,Backlash / Counter,Backlash,Major counter-/backlash hashtag that recast #MeToo through false-accusation or accused-men-as-victims narratives; included as a global backlash search term. Translation/Gloss: Him too.
Ethiopia,#MeToo,#MeToo,metoo,word,\bmetoo\b,Support / Global,Support,Baseline global #MeToo hashtag; included for every country/territory as the common cross-border search term. Translation/Gloss: Me too.
Ethiopia,#እኔም,#እኔም,እኔም,substr,,Support / Translation,Support,Amharic equivalent of #MeToo. Translation/Gloss: Me too.
Ethiopia,sexual violence (conflict) / generic,sexual violence (conflict),sexual violence (conflict),word,\bsexual\ violence\ \(conflict\)\b,Support / Context,Support,No national hashtag movement; CRSV coverage (Tigray) dominates the GBV news space post-2020.
Ethiopia,sexual violence (conflict) / generic,generic,generic,word,\bgeneric\b,Support / Context,Support,No national hashtag movement; CRSV coverage (Tigray) dominates the GBV news space post-2020.
Ethiopia,የፆታ_ትንኮሳ,የፆታ_ትንኮሳ,የፆታ_ትንኮሳ,substr,,Support / Search Term,Support,Amharic publication/search keyword. Translation/Gloss: sexual harassment.
Falkland Islands (Malvinas),#BelieveWomen,#BelieveWomen,believewomen,word,\bbelievewomen\b,Support / Solidarity,Support,Survivor-belief and anti-victim-blaming phrase used in #MeToo-related discourse. Translation/Gloss: Believe women.
Falkland Islands (Malvinas),#HimToo,#HimToo,himtoo,word,\bhimtoo\b,Backlash / Counter,Backlash,Major counter-/backlash hashtag that recast #MeToo through false-accusation or accused-men-as-victims narratives; included as a global backlash search term. Translation/Gloss: Him too.
Falkland Islands (Malvinas),#MeToo,#MeToo,metoo,word,\bmetoo\b,Support / Global,Support,Baseline global #MeToo hashtag; included for every country/territory as the common cross-border search term. Translation/Gloss: Me too.
Falkland Islands (Malvinas),#TimesUp,#TimesUp,timesup,word,\btimesup\b,Support / Solidarity,Support,Transnational accountability and anti-harassment hashtag frequently paired with #MeToo. Translation/Gloss: Time is up.
Falkland Islands (Malvinas),sexual harassment,sexual harassment,sexual harassment,word,\bsexual\ harassment\b,Support / Search Term,Support,English search keyword for #MeToo-related social-media and publication searches. Translation/Gloss: sexual harassment.
Falkland Islands (Malvinas),violence against women,violence against women,violence against women,word,\bviolence\ against\ women\b,Support / Search Term,Support,English search keyword for adjacent #MeToo and gender-based violence coverage. Translation/Gloss: violence against women.
Faroe Islands,#HimToo,#HimToo,himtoo,word,\bhimtoo\b,Backlash / Counter,Backlash,Major counter-/backlash hashtag that recast #MeToo through false-accusation or accused-men-as-victims narratives; included as a global backlash search term. Translation/Gloss: Him too.
Faroe Islands,#MeToo,#MeToo,metoo,word,\bmetoo\b,Support / Global,Support,Baseline global #MeToo hashtag; included for every country/territory as the common cross-border search term. Translation/Gloss: Me too.
Faroe Islands,seksuel chikane,seksuel chikane,seksuel chikane,word,\bseksuel\ chikane\b,Support / Search Term,Support,Danish publication/search keyword; Denmark's #MeToo discussion is often indexed using #MeToo plus this term. Translation/Gloss: sexual harassment.
Federated States of Micronesia,#HimToo,#HimToo,himtoo,word,\bhimtoo\b,Backlash / Counter,Backlash,Major counter-/backlash hashtag that recast #MeToo through false-accusation or accused-men-as-victims narratives; included as a global backlash search term. Translation/Gloss: Him too.
Federated States of Micronesia,#MeToo,#MeToo,metoo,word,\bmetoo\b,Support / Global,Support,Baseline global #MeToo hashtag; included for every country/territory as the common cross-border search term. Translation/Gloss: Me too.
Fiji,#BelieveWomen,#BelieveWomen,believewomen,word,\bbelievewomen\b,Support / Solidarity,Support,Survivor-belief and anti-victim-blaming phrase used in #MeToo-related discourse. Translation/Gloss: Believe women.
Fiji,#HimToo,#HimToo,himtoo,word,\bhimtoo\b,Backlash / Counter,Backlash,Major counter-/backlash hashtag that recast #MeToo through false-accusation or accused-men-as-victims narratives; included as a global backlash search term. Translation/Gloss: Him too.
Fiji,#MeToo,#MeToo,metoo,word,\bmetoo\b,Support / Global,Support,Baseline global #MeToo hashtag; included for every country/territory as the common cross-border search term. Translation/Gloss: Me too.
Fiji,#TimesUp,#TimesUp,timesup,word,\btimesup\b,Support / Solidarity,Support,Transnational accountability and anti-harassment hashtag frequently paired with #MeToo. Translation/Gloss: Time is up.
Fiji,Fiji Women's Rights Movement,Fiji Women's Rights Movement,fiji women's rights movement,word,\bfiji\ women's\ rights\ movement\b,Support / Org,Support,NGO-led advocacy; no distinct viral hashtag documented.
Fiji,sexual harassment,sexual harassment,sexual harassment,word,\bsexual\ harassment\b,Support / Search Term,Support,English search keyword for #MeToo-related social-media and publication searches. Translation/Gloss: sexual harassment.
Fiji,violence against women,violence against women,violence against women,word,\bviolence\ against\ women\b,Support / Search Term,Support,English search keyword for adjacent #MeToo and gender-based violence coverage. Translation/Gloss: violence against women.
Finland,#HimToo,#HimToo,himtoo,word,\bhimtoo\b,Backlash / Counter,Backlash,Major counter-/backlash hashtag that recast #MeToo through false-accusation or accused-men-as-victims narratives; included as a global backlash search term. Translation/Gloss: Him too.
Finland,#MeToo,#MeToo,metoo,word,\bmetoo\b,Support / Global,Support,Baseline global #MeToo hashtag; included for every country/territory as the common cross-border search term. Translation/Gloss: Me too.
Finland,#dammenbrister,#dammenbrister,dammenbrister,word,\bdammenbrister\b,Support / Sectoral,Support,Finland: Swedish-speaking women launched #dammenbrister as their #MeToo answer against sexual harassment. Translation/Gloss: the dam is breaking.
Finland,#tystnadtagning,#tystnadtagning,tystnadtagning,word,\btystnadtagning\b,Support / Sectoral,Support,"Swedish theatre/film sector hashtag, the first joint Swedish #MeToo call. Translation/Gloss: silent shoot."
Finland,Aku Louhimies / seksuaalinen häirintä,Aku Louhimies,aku louhimies,word,\baku\ louhimies\b,Support / Case,Support,Mar 2018: actresses described abusive treatment by director Aku Louhimies; main Finnish-language case.
Finland,Aku Louhimies / seksuaalinen häirintä,seksuaalinen häirintä,seksuaalinen häirintä,substr,,Support / Case,Support,Mar 2018: actresses described abusive treatment by director Aku Louhimies; main Finnish-language case.
Finland,sexuella trakasserier,sexuella trakasserier,sexuella trakasserier,word,\bsexuella\ trakasserier\b,Support / Search Term,Support,Swedish publication/search keyword. Translation/Gloss: sexual harassment.
France,#BalanceTonPorc,#BalanceTonPorc,balancetonporc,word,\bbalancetonporc\b,Support,Support,"'Squeal on your pig', 13 Oct 2017, Sandra Muller - preceded the viral #MeToo by two days. Muller was sued for defamation by Eric Brion, lost at first instance (2019), won on appeal (2021) - the legal saga is a key backlash thread."
France,#HimToo,#HimToo,himtoo,word,\bhimtoo\b,Backlash / Counter,Backlash,Major counter-/backlash hashtag that recast #MeToo through false-accusation or accused-men-as-victims narratives; included as a global backlash search term. Translation/Gloss: Him too.
France,#MeToo,#MeToo,metoo,word,\bmetoo\b,Support / Global,Support,Baseline global #MeToo hashtag; included for every country/territory as the common cross-border search term. Translation/Gloss: Me too.
France,#MeTooInceste / #MeTooGay / #MeTooThéâtre / #MeTooMedias / #MeTooPolitique / #SciencesPorcs / #DoublePeine,#MeTooInceste,metooinceste,word,\bmetooinceste\b,Support,Support,"2021 sectoral waves: incest (Camille Kouchner's book on Olivier Duhamel, Jan 2021), LGBT, theatre, media (PPDA case), politics, Sciences Po campuses, police mistreatment of complainants."
France,#MeTooInceste / #MeTooGay / #MeTooThéâtre / #MeTooMedias / #MeTooPolitique / #SciencesPorcs / #DoublePeine,#MeTooGay,metoogay,word,\bmetoogay\b,Support,Support,"2021 sectoral waves: incest (Camille Kouchner's book on Olivier Duhamel, Jan 2021), LGBT, theatre, media (PPDA case), politics, Sciences Po campuses, police mistreatment of complainants."
France,#MeTooInceste / #MeTooGay / #MeTooThéâtre / #MeTooMedias / #MeTooPolitique / #SciencesPorcs / #DoublePeine,#MeTooThéâtre,metoothéâtre,substr,,Support,Support,"2021 sectoral waves: incest (Camille Kouchner's book on Olivier Duhamel, Jan 2021), LGBT, theatre, media (PPDA case), politics, Sciences Po campuses, police mistreatment of complainants."
France,#MeTooInceste / #MeTooGay / #MeTooThéâtre / #MeTooMedias / #MeTooPolitique / #SciencesPorcs / #DoublePeine,#MeTooMedias,metoomedias,word,\bmetoomedias\b,Support,Support,"2021 sectoral waves: incest (Camille Kouchner's book on Olivier Duhamel, Jan 2021), LGBT, theatre, media (PPDA case), politics, Sciences Po campuses, police mistreatment of complainants."
France,#MeTooInceste / #MeTooGay / #MeTooThéâtre / #MeTooMedias / #MeTooPolitique / #SciencesPorcs / #DoublePeine,#MeTooPolitique,metoopolitique,word,\bmetoopolitique\b,Support,Support,"2021 sectoral waves: incest (Camille Kouchner's book on Olivier Duhamel, Jan 2021), LGBT, theatre, media (PPDA case), politics, Sciences Po campuses, police mistreatment of complainants."
France,#MeTooInceste / #MeTooGay / #MeTooThéâtre / #MeTooMedias / #MeTooPolitique / #SciencesPorcs / #DoublePeine,#SciencesPorcs,sciencesporcs,word,\bsciencesporcs\b,Support,Support,"2021 sectoral waves: incest (Camille Kouchner's book on Olivier Duhamel, Jan 2021), LGBT, theatre, media (PPDA case), politics, Sciences Po campuses, police mistreatment of complainants."
France,#MeTooInceste / #MeTooGay / #MeTooThéâtre / #MeTooMedias / #MeTooPolitique / #SciencesPorcs / #DoublePeine,#DoublePeine,doublepeine,word,\bdoublepeine\b,Support,Support,"2021 sectoral waves: incest (Camille Kouchner's book on Olivier Duhamel, Jan 2021), LGBT, theatre, media (PPDA case), politics, Sciences Po campuses, police mistreatment of complainants."
France,#MoiAussi,#MoiAussi,moiaussi,word,\bmoiaussi\b,Support / Translation,Support,"French-language equivalent of #MeToo, documented in Canada/Francophone coverage. Translation/Gloss: Me too."
France,#MoiAussi / #NousToutes,#NousToutes,noustoutes,word,\bnoustoutes\b,Support,Support,Translation tag; #NousToutes = mass marches against gender violence from Nov 2018.
France,#PayeTaShnek,#PayeTaShnek,payetashnek,word,\bpayetashnek\b,Support,Support,2012 precursor collecting street-harassment testimonies.
France,Adèle Haenel / PPDA / Tariq Ramadan,Adèle Haenel,adèle haenel,substr,,Support / Cases,Support,Haenel's Nov 2019 accusations against Christophe Ruggia and her César 2020 walkout over Polanski's award; Patrick Poivre d'Arvor (2021); Tariq Ramadan rape charges (2017).
France,Adèle Haenel / PPDA / Tariq Ramadan,PPDA,ppda,word,\bppda\b,Support / Cases,Support,Haenel's Nov 2019 accusations against Christophe Ruggia and her César 2020 walkout over Polanski's award; Patrick Poivre d'Arvor (2021); Tariq Ramadan rape charges (2017).
France,Adèle Haenel / PPDA / Tariq Ramadan,Tariq Ramadan,tariq ramadan,word,\btariq\ ramadan\b,Support / Cases,Support,Haenel's Nov 2019 accusations against Christophe Ruggia and her César 2020 walkout over Polanski's award; Patrick Poivre d'Arvor (2021); Tariq Ramadan rape charges (2017).
France,harcèlement sexuel,harcèlement sexuel,harcèlement sexuel,substr,,Support / Search Term,Support,French publication/search keyword. Translation/Gloss: sexual harassment.
France,liberté d'importuner (Deneuve letter),liberté d'importuner (Deneuve letter),liberté d'importuner (deneuve letter),substr,,Backlash,Backlash,"Jan 2018 Le Monde open letter signed by Catherine Deneuve and 99 others defending men's 'freedom to bother'; the canonical French backlash text. Related backlash vocabulary: 'délation', 'présomption d'innocence'."
French Guiana,#BalanceTonPorc,#BalanceTonPorc,balancetonporc,word,\bbalancetonporc\b,Support / Adjacent,Support,French #MeToo-era hashtag for naming or denouncing perpetrators; also provoked public backlash debates. Translation/Gloss: Expose/denounce your pig.
French Guiana,#HimToo,#HimToo,himtoo,word,\bhimtoo\b,Backlash / Counter,Backlash,Major counter-/backlash hashtag that recast #MeToo through false-accusation or accused-men-as-victims narratives; included as a global backlash search term. Translation/Gloss: Him too.
French Guiana,#MeToo,#MeToo,metoo,word,\bmetoo\b,Support / Global,Support,Baseline global #MeToo hashtag; included for every country/territory as the common cross-border search term. Translation/Gloss: Me too.
French Guiana,#MoiAussi,#MoiAussi,moiaussi,word,\bmoiaussi\b,Support / Translation,Support,"French-language equivalent of #MeToo, documented in Canada/Francophone coverage. Translation/Gloss: Me too."
French Guiana,#NousToutes,#NousToutes,noustoutes,word,\bnoustoutes\b,Support / Adjacent,Support,French feminist collective/hashtag after #MeToo and #BalanceTonPorc focused on violence against women. Translation/Gloss: All of us women.
French Guiana,harcèlement sexuel,harcèlement sexuel,harcèlement sexuel,substr,,Support / Search Term,Support,French publication/search keyword. Translation/Gloss: sexual harassment.
French Polynesia,#BalanceTonPorc,#BalanceTonPorc,balancetonporc,word,\bbalancetonporc\b,Support / Adjacent,Support,French #MeToo-era hashtag for naming or denouncing perpetrators; also provoked public backlash debates. Translation/Gloss: Expose/denounce your pig.
French Polynesia,#HimToo,#HimToo,himtoo,word,\bhimtoo\b,Backlash / Counter,Backlash,Major counter-/backlash hashtag that recast #MeToo through false-accusation or accused-men-as-victims narratives; included as a global backlash search term. Translation/Gloss: Him too.
French Polynesia,#MeToo,#MeToo,metoo,word,\bmetoo\b,Support / Global,Support,Baseline global #MeToo hashtag; included for every country/territory as the common cross-border search term. Translation/Gloss: Me too.
French Polynesia,#MoiAussi,#MoiAussi,moiaussi,word,\bmoiaussi\b,Support / Translation,Support,"French-language equivalent of #MeToo, documented in Canada/Francophone coverage. Translation/Gloss: Me too."
French Polynesia,#NousToutes,#NousToutes,noustoutes,word,\bnoustoutes\b,Support / Adjacent,Support,French feminist collective/hashtag after #MeToo and #BalanceTonPorc focused on violence against women. Translation/Gloss: All of us women.
French Polynesia,harcèlement sexuel,harcèlement sexuel,harcèlement sexuel,substr,,Support / Search Term,Support,French publication/search keyword. Translation/Gloss: sexual harassment.
French Southern Territories,#HimToo,#HimToo,himtoo,word,\bhimtoo\b,Backlash / Counter,Backlash,Major counter-/backlash hashtag that recast #MeToo through false-accusation or accused-men-as-victims narratives; included as a global backlash search term. Translation/Gloss: Him too.
French Southern Territories,#MeToo,#MeToo,metoo,word,\bmetoo\b,Support / Global,Support,Baseline global #MeToo hashtag; included for every country/territory as the common cross-border search term. Translation/Gloss: Me too.
Gabon,#BalanceTonPorc,#BalanceTonPorc,balancetonporc,word,\bbalancetonporc\b,Support / Adjacent,Support,French #MeToo-era hashtag for naming or denouncing perpetrators; also provoked public backlash debates. Translation/Gloss: Expose/denounce your pig.
Gabon,#HimToo,#HimToo,himtoo,word,\bhimtoo\b,Backlash / Counter,Backlash,Major counter-/backlash hashtag that recast #MeToo through false-accusation or accused-men-as-victims narratives; included as a global backlash search term. Translation/Gloss: Him too.
Gabon,#MeToo,#MeToo,metoo,word,\bmetoo\b,Support / Global,Support,Baseline global #MeToo hashtag; included for every country/territory as the common cross-border search term. Translation/Gloss: Me too.
Gabon,#MoiAussi,#MoiAussi,moiaussi,word,\bmoiaussi\b,Support / Translation,Support,"French-language equivalent of #MeToo, documented in Canada/Francophone coverage. Translation/Gloss: Me too."
Gabon,#NousToutes,#NousToutes,noustoutes,word,\bnoustoutes\b,Support / Adjacent,Support,French feminist collective/hashtag after #MeToo and #BalanceTonPorc focused on violence against women. Translation/Gloss: All of us women.
Gabon,harcèlement sexuel,harcèlement sexuel,harcèlement sexuel,substr,,Support / Search Term,Support,French publication/search keyword. Translation/Gloss: sexual harassment.
Georgia,#HimToo,#HimToo,himtoo,word,\bhimtoo\b,Backlash / Counter,Backlash,Major counter-/backlash hashtag that recast #MeToo through false-accusation or accused-men-as-victims narratives; included as a global backlash search term. Translation/Gloss: Him too.
Georgia,#MeToo,#MeToo,metoo,word,\bmetoo\b,Support / Global,Support,Baseline global #MeToo hashtag; included for every country/territory as the common cross-border search term. Translation/Gloss: Me too.
Georgia,#მეც,#მეც,მეც,substr,,Support / Translation,Support,Georgian equivalent of #MeToo. Translation/Gloss: Me too.
Georgia,Tatia Samkharadze,Tatia Samkharadze,tatia samkharadze,word,\btatia\ samkharadze\b,Support / Trigger Case,Support,"2016: journalist sued Imedi TV boss Shalva Ramishvili for harassment - landmark first case, upheld on appeal 2018; ~80+ women spoke out by 2017; led to 2019 law classifying harassment as discrimination. No single distinctive hashtag."
Georgia,სექსუალური შევიწროება,სექსუალური შევიწროება,სექსუალური შევიწროება,substr,,Support / Search Term,Support,Georgian publication/search keyword. Translation/Gloss: sexual harassment.
Germany,#Aufschrei,#Aufschrei,aufschrei,word,\baufschrei\b,Support,Support,"'Outcry', Jan 2013 precursor by Anne Wizorek, after journalist's account of FDP politician Rainer Brüderle's behavior; Germany's proto-MeToo."
Germany,#HimToo,#HimToo,himtoo,word,\bhimtoo\b,Backlash / Counter,Backlash,Major counter-/backlash hashtag that recast #MeToo through false-accusation or accused-men-as-victims narratives; included as a global backlash search term. Translation/Gloss: Him too.
Germany,#IchAuch,#IchAuch,ichauch,word,\bichauch\b,Support / Translation,Support,German equivalent of #MeToo. Translation/Gloss: Me too.
Germany,#MeToo,#MeToo,metoo,word,\bmetoo\b,Support / Global,Support,Baseline global #MeToo hashtag; included for every country/territory as the common cross-border search term. Translation/Gloss: Me too.
Germany,#NeinHeisstNein,#NeinHeisstNein,neinheisstnein,word,\bneinheisstnein\b,Support,Support,'No means no' - 2016 consent-law reform slogan (post-Cologne NYE assaults; note the Cologne debate also carried racialized framing).
Germany,Dieter Wedel / Julian Reichelt,Dieter Wedel,dieter wedel,word,\bdieter\ wedel\b,Support / Cases,Support,Jan 2018 Zeit investigation into director Dieter Wedel = German MeToo landmark; Bild editor Julian Reichelt ousted 2021.
Germany,Dieter Wedel / Julian Reichelt,Julian Reichelt,julian reichelt,word,\bjulian\ reichelt\b,Support / Cases,Support,Jan 2018 Zeit investigation into director Dieter Wedel = German MeToo landmark; Bild editor Julian Reichelt ousted 2021.
Germany,Hexenjagd,Hexenjagd,hexenjagd,word,\bhexenjagd\b,Backlash,Backlash,'Witch hunt' - standard German backlash frame.
Germany,sexuelle Belästigung,sexuelle Belästigung,sexuelle belästigung,substr,,Support / Search Term,Support,German publication/search keyword. Translation/Gloss: sexual harassment.
Ghana,#BelieveWomen,#BelieveWomen,believewomen,word,\bbelievewomen\b,Support / Solidarity,Support,Survivor-belief and anti-victim-blaming phrase used in #MeToo-related discourse. Translation/Gloss: Believe women.
Ghana,#HimToo,#HimToo,himtoo,word,\bhimtoo\b,Backlash / Counter,Backlash,Major counter-/backlash hashtag that recast #MeToo through false-accusation or accused-men-as-victims narratives; included as a global backlash search term. Translation/Gloss: Him too.
Ghana,#MeToo,#MeToo,metoo,word,\bmetoo\b,Support / Global,Support,Baseline global #MeToo hashtag; included for every country/territory as the common cross-border search term. Translation/Gloss: Me too.
Ghana,#SexForGrades,#SexForGrades,sexforgrades,word,\bsexforgrades\b,Support,Support,"Oct 2019 BBC Africa Eye undercover investigation into lecturers at University of Ghana (and UNILAG, Nigeria)."
Ghana,#TimesUp,#TimesUp,timesup,word,\btimesup\b,Support / Solidarity,Support,Transnational accountability and anti-harassment hashtag frequently paired with #MeToo. Translation/Gloss: Time is up.
Ghana,sexual harassment,sexual harassment,sexual harassment,word,\bsexual\ harassment\b,Support / Search Term,Support,English search keyword for #MeToo-related social-media and publication searches. Translation/Gloss: sexual harassment.
Ghana,violence against women,violence against women,violence against women,word,\bviolence\ against\ women\b,Support / Search Term,Support,English search keyword for adjacent #MeToo and gender-based violence coverage. Translation/Gloss: violence against women.
Gibraltar,#BelieveWomen,#BelieveWomen,believewomen,word,\bbelievewomen\b,Support / Solidarity,Support,Survivor-belief and anti-victim-blaming phrase used in #MeToo-related discourse. Translation/Gloss: Believe women.
Gibraltar,#HimToo,#HimToo,himtoo,word,\bhimtoo\b,Backlash / Counter,Backlash,Major counter-/backlash hashtag that recast #MeToo through false-accusation or accused-men-as-victims narratives; included as a global backlash search term. Translation/Gloss: Him too.
Gibraltar,#MeToo,#MeToo,metoo,word,\bmetoo\b,Support / Global,Support,Baseline global #MeToo hashtag; included for every country/territory as the common cross-border search term. Translation/Gloss: Me too.
Gibraltar,#TimesUp,#TimesUp,timesup,word,\btimesup\b,Support / Solidarity,Support,Transnational accountability and anti-harassment hashtag frequently paired with #MeToo. Translation/Gloss: Time is up.
Gibraltar,sexual harassment,sexual harassment,sexual harassment,word,\bsexual\ harassment\b,Support / Search Term,Support,English search keyword for #MeToo-related social-media and publication searches. Translation/Gloss: sexual harassment.
Gibraltar,violence against women,violence against women,violence against women,word,\bviolence\ against\ women\b,Support / Search Term,Support,English search keyword for adjacent #MeToo and gender-based violence coverage. Translation/Gloss: violence against women.
Greece,#HimToo,#HimToo,himtoo,word,\bhimtoo\b,Backlash / Counter,Backlash,Major counter-/backlash hashtag that recast #MeToo through false-accusation or accused-men-as-victims narratives; included as a global backlash search term. Translation/Gloss: Him too.
Greece,#MeTinSofia,#MeTinSofia,metinsofia,word,\bmetinsofia\b,Support / Solidarity,Support,Greece: Olympian Sofia Bekatorou's abuse disclosure triggered the Hellenic #MeToo wave. Translation/Gloss: With Sofia.
Greece,#MeToo,#MeToo,metoo,word,\bmetoo\b,Support / Global,Support,Baseline global #MeToo hashtag; included for every country/territory as the common cross-border search term. Translation/Gloss: Me too.
Greece,Δημήτρης Λιγνάδης (Lignadis) / #metoogr,Δημήτρης Λιγνάδης (Lignadis),δημήτρης λιγνάδης (lignadis),substr,,Support / Case,Support,"National Theatre director arrested Feb 2021, convicted of rape; emblematic case of the wave."
Greece,Δημήτρης Λιγνάδης (Lignadis) / #metoogr,#metoogr,metoogr,word,\bmetoogr\b,Support / Case,Support,"National Theatre director arrested Feb 2021, convicted of rape; emblematic case of the wave."
Greece,Σοφία Μπεκατώρου (Sofia Bekatorou),Σοφία Μπεκατώρου (Sofia Bekatorou),σοφία μπεκατώρου (sofia bekatorou),substr,,Support / Trigger,Support,Jan 2021: Olympic sailing champion disclosed assault by a federation official - unleashed the Greek MeToo wave.
Greece,σεξουαλική παρενόχληση,σεξουαλική παρενόχληση,σεξουαλική παρενόχληση,substr,,Support / Search Term,Support,Greek publication/search keyword. Translation/Gloss: sexual harassment.
Greenland,#HimToo,#HimToo,himtoo,word,\bhimtoo\b,Backlash / Counter,Backlash,Major counter-/backlash hashtag that recast #MeToo through false-accusation or accused-men-as-victims narratives; included as a global backlash search term. Translation/Gloss: Him too.
Greenland,#MeToo,#MeToo,metoo,word,\bmetoo\b,Support / Global,Support,Baseline global #MeToo hashtag; included for every country/territory as the common cross-border search term. Translation/Gloss: Me too.
Greenland,seksuel chikane,seksuel chikane,seksuel chikane,word,\bseksuel\ chikane\b,Support / Search Term,Support,Danish publication/search keyword; Denmark's #MeToo discussion is often indexed using #MeToo plus this term. Translation/Gloss: sexual harassment.
Grenada,#BelieveWomen,#BelieveWomen,believewomen,word,\bbelievewomen\b,Support / Solidarity,Support,Survivor-belief and anti-victim-blaming phrase used in #MeToo-related discourse. Translation/Gloss: Believe women.
Grenada,#HimToo,#HimToo,himtoo,word,\bhimtoo\b,Backlash / Counter,Backlash,Major counter-/backlash hashtag that recast #MeToo through false-accusation or accused-men-as-victims narratives; included as a global backlash search term. Translation/Gloss: Him too.
Grenada,#MeToo,#MeToo,metoo,word,\bmetoo\b,Support / Global,Support,Baseline global #MeToo hashtag; included for every country/territory as the common cross-border search term. Translation/Gloss: Me too.
Grenada,#TimesUp,#TimesUp,timesup,word,\btimesup\b,Support / Solidarity,Support,Transnational accountability and anti-harassment hashtag frequently paired with #MeToo. Translation/Gloss: Time is up.
Grenada,sexual harassment,sexual harassment,sexual harassment,word,\bsexual\ harassment\b,Support / Search Term,Support,English search keyword for #MeToo-related social-media and publication searches. Translation/Gloss: sexual harassment.
Grenada,violence against women,violence against women,violence against women,word,\bviolence\ against\ women\b,Support / Search Term,Support,English search keyword for adjacent #MeToo and gender-based violence coverage. Translation/Gloss: violence against women.
Guadeloupe,#BalanceTonPorc,#BalanceTonPorc,balancetonporc,word,\bbalancetonporc\b,Support / Adjacent,Support,French #MeToo-era hashtag for naming or denouncing perpetrators; also provoked public backlash debates. Translation/Gloss: Expose/denounce your pig.
Guadeloupe,#HimToo,#HimToo,himtoo,word,\bhimtoo\b,Backlash / Counter,Backlash,Major counter-/backlash hashtag that recast #MeToo through false-accusation or accused-men-as-victims narratives; included as a global backlash search term. Translation/Gloss: Him too.
Guadeloupe,#MeToo,#MeToo,metoo,word,\bmetoo\b,Support / Global,Support,Baseline global #MeToo hashtag; included for every country/territory as the common cross-border search term. Translation/Gloss: Me too.
Guadeloupe,#MoiAussi,#MoiAussi,moiaussi,word,\bmoiaussi\b,Support / Translation,Support,"French-language equivalent of #MeToo, documented in Canada/Francophone coverage. Translation/Gloss: Me too."
Guadeloupe,#NousToutes,#NousToutes,noustoutes,word,\bnoustoutes\b,Support / Adjacent,Support,French feminist collective/hashtag after #MeToo and #BalanceTonPorc focused on violence against women. Translation/Gloss: All of us women.
Guadeloupe,harcèlement sexuel,harcèlement sexuel,harcèlement sexuel,substr,,Support / Search Term,Support,French publication/search keyword. Translation/Gloss: sexual harassment.
Guam,#HimToo,#HimToo,himtoo,word,\bhimtoo\b,Backlash / Counter,Backlash,Major counter-/backlash hashtag that recast #MeToo through false-accusation or accused-men-as-victims narratives; included as a global backlash search term. Translation/Gloss: Him too.
Guam,#MeToo,#MeToo,metoo,word,\bmetoo\b,Support / Global,Support,Baseline global #MeToo hashtag; included for every country/territory as the common cross-border search term. Translation/Gloss: Me too.
Guatemala,#Cuéntalo,#Cuéntalo,cuéntalo,substr,,Support / Adjacent,Support,Spanish testimony hashtag associated especially with Spain and the La Manada reckoning; useful across Spanish-language searches. Translation/Gloss: Tell it / tell your story.
Guatemala,#HimToo,#HimToo,himtoo,word,\bhimtoo\b,Backlash / Counter,Backlash,Major counter-/backlash hashtag that recast #MeToo through false-accusation or accused-men-as-victims narratives; included as a global backlash search term. Translation/Gloss: Him too.
Guatemala,#MeToo,#MeToo,metoo,word,\bmetoo\b,Support / Global,Support,Baseline global #MeToo hashtag; included for every country/territory as the common cross-border search term. Translation/Gloss: Me too.
Guatemala,#NiUnaMenos,#NiUnaMenos,niunamenos,word,\bniunamenos\b,Support / Adjacent,Support,Latin American movement against femicide and violence against women; often overlaps with #MeToo-adjacent activism. Translation/Gloss: Not one woman less.
Guatemala,#NosDuelen56,#NosDuelen56,nosduelen56,word,\bnosduelen56\b,Support,Support,Mar 2017 Hogar Seguro state shelter fire killed 41 girls (56 burned) after abuse complaints ignored; emblem of state violence against girls.
Guatemala,#TengoMiedo,#TengoMiedo,tengomiedo,word,\btengomiedo\b,Support,Support,'I am afraid' - Guatemalan women sharing fear/harassment testimonies (2017); verify volume before relying on it.
Guatemala,#YoSíTeCreo,#YoSíTeCreo,yosítecreo,substr,,Support / Solidarity,Support,Spanish solidarity tag/phrase used around sexual-violence testimony and belief of survivors. Translation/Gloss: I do believe you.
Guatemala,#YoTambién,#YoTambién,yotambién,substr,,Support / Translation,Support,Spanish-language equivalent of #MeToo; documented in global/regional lists. Translation/Gloss: Me too.
Guatemala,acoso sexual,acoso sexual,acoso sexual,word,\bacoso\ sexual\b,Support / Search Term,Support,Spanish publication/search keyword. Translation/Gloss: sexual harassment.
Guernsey,#HimToo,#HimToo,himtoo,word,\bhimtoo\b,Backlash / Counter,Backlash,Major counter-/backlash hashtag that recast #MeToo through false-accusation or accused-men-as-victims narratives; included as a global backlash search term. Translation/Gloss: Him too.
Guernsey,#MeToo,#MeToo,metoo,word,\bmetoo\b,Support / Global,Support,Baseline global #MeToo hashtag; included for every country/territory as the common cross-border search term. Translation/Gloss: Me too.
Guinea,#BalanceTonPorc,#BalanceTonPorc,balancetonporc,word,\bbalancetonporc\b,Support / Adjacent,Support,French #MeToo-era hashtag for naming or denouncing perpetrators; also provoked public backlash debates. Translation/Gloss: Expose/denounce your pig.
Guinea,#HimToo,#HimToo,himtoo,word,\bhimtoo\b,Backlash / Counter,Backlash,Major counter-/backlash hashtag that recast #MeToo through false-accusation or accused-men-as-victims narratives; included as a global backlash search term. Translation/Gloss: Him too.
Guinea,#MeToo,#MeToo,metoo,word,\bmetoo\b,Support / Global,Support,Baseline global #MeToo hashtag; included for every country/territory as the common cross-border search term. Translation/Gloss: Me too.
Guinea,#MoiAussi,#MoiAussi,moiaussi,word,\bmoiaussi\b,Support / Translation,Support,"French-language equivalent of #MeToo, documented in Canada/Francophone coverage. Translation/Gloss: Me too."
Guinea,#NousToutes,#NousToutes,noustoutes,word,\bnoustoutes\b,Support / Adjacent,Support,French feminist collective/hashtag after #MeToo and #BalanceTonPorc focused on violence against women. Translation/Gloss: All of us women.
Guinea,harcèlement sexuel,harcèlement sexuel,harcèlement sexuel,substr,,Support / Search Term,Support,French publication/search keyword. Translation/Gloss: sexual harassment.
Guinea,harcèlement sexuel / viol,viol,viol,word,\bviol\b,Support / Generic Term,Support,No sustained national hashtag movement documented.
Guinea-Bissau,#ChegaDeFiuFiu,#ChegaDeFiuFiu,chegadefiufiu,word,\bchegadefiufiu\b,Support / Adjacent,Support,Brazil-origin anti-street-harassment campaign; relevant for Portuguese-language searches. Translation/Gloss: Enough with catcalling.
Guinea-Bissau,#EuTambém,#EuTambém,eutambém,substr,,Support / Translation,Support,Portuguese equivalent of #MeToo. Translation/Gloss: Me too.
Guinea-Bissau,#HimToo,#HimToo,himtoo,word,\bhimtoo\b,Backlash / Counter,Backlash,Major counter-/backlash hashtag that recast #MeToo through false-accusation or accused-men-as-victims narratives; included as a global backlash search term. Translation/Gloss: Him too.
Guinea-Bissau,#MeToo,#MeToo,metoo,word,\bmetoo\b,Support / Global,Support,Baseline global #MeToo hashtag; included for every country/territory as the common cross-border search term. Translation/Gloss: Me too.
Guinea-Bissau,#PrimeiroAssédio,#PrimeiroAssédio,primeiroassédio,substr,,Support / Adjacent,Support,Brazil-origin hashtag where women shared first harassment experiences. Translation/Gloss: First harassment.
Guinea-Bissau,assédio sexual,assédio sexual,assédio sexual,substr,,Support / Search Term,Support,Portuguese publication/search keyword. Translation/Gloss: sexual harassment.
Guyana,#BelieveWomen,#BelieveWomen,believewomen,word,\bbelievewomen\b,Support / Solidarity,Support,Survivor-belief and anti-victim-blaming phrase used in #MeToo-related discourse. Translation/Gloss: Believe women.
Guyana,#HimToo,#HimToo,himtoo,word,\bhimtoo\b,Backlash / Counter,Backlash,Major counter-/backlash hashtag that recast #MeToo through false-accusation or accused-men-as-victims narratives; included as a global backlash search term. Translation/Gloss: Him too.
Guyana,#LifeInLeggings,#LifeInLeggings,lifeinleggings,word,\blifeinleggings\b,Support,Support,Regional wave incl. 2017 solidarity marches in Georgetown.
Guyana,#MeToo,#MeToo,metoo,word,\bmetoo\b,Support / Global,Support,Baseline global #MeToo hashtag; included for every country/territory as the common cross-border search term. Translation/Gloss: Me too.
Guyana,#TimesUp,#TimesUp,timesup,word,\btimesup\b,Support / Solidarity,Support,Transnational accountability and anti-harassment hashtag frequently paired with #MeToo. Translation/Gloss: Time is up.
Guyana,sexual harassment,sexual harassment,sexual harassment,word,\bsexual\ harassment\b,Support / Search Term,Support,English search keyword for #MeToo-related social-media and publication searches. Translation/Gloss: sexual harassment.
Guyana,violence against women,violence against women,violence against women,word,\bviolence\ against\ women\b,Support / Search Term,Support,English search keyword for adjacent #MeToo and gender-based violence coverage. Translation/Gloss: violence against women.
Haiti,#BalanceTonPorc,#BalanceTonPorc,balancetonporc,word,\bbalancetonporc\b,Support / Adjacent,Support,French #MeToo-era hashtag for naming or denouncing perpetrators; also provoked public backlash debates. Translation/Gloss: Expose/denounce your pig.
Haiti,#HimToo,#HimToo,himtoo,word,\bhimtoo\b,Backlash / Counter,Backlash,Major counter-/backlash hashtag that recast #MeToo through false-accusation or accused-men-as-victims narratives; included as a global backlash search term. Translation/Gloss: Him too.
Haiti,#MeToo,#MeToo,metoo,word,\bmetoo\b,Support / Global,Support,Baseline global #MeToo hashtag; included for every country/territory as the common cross-border search term. Translation/Gloss: Me too.
Haiti,#MoiAussi,#MoiAussi,moiaussi,word,\bmoiaussi\b,Support / Translation,Support,"French-language equivalent of #MeToo, documented in Canada/Francophone coverage. Translation/Gloss: Me too."
Haiti,#NousToutes,#NousToutes,noustoutes,word,\bnoustoutes\b,Support / Adjacent,Support,French feminist collective/hashtag after #MeToo and #BalanceTonPorc focused on violence against women. Translation/Gloss: All of us women.
Haiti,Oxfam Haiti / #AidToo,Oxfam Haiti,oxfam haiti,word,\boxfam\ haiti\b,Support / Exposure,Support,Feb 2018 Oxfam sexual exploitation scandal in post-quake Haiti; launched the #AidToo reckoning in the aid sector.
Haiti,Oxfam Haiti / #AidToo,#AidToo,aidtoo,word,\baidtoo\b,Support / Exposure,Support,Feb 2018 Oxfam sexual exploitation scandal in post-quake Haiti; launched the #AidToo reckoning in the aid sector.
Haiti,harcèlement sexuel,harcèlement sexuel,harcèlement sexuel,substr,,Support / Search Term,Support,French publication/search keyword. Translation/Gloss: sexual harassment.
Heard Island and McDonald Islands,#HimToo,#HimToo,himtoo,word,\bhimtoo\b,Backlash / Counter,Backlash,Major counter-/backlash hashtag that recast #MeToo through false-accusation or accused-men-as-victims narratives; included as a global backlash search term. Translation/Gloss: Him too.
Heard Island and McDonald Islands,#MeToo,#MeToo,metoo,word,\bmetoo\b,Support / Global,Support,Baseline global #MeToo hashtag; included for every country/territory as the common cross-border search term. Translation/Gloss: Me too.
Holy See (Vatican City State),#HimToo,#HimToo,himtoo,word,\bhimtoo\b,Backlash / Counter,Backlash,Major counter-/backlash hashtag that recast #MeToo through false-accusation or accused-men-as-victims narratives; included as a global backlash search term. Translation/Gloss: Him too.
Holy See (Vatican City State),#IoAnche,#IoAnche,ioanche,word,\bioanche\b,Support / Translation,Support,Italian equivalent of #MeToo. Translation/Gloss: Me too.
Holy See (Vatican City State),#MeToo,#MeToo,metoo,word,\bmetoo\b,Support / Global,Support,Baseline global #MeToo hashtag; included for every country/territory as the common cross-border search term. Translation/Gloss: Me too.
Holy See (Vatican City State),#QuellaVoltaChe,#QuellaVoltaChe,quellavoltache,word,\bquellavoltache\b,Support / Adjacent,Support,Italian #MeToo-era testimony hashtag. Translation/Gloss: That time when.
Holy See (Vatican City State),molestie sessuali,molestie sessuali,molestie sessuali,word,\bmolestie\ sessuali\b,Support / Search Term,Support,Italian publication/search keyword. Translation/Gloss: sexual harassment.
Honduras,#Cuéntalo,#Cuéntalo,cuéntalo,substr,,Support / Adjacent,Support,Spanish testimony hashtag associated especially with Spain and the La Manada reckoning; useful across Spanish-language searches. Translation/Gloss: Tell it / tell your story.
Honduras,#HimToo,#HimToo,himtoo,word,\bhimtoo\b,Backlash / Counter,Backlash,Major counter-/backlash hashtag that recast #MeToo through false-accusation or accused-men-as-victims narratives; included as a global backlash search term. Translation/Gloss: Him too.
Honduras,#MeToo,#MeToo,metoo,word,\bmetoo\b,Support / Global,Support,Baseline global #MeToo hashtag; included for every country/territory as the common cross-border search term. Translation/Gloss: Me too.
Honduras,#NiUnaMenos,#NiUnaMenos,niunamenos,word,\bniunamenos\b,Support / Adjacent,Support,Latin American movement against femicide and violence against women; often overlaps with #MeToo-adjacent activism. Translation/Gloss: Not one woman less.
Honduras,#NiUnaMenos / femicidio,femicidio,femicidio,word,\bfemicidio\b,Support,Support,Regional frame; no distinct national tag documented.
Honduras,#YoSíTeCreo,#YoSíTeCreo,yosítecreo,substr,,Support / Solidarity,Support,Spanish solidarity tag/phrase used around sexual-violence testimony and belief of survivors. Translation/Gloss: I do believe you.
Honduras,#YoTambién,#YoTambién,yotambién,substr,,Support / Translation,Support,Spanish-language equivalent of #MeToo; documented in global/regional lists. Translation/Gloss: Me too.
Honduras,acoso sexual,acoso sexual,acoso sexual,word,\bacoso\ sexual\b,Support / Search Term,Support,Spanish publication/search keyword. Translation/Gloss: sexual harassment.
Hong Kong,#BelieveWomen,#BelieveWomen,believewomen,word,\bbelievewomen\b,Support / Solidarity,Support,Survivor-belief and anti-victim-blaming phrase used in #MeToo-related discourse. Translation/Gloss: Believe women.
Hong Kong,#HimToo,#HimToo,himtoo,word,\bhimtoo\b,Backlash / Counter,Backlash,Major counter-/backlash hashtag that recast #MeToo through false-accusation or accused-men-as-victims narratives; included as a global backlash search term. Translation/Gloss: Him too.
Hong Kong,#MeToo,#MeToo,metoo,word,\bmetoo\b,Support / Global,Support,Baseline global #MeToo hashtag; included for every country/territory as the common cross-border search term. Translation/Gloss: Me too.
Hong Kong,#ProtestToo,#ProtestToo,protesttoo,word,\bprotesttoo\b,Support / Adjacent,Support,Hong Kong: #MeToo converged with 2019 pro-democracy protests and evolved into #ProtestToo against alleged sexual violence/police abuse. Translation/Gloss: Protest Too.
Hong Kong,#RiceBunny,#RiceBunny,ricebunny,word,\bricebunny\b,Support / Censorship Workaround,Support,English transliteration/hashtag version of the Chinese coded #MeToo phrase. Translation/Gloss: Rice bunny / MeToo homophone.
Hong Kong,#TimesUp,#TimesUp,timesup,word,\btimesup\b,Support / Solidarity,Support,Transnational accountability and anti-harassment hashtag frequently paired with #MeToo. Translation/Gloss: Time is up.
Hong Kong,#我也是,#我也是,我也是,substr,,Support / Translation,Support,Chinese #MeToo equivalent. Translation/Gloss: Me too.
Hong Kong,sexual harassment,sexual harassment,sexual harassment,word,\bsexual\ harassment\b,Support / Search Term,Support,English search keyword for #MeToo-related social-media and publication searches. Translation/Gloss: sexual harassment.
Hong Kong,violence against women,violence against women,violence against women,word,\bviolence\ against\ women\b,Support / Search Term,Support,English search keyword for adjacent #MeToo and gender-based violence coverage. Translation/Gloss: violence against women.
Hong Kong,呂麗瑤 (Vera Lui) / #MeTooHK,呂麗瑤 (Vera Lui),呂麗瑤 (vera lui),substr,,Support,Support,Nov 2017: hurdler Vera Lui Lai-yiu disclosed childhood abuse by a coach on Facebook - Hong Kong's MeToo trigger.
Hong Kong,呂麗瑤 (Vera Lui) / #MeTooHK,#MeTooHK,metoohk,word,\bmetoohk\b,Support,Support,Nov 2017: hurdler Vera Lui Lai-yiu disclosed childhood abuse by a coach on Facebook - Hong Kong's MeToo trigger.
Hong Kong,性骚扰,性骚扰,性骚扰,substr,,Support / Search Term,Support,Chinese publication/search keyword. Translation/Gloss: sexual harassment.
Hungary,#HimToo,#HimToo,himtoo,word,\bhimtoo\b,Backlash / Counter,Backlash,Major counter-/backlash hashtag that recast #MeToo through false-accusation or accused-men-as-victims narratives; included as a global backlash search term. Translation/Gloss: Him too.
Hungary,#MeToo,#MeToo,metoo,word,\bmetoo\b,Support / Global,Support,Baseline global #MeToo hashtag; included for every country/territory as the common cross-border search term. Translation/Gloss: Me too.
Hungary,#ÉnIs,#ÉnIs,énis,substr,,Support / Translation,Support,Hungarian equivalent of #MeToo. Translation/Gloss: Me too.
Hungary,Marton László,Marton László,marton lászló,substr,,Support / Trigger Case,Support,Oct 2017: several women accused Vígszínház director László Marton of harassment - Hungary's main MeToo case; generic #MeToo otherwise.
Hungary,genderideológia,genderideológia,genderideológia,substr,,Backlash,Backlash,Government/pro-government media frame casting MeToo and gender-equality advocacy as foreign 'gender ideology'.
Hungary,szexuális zaklatás,szexuális zaklatás,szexuális zaklatás,substr,,Support / Search Term,Support,Hungarian publication/search keyword. Translation/Gloss: sexual harassment.
Iceland,#HimToo,#HimToo,himtoo,word,\bhimtoo\b,Backlash / Counter,Backlash,Major counter-/backlash hashtag that recast #MeToo through false-accusation or accused-men-as-victims narratives; included as a global backlash search term. Translation/Gloss: Him too.
Iceland,#MeToo,#MeToo,metoo,word,\bmetoo\b,Support / Global,Support,Baseline global #MeToo hashtag; included for every country/territory as the common cross-border search term. Translation/Gloss: Me too.
Iceland,#MeToo (sectoral declarations),#MeToo (sectoral declarations),metoo (sectoral declarations),word,\bmetoo\ \(sectoral\ declarations\)\b,Support,Support,"Jan 2018: hundreds of women (politicians, doctors, actresses etc.) published sector-by-sector testimony declarations modeled on Sweden."
Iceland,KSÍ scandal (2021 second wave),KSÍ scandal (2021 second wave),ksí scandal (2021 second wave),substr,,Support,Support,2021 second wave: abuse allegations around national-team footballers led the football association (KSÍ) board to resign; renewed testimonial flood.
India,#AblaNaariSyndrome,#AblaNaariSyndrome,ablanaarisyndrome,word,\bablanaarisyndrome\b,Backlash,Backlash,Mocking women who are seen as playing the victim.
India,#FalseCaseDay,#FalseCaseDay,falsecaseday,word,\bfalsecaseday\b,Backlash,Backlash,Used by Men's Rights Activists to highlight what they claim to be false accusations.
India,#HimToo,#HimToo,himtoo,word,\bhimtoo\b,Backlash / Counter,Backlash,Major counter-/backlash hashtag that recast #MeToo through false-accusation or accused-men-as-victims narratives; included as a global backlash search term. Translation/Gloss: Him too.
India,#IWillGoOut,#IWillGoOut,iwillgoout,word,\biwillgoout\b,Support / Adjacent,Support,India: protests against public sexual harassment and victim-blaming after high-profile New Year's incidents. Translation/Gloss: I will go out.
India,#LoSHA,#LoSHA,losha,word,\blosha\b,Support / Adjacent,Support,Crowdsourced list that shaped pre-/parallel #MeToo debates in Indian academia. Translation/Gloss: List of Sexual Harassers in Academia.
India,#MeAt14,#MeAt14,meat14,word,\bmeat14\b,Support,Support,Women sharing ages they were first harassed.
India,#MeToo,#MeToo,metoo,word,\bmetoo\b,Support / Global,Support,Baseline global #MeToo hashtag; included for every country/territory as the common cross-border search term. Translation/Gloss: Me too.
India,#MeTooIndia,#MeTooIndia,metooindia,word,\bmetooindia\b,Support / Localized,Support,"India: 2018 wave catalyzed by Tanushree Dutta's allegations against Nana Patekar and widened to media, politics, entertainment, and academia. Translation/Gloss: MeToo India."
India,#MenToo,#MenToo,mentoo,word,\bmentoo\b,Backlash,Backlash,Pushed heavily by men's rights activists (MRAs) in India to highlight alleged false accusations and demand legal protections for men.
India,#मैंभी,#मैंभी,मैंभी,substr,,Support / Translation,Support,Hindi equivalent of #MeToo. Translation/Gloss: Me too.
India,MJ Akbar / Priya Ramani,MJ Akbar,mj akbar,word,\bmj\ akbar\b,Support / Case + Backlash / Legal,Support,Akbar sued journalist Priya Ramani for criminal defamation - she was acquitted Feb 2021 (landmark judgment: right to speak out).
India,MJ Akbar / Priya Ramani,Priya Ramani,priya ramani,word,\bpriya\ ramani\b,Support / Case + Backlash / Legal,Support,Akbar sued journalist Priya Ramani for criminal defamation - she was acquitted Feb 2021 (landmark judgment: right to speak out).
India,Nirbhaya / #PinjraTod,Nirbhaya,nirbhaya,word,\bnirbhaya\b,Support / Precursor,Support,2012 Delhi gang rape (Nirbhaya) as foundational reference; Pinjra Tod campus movement against restrictive hostel rules.
India,Nirbhaya / #PinjraTod,#PinjraTod,pinjratod,word,\bpinjratod\b,Support / Precursor,Support,2012 Delhi gang rape (Nirbhaya) as foundational reference; Pinjra Tod campus movement against restrictive hostel rules.
India,यौन उत्पीड़न,यौन उत्पीड़न,यौन उत्पीड़न,substr,,Support / Search Term,Support,Hindi publication/search keyword. Translation/Gloss: sexual harassment.
Indonesia,#HimToo,#HimToo,himtoo,word,\bhimtoo\b,Backlash / Counter,Backlash,Major counter-/backlash hashtag that recast #MeToo through false-accusation or accused-men-as-victims narratives; included as a global backlash search term. Translation/Gloss: Him too.
Indonesia,#KitaAgni,#KitaAgni,kitaagni,word,\bkitaagni\b,Support,Support,Sparked when Gadjah Mada University prioritized protecting the institution's reputation over seeking justice for a female student (pseudonym Agni) who was sexually assaulted.
Indonesia,#MeToo,#MeToo,metoo,word,\bmetoo\b,Support / Global,Support,Baseline global #MeToo hashtag; included for every country/territory as the common cross-border search term. Translation/Gloss: Me too.
Indonesia,#MulaiBicara,#MulaiBicara,mulaibicara,word,\bmulaibicara\b,Support / Adjacent,Support,Southeast Asian #MeToo-adjacent phrase for beginning to speak about harassment/violence. Translation/Gloss: Start speaking.
Indonesia,#NamaBaikKampus,#NamaBaikKampus,namabaikkampus,word,\bnamabaikkampus\b,Support,Support,Sarcastic hashtag criticizing universities that hide sexual assault to protect their campus reputation.
Indonesia,#PercumaLaporPolisi,#PercumaLaporPolisi,percumalaporpolisi,word,\bpercumalaporpolisi\b,Support / Institutional Critique,Support,"'No use reporting to the police', Oct 2021, after police dismissed an abuse case."
Indonesia,#SahkanRUUPKS / UU TPKS,#SahkanRUUPKS,sahkanruupks,word,\bsahkanruupks\b,Support,Support,"Campaign to pass the Sexual Violence Eradication Bill (passed as UU TPKS, Apr 2022)."
Indonesia,#SahkanRUUPKS / UU TPKS,UU TPKS,uu tpks,word,\buu\ tpks\b,Support,Support,"Campaign to pass the Sexual Violence Eradication Bill (passed as UU TPKS, Apr 2022)."
Indonesia,#SayaJuga,#SayaJuga,sayajuga,word,\bsayajuga\b,Support / Translation / Localized,Support,Malay/Indonesian equivalent and local #MeToo-inspired hashtag. Translation/Gloss: Me too.
Indonesia,Baiq Nuril / #SaveIbuNuril,Baiq Nuril,baiq nuril,word,\bbaiq\ nuril\b,Support / Case,Support,Teacher criminalized under ITE law for recording her harasser; presidential amnesty 2019.
Indonesia,Baiq Nuril / #SaveIbuNuril,#SaveIbuNuril,saveibunuril,word,\bsaveibunuril\b,Support / Case,Support,Teacher criminalized under ITE law for recording her harasser; presidential amnesty 2019.
Indonesia,RUU Pro-Zina framing,RUU Pro-Zina framing,ruu pro-zina framing,word,\bruu\ pro\-zina\ framing\b,Backlash,Backlash,Conservative framing of the sexual-violence bill as legalizing adultery ('pro-zina'); plus pervasive victim-blaming ('pakaian korban').
Indonesia,pelecehan seksual,pelecehan seksual,pelecehan seksual,word,\bpelecehan\ seksual\b,Support / Search Term,Support,Indonesian/Malay publication/search keyword. Translation/Gloss: sexual harassment.
Iran,#HimToo,#HimToo,himtoo,word,\bhimtoo\b,Backlash / Counter,Backlash,Major counter-/backlash hashtag that recast #MeToo through false-accusation or accused-men-as-victims narratives; included as a global backlash search term. Translation/Gloss: Him too.
Iran,#MeToo,#MeToo,metoo,word,\bmetoo\b,Support / Global,Support,Baseline global #MeToo hashtag; included for every country/territory as the common cross-border search term. Translation/Gloss: Me too.
Iran,#من_هم,#من_هم,من_هم,substr,,Support / Translation,Support,Iran: Persian #MeToo discourse emerged around allegations against prominent figures including Aydin Aghdashloo and Keivan Emamverdi. Translation/Gloss: Me too.
Iran,#من_هم (man ham),#من_هم (man ham),من_هم (man ham),substr,,Support,Support,"Aug 2020 Iranian MeToo: dozens accused Keyvan Emamverdi of rape (arrested, sentenced); allegations also against artist Aydin Aghdashloo."
Iran,#مهسا_امینی / زن زندگی آزادی,#مهسا_امینی,مهسا_امینی,substr,,Support / Broader Women's Uprising,Support,"Sept 2022 death of Mahsa Amini in morality-police custody; 'Woman, Life, Freedom' movement - broader than MeToo but core to women's-rights coverage."
Iran,#مهسا_امینی / زن زندگی آزادی,زن زندگی آزادی,زن زندگی آزادی,substr,,Support / Broader Women's Uprising,Support,"Sept 2022 death of Mahsa Amini in morality-police custody; 'Woman, Life, Freedom' movement - broader than MeToo but core to women's-rights coverage."
Iran,state repression / Western plot framing,state repression,state repression,word,\bstate\ repression\b,Backlash,Backlash,State frames women's campaigns as foreign-orchestrated; arrests of complainants and activists.
Iran,state repression / Western plot framing,Western plot framing,western plot framing,word,\bwestern\ plot\ framing\b,Backlash,Backlash,State frames women's campaigns as foreign-orchestrated; arrests of complainants and activists.
Iran,آزار_جنسی,آزار_جنسی,آزار_جنسی,substr,,Support / Search Term,Support,Persian/Dari publication/search keyword. Translation/Gloss: sexual harassment/sexual abuse.
Iraq,#HimToo,#HimToo,himtoo,word,\bhimtoo\b,Backlash / Counter,Backlash,Major counter-/backlash hashtag that recast #MeToo through false-accusation or accused-men-as-victims narratives; included as a global backlash search term. Translation/Gloss: Him too.
Iraq,#MeToo,#MeToo,metoo,word,\bmetoo\b,Support / Global,Support,Baseline global #MeToo hashtag; included for every country/territory as the common cross-border search term. Translation/Gloss: Me too.
Iraq,#MosqueMeToo,#MosqueMeToo,mosquemetoo,word,\bmosquemetoo\b,Support / Adjacent,Support,"Hashtag for Muslim women's accounts of harassment/abuse during Hajj, in mosques, or in religious spaces. Translation/Gloss: MeToo in mosque/Hajj contexts."
Iraq,#أنا_أيضا,#أنا_أيضا,أنا_أيضا,substr,,Support / Translation,Support,Formal Arabic equivalent of #MeToo. Translation/Gloss: Me too / I also.
Iraq,#أنا_كمان,#أنا_كمان,أنا_كمان,substr,,Support / Translation,Support,Arabic #MeToo counterpart used across Arabic-speaking social media. Translation/Gloss: Me too.
Iraq,التحرش_الجنسي,التحرش_الجنسي,التحرش_الجنسي,substr,,Support / Search Term,Support,Arabic publication/search keyword. Translation/Gloss: sexual harassment.
Iraq,العنف_ضد_المرأة,العنف_ضد_المرأة,العنف_ضد_المرأة,substr,,Support / Search Term,Support,Arabic publication/search keyword. Translation/Gloss: violence against women.
Iraq,تحرش / قتل الشرف,تحرش,تحرش,substr,,Support / Generic / Context,Support,"No sustained hashtag movement; honor-killing cases periodically trend (e.g., Tiba al-Ali, 2023)."
Iraq,تحرش / قتل الشرف,قتل الشرف,قتل الشرف,substr,,Support / Generic / Context,Support,"No sustained hashtag movement; honor-killing cases periodically trend (e.g., Tiba al-Ali, 2023)."
Ireland,#BelieveWomen,#BelieveWomen,believewomen,word,\bbelievewomen\b,Support / Solidarity,Support,Survivor-belief and anti-victim-blaming phrase used in #MeToo-related discourse. Translation/Gloss: Believe women.
Ireland,#HimToo,#HimToo,himtoo,word,\bhimtoo\b,Backlash / Counter,Backlash,Major counter-/backlash hashtag that recast #MeToo through false-accusation or accused-men-as-victims narratives; included as a global backlash search term. Translation/Gloss: Him too.
Ireland,#IBelieveHer,#IBelieveHer,ibelieveher,word,\bibelieveher\b,Support,Support,"Mar 2018: acquittals in the Belfast rugby rape trial (Paddy Jackson, Stuart Olding) triggered mass protests across Ireland - the defining Irish/NI MeToo moment."
Ireland,#MeToo,#MeToo,metoo,word,\bmetoo\b,Support / Global,Support,Baseline global #MeToo hashtag; included for every country/territory as the common cross-border search term. Translation/Gloss: Me too.
Ireland,#ThisIsNotConsent,#ThisIsNotConsent,thisisnotconsent,word,\bthisisnotconsent\b,Support,Support,"Nov 2018 Cork trial where a teenager's thong was cited by the defense; protests, underwear displayed in the Dáil."
Ireland,#TimesUp,#TimesUp,timesup,word,\btimesup\b,Support / Solidarity,Support,Transnational accountability and anti-harassment hashtag frequently paired with #MeToo. Translation/Gloss: Time is up.
Ireland,sexual harassment,sexual harassment,sexual harassment,word,\bsexual\ harassment\b,Support / Search Term,Support,English search keyword for #MeToo-related social-media and publication searches. Translation/Gloss: sexual harassment.
Ireland,violence against women,violence against women,violence against women,word,\bviolence\ against\ women\b,Support / Search Term,Support,English search keyword for adjacent #MeToo and gender-based violence coverage. Translation/Gloss: violence against women.
Isle of Man,#HimToo,#HimToo,himtoo,word,\bhimtoo\b,Backlash / Counter,Backlash,Major counter-/backlash hashtag that recast #MeToo through false-accusation or accused-men-as-victims narratives; included as a global backlash search term. Translation/Gloss: Him too.
Isle of Man,#MeToo,#MeToo,metoo,word,\bmetoo\b,Support / Global,Support,Baseline global #MeToo hashtag; included for every country/territory as the common cross-border search term. Translation/Gloss: Me too.
Israel,#HimToo,#HimToo,himtoo,word,\bhimtoo\b,Backlash / Counter,Backlash,Major counter-/backlash hashtag that recast #MeToo through false-accusation or accused-men-as-victims narratives; included as a global backlash search term. Translation/Gloss: Him too.
Israel,#HowIWillChange,#HowIWillChange,howiwillchange,word,\bhowiwillchange\b,Support / Ally Accountability,Support,Israeli-linked ally/accountability tag reported alongside #MeToo coverage. Translation/Gloss: How I will change.
Israel,#MeToo,#MeToo,metoo,word,\bmetoo\b,Support / Global,Support,Baseline global #MeToo hashtag; included for every country/territory as the common cross-border search term. Translation/Gloss: Me too.
Israel,#גם_אני (GamAni),#גם_אני (GamAni),גם_אני (gamani),substr,,Support,Support,"Hebrew 'me too', Oct 2017."
Israel,#גםאנחנו,#גםאנחנו,גםאנחנו,substr,,Support / Translation,Support,Hebrew #MeToo equivalent used in Israel. Translation/Gloss: Us too / we too.
Israel,Alon Kastiel / Moshe Katsav,Alon Kastiel,alon kastiel,word,\balon\ kastiel\b,Support / Cases,Support,"Kastiel (2016 exposé, convicted) as precursor; ex-president Katsav's 2010 rape conviction as historical reference."
Israel,Alon Kastiel / Moshe Katsav,Moshe Katsav,moshe katsav,word,\bmoshe\ katsav\b,Support / Cases,Support,"Kastiel (2016 exposé, convicted) as precursor; ex-president Katsav's 2010 rape conviction as historical reference."
Israel,אחת מתוך אחת (One of One),אחת מתוך אחת (One of One),אחת מתוך אחת (one of one),substr,,Support,Support,2020 protest movement after the Eilat hotel gang rape of a 16-year-old; 'one of one' = every woman.
Israel,הטרדה מינית,הטרדה מינית,הטרדה מינית,substr,,Support / Search Term,Support,Hebrew publication/search keyword. Translation/Gloss: sexual harassment.
Italy,#HimToo,#HimToo,himtoo,word,\bhimtoo\b,Backlash / Counter,Backlash,Major counter-/backlash hashtag that recast #MeToo through false-accusation or accused-men-as-victims narratives; included as a global backlash search term. Translation/Gloss: Him too.
Italy,#IoAnche,#IoAnche,ioanche,word,\bioanche\b,Support / Translation,Support,Italian equivalent of #MeToo. Translation/Gloss: Me too.
Italy,#MeToo,#MeToo,metoo,word,\bmetoo\b,Support / Global,Support,Baseline global #MeToo hashtag; included for every country/territory as the common cross-border search term. Translation/Gloss: Me too.
Italy,#NonUnaDiMeno,#NonUnaDiMeno,nonunadimeno,word,\bnonunadimeno\b,Support,Support,"'Not one (woman) less' - Italian branch of Ni Una Menos, from 2016."
Italy,#QuellaVoltaChe,#QuellaVoltaChe,quellavoltache,word,\bquellavoltache\b,Support,Support,"Started by writer Giulia Blasi just before the Weinstein scandal broke, asking women to share specific memories of harassment without needing to name the abuser."
Italy,Asia Argento,Asia Argento,asia argento,word,\basia\ argento\b,Support / Then Contested,Support,Accused Weinstein Oct 2017 and faced fierce Italian media hostility; 2018 Jimmy Bennett allegations against her complicated the narrative.
Italy,molestie sessuali,molestie sessuali,molestie sessuali,word,\bmolestie\ sessuali\b,Support / Search Term,Support,Italian publication/search keyword. Translation/Gloss: sexual harassment.
Italy,se l'è cercata / caccia alle streghe,se l'è cercata,se l'è cercata,substr,,Backlash,Backlash,'She asked for it' victim-blaming and 'witch hunt' frames dominant in Italian backlash commentary.
Italy,se l'è cercata / caccia alle streghe,caccia alle streghe,caccia alle streghe,word,\bcaccia\ alle\ streghe\b,Backlash,Backlash,'She asked for it' victim-blaming and 'witch hunt' frames dominant in Italian backlash commentary.
Jamaica,#BelieveWomen,#BelieveWomen,believewomen,word,\bbelievewomen\b,Support / Solidarity,Support,Survivor-belief and anti-victim-blaming phrase used in #MeToo-related discourse. Translation/Gloss: Believe women.
Jamaica,#HimToo,#HimToo,himtoo,word,\bhimtoo\b,Backlash / Counter,Backlash,Major counter-/backlash hashtag that recast #MeToo through false-accusation or accused-men-as-victims narratives; included as a global backlash search term. Translation/Gloss: Him too.
Jamaica,#LifeInLeggings,#LifeInLeggings,lifeinleggings,word,\blifeinleggings\b,Support,Support,Regional tag also used in Jamaica.
Jamaica,#MeToo,#MeToo,metoo,word,\bmetoo\b,Support / Global,Support,Baseline global #MeToo hashtag; included for every country/territory as the common cross-border search term. Translation/Gloss: Me too.
Jamaica,#TambourineArmy / #SayTheirNames,#TambourineArmy,tambourinearmy,word,\btambourinearmy\b,Support,Support,Feb 2017 survivor-led movement after a Moravian pastor was caught with a 15-year-old; co-founder Latoya Nugent arrested under the Cybercrimes Act for naming abusers (legal backlash).
Jamaica,#TambourineArmy / #SayTheirNames,#SayTheirNames,saytheirnames,word,\bsaytheirnames\b,Support,Support,Feb 2017 survivor-led movement after a Moravian pastor was caught with a 15-year-old; co-founder Latoya Nugent arrested under the Cybercrimes Act for naming abusers (legal backlash).
Jamaica,#TimesUp,#TimesUp,timesup,word,\btimesup\b,Support / Solidarity,Support,Transnational accountability and anti-harassment hashtag frequently paired with #MeToo. Translation/Gloss: Time is up.
Jamaica,sexual harassment,sexual harassment,sexual harassment,word,\bsexual\ harassment\b,Support / Search Term,Support,English search keyword for #MeToo-related social-media and publication searches. Translation/Gloss: sexual harassment.
Jamaica,violence against women,violence against women,violence against women,word,\bviolence\ against\ women\b,Support / Search Term,Support,English search keyword for adjacent #MeToo and gender-based violence coverage. Translation/Gloss: violence against women.
Japan,#HimToo,#HimToo,himtoo,word,\bhimtoo\b,Backlash / Counter,Backlash,Major counter-/backlash hashtag that recast #MeToo through false-accusation or accused-men-as-victims narratives; included as a global backlash search term. Translation/Gloss: Him too.
Japan,#KuToo,#KuToo,kutoo,word,\bkutoo\b,Support,Support,"Initiated by Yumi Ishikawa. A play on words for shoes (kutsu), pain (kutsuu), and #MeToo; protested Japanese corporate codes forcing women to wear high heels."
Japan,#MeToo,#MeToo,metoo,word,\bmetoo\b,Support / Global,Support,Baseline global #MeToo hashtag; included for every country/territory as the common cross-border search term. Translation/Gloss: Me too.
Japan,#WeToo,#WeToo,wetoo,word,\bwetoo\b,Support / Solidarity,Support,Japan-localized solidarity hashtag used alongside #MeToo. Translation/Gloss: We too.
Japan,#WeToo / #WithYou,#WithYou,withyou,word,\bwithyou\b,Support,Support,Coined to broaden solidarity where #MeToo uptake was low due to stigma.
Japan,#フラワーデモ,#フラワーデモ,フラワーデモ,substr,,Support / Adjacent,Support,Japan: monthly demonstrations against sexual violence after controversial acquittals; uses #metoo/#withyou framing. Translation/Gloss: Flower Demo.
Japan,セクハラ,セクハラ,セクハラ,substr,,Support / Search Term,Support,Common Japanese abbreviation for sexual harassment.
Japan,フラワーデモ (Flower Demo),フラワーデモ (Flower Demo),フラワーデモ (flower demo),substr,,Support,Support,Monthly demonstrations from Apr 2019 after a cluster of rape acquittals (incl. Nagoya father case); flowers as symbol.
Japan,伊藤詩織 (Shiori Ito),伊藤詩織 (Shiori Ito),伊藤詩織 (shiori ito),substr,,Support / Face Of Movement,Support,2017: went public accusing journalist Noriyuki Yamaguchi of rape after prosecutors dropped the case; won civil suit Dec 2019; endured intense online abuse (bashing = backlash keyword).
Japan,杉田水脈 (Sugita Mio),杉田水脈 (Sugita Mio),杉田水脈 (sugita mio),substr,,Backlash,Backlash,LDP MP who mocked Ito and claimed women 'lie' about assault - emblematic backlash figure.
Japan,財務省セクハラ / セクハラ,財務省セクハラ,財務省セクハラ,substr,,Support / Case / Generic,Support,Apr 2018: Finance Ministry vice-minister Junichi Fukuda resigned over harassment of a TV Asahi reporter; 'sekuhara' is the standard term.
Jersey,#HimToo,#HimToo,himtoo,word,\bhimtoo\b,Backlash / Counter,Backlash,Major counter-/backlash hashtag that recast #MeToo through false-accusation or accused-men-as-victims narratives; included as a global backlash search term. Translation/Gloss: Him too.
Jersey,#MeToo,#MeToo,metoo,word,\bmetoo\b,Support / Global,Support,Baseline global #MeToo hashtag; included for every country/territory as the common cross-border search term. Translation/Gloss: Me too.
Jordan,#HimToo,#HimToo,himtoo,word,\bhimtoo\b,Backlash / Counter,Backlash,Major counter-/backlash hashtag that recast #MeToo through false-accusation or accused-men-as-victims narratives; included as a global backlash search term. Translation/Gloss: Him too.
Jordan,#MeToo,#MeToo,metoo,word,\bmetoo\b,Support / Global,Support,Baseline global #MeToo hashtag; included for every country/territory as the common cross-border search term. Translation/Gloss: Me too.
Jordan,#MosqueMeToo,#MosqueMeToo,mosquemetoo,word,\bmosquemetoo\b,Support / Adjacent,Support,"Hashtag for Muslim women's accounts of harassment/abuse during Hajj, in mosques, or in religious spaces. Translation/Gloss: MeToo in mosque/Hajj contexts."
Jordan,#أنا_أيضا,#أنا_أيضا,أنا_أيضا,substr,,Support / Translation,Support,Formal Arabic equivalent of #MeToo. Translation/Gloss: Me too / I also.
Jordan,#أنا_كمان,#أنا_كمان,أنا_كمان,substr,,Support / Translation,Support,Arabic #MeToo counterpart used across Arabic-speaking social media. Translation/Gloss: Me too.
Jordan,التحرش_الجنسي,التحرش_الجنسي,التحرش_الجنسي,substr,,Support / Search Term,Support,Arabic publication/search keyword. Translation/Gloss: sexual harassment.
Jordan,العنف_ضد_المرأة,العنف_ضد_المرأة,العنف_ضد_المرأة,substr,,Support / Search Term,Support,Arabic publication/search keyword. Translation/Gloss: violence against women.
Jordan,صرخة أحلام (Ahlam case),صرخة أحلام (Ahlam case),صرخة أحلام (ahlam case),substr,,Support / Outrage Case,Support,July 2020: 'Ahlam' killed by her father in an honor crime; her screams were heard by neighbors - protests outside parliament demanding protection laws.
Kazakhstan,#HimToo,#HimToo,himtoo,word,\bhimtoo\b,Backlash / Counter,Backlash,Major counter-/backlash hashtag that recast #MeToo through false-accusation or accused-men-as-victims narratives; included as a global backlash search term. Translation/Gloss: Him too.
Kazakhstan,#MeToo,#MeToo,metoo,word,\bmetoo\b,Support / Global,Support,Baseline global #MeToo hashtag; included for every country/territory as the common cross-border search term. Translation/Gloss: Me too.
Kazakhstan,#НеМолчи,#НеМолчи,немолчи,substr,,Support,Support,NeMolchi (Don't be silent). Aimed at breaking the regional Central Asian taboo ('uyat' or shame) that prevents victims from reporting domestic abuse and rape to the police.
Kazakhstan,#ЯБоюсьМужчин,#ЯБоюсьМужчин,ябоюсьмужчин,substr,,Support / Adjacent,Support,"Russian feminist hashtag against male violence/femicide, reported alongside #MeToo-adjacent campaigns. Translation/Gloss: I fear men."
Kazakhstan,#ЯНеБоюсьСказать,#ЯНеБоюсьСказать,янебоюсьсказать,substr,,Support / Adjacent,Support,Russian-language version of the Ukraine/Russia anti-sexual-violence flashmob precursor to #MeToo. Translation/Gloss: I am not afraid to say.
Kazakhstan,#ЯТоже,#ЯТоже,ятоже,substr,,Support / Translation,Support,Russian #MeToo equivalent/search term. Translation/Gloss: Me too.
Kazakhstan,сексуальные домогательства,сексуальные домогательства,сексуальные домогательства,substr,,Support / Search Term,Support,Russian publication/search keyword. Translation/Gloss: sexual harassment.
Kenya,#BelieveWomen,#BelieveWomen,believewomen,word,\bbelievewomen\b,Support / Solidarity,Support,Survivor-belief and anti-victim-blaming phrase used in #MeToo-related discourse. Translation/Gloss: Believe women.
Kenya,#EndFemicideKE / #TotalShutDownKE,#EndFemicideKE,endfemicideke,word,\bendfemicideke\b,Support,Support,Jan 2024 nationwide marches after a spate of femicides (Starlet Wahu case et al.).
Kenya,#EndFemicideKE / #TotalShutDownKE,#TotalShutDownKE,totalshutdownke,word,\btotalshutdownke\b,Support,Support,Jan 2024 nationwide marches after a spate of femicides (Starlet Wahu case et al.).
Kenya,#HimToo,#HimToo,himtoo,word,\bhimtoo\b,Backlash / Counter,Backlash,Major counter-/backlash hashtag that recast #MeToo through false-accusation or accused-men-as-victims narratives; included as a global backlash search term. Translation/Gloss: Him too.
Kenya,#JusticeForLiz,#JusticeForLiz,justiceforliz,word,\bjusticeforliz\b,Support,Support,2013 campaign after gang-rape perpetrators were 'punished' by cutting grass.
Kenya,#MeToo,#MeToo,metoo,word,\bmetoo\b,Support / Global,Support,Baseline global #MeToo hashtag; included for every country/territory as the common cross-border search term. Translation/Gloss: Me too.
Kenya,#MyDressMyChoice,#MyDressMyChoice,mydressmychoice,word,\bmydressmychoice\b,Support,Support,Nov 2014 protests after women were stripped at bus stops for 'indecent' dress.
Kenya,#TimesUp,#TimesUp,timesup,word,\btimesup\b,Support / Solidarity,Support,Transnational accountability and anti-harassment hashtag frequently paired with #MeToo. Translation/Gloss: Time is up.
Kenya,sexual harassment,sexual harassment,sexual harassment,word,\bsexual\ harassment\b,Support / Search Term,Support,English search keyword for #MeToo-related social-media and publication searches. Translation/Gloss: sexual harassment.
Kenya,ukatili dhidi ya wanawake,ukatili dhidi ya wanawake,ukatili dhidi ya wanawake,word,\bukatili\ dhidi\ ya\ wanawake\b,Support / Search Term,Support,Swahili search keyword. Translation/Gloss: violence against women.
Kenya,unyanyasaji wa kijinsia,unyanyasaji wa kijinsia,unyanyasaji wa kijinsia,word,\bunyanyasaji\ wa\ kijinsia\b,Support / Search Term,Support,Swahili search keyword used across East/Central African contexts. Translation/Gloss: gender/sexual harassment.
Kenya,violence against women,violence against women,violence against women,word,\bviolence\ against\ women\b,Support / Search Term,Support,English search keyword for adjacent #MeToo and gender-based violence coverage. Translation/Gloss: violence against women.
Kiribati,#HimToo,#HimToo,himtoo,word,\bhimtoo\b,Backlash / Counter,Backlash,Major counter-/backlash hashtag that recast #MeToo through false-accusation or accused-men-as-victims narratives; included as a global backlash search term. Translation/Gloss: Him too.
Kiribati,#MeToo,#MeToo,metoo,word,\bmetoo\b,Support / Global,Support,Baseline global #MeToo hashtag; included for every country/territory as the common cross-border search term. Translation/Gloss: Me too.
Kosovo,#EdheUnë,#EdheUnë,edheunë,substr,,Support / Translation,Support,Albanian equivalent of #MeToo. Translation/Gloss: Me too.
Kosovo,#HimToo,#HimToo,himtoo,word,\bhimtoo\b,Backlash / Counter,Backlash,Major counter-/backlash hashtag that recast #MeToo through false-accusation or accused-men-as-victims narratives; included as a global backlash search term. Translation/Gloss: Him too.
Kosovo,#MeToo,#MeToo,metoo,word,\bmetoo\b,Support / Global,Support,Baseline global #MeToo hashtag; included for every country/territory as the common cross-border search term. Translation/Gloss: Me too.
Kosovo,#NisamTražila,#NisamTražila,nisamtražila,substr,,Support / Adjacent,Support,Western Balkan survivor-support initiative responding to sexual violence disclosures. Translation/Gloss: I didn't ask for it.
Kosovo,#nisamprijavila,#nisamprijavila,nisamprijavila,word,\bnisamprijavila\b,Support / Adjacent,Support,Western Balkan hashtag where women recounted sexual abuse/harassment and barriers to reporting. Translation/Gloss: I did not report.
Kosovo,ngacmim seksual,ngacmim seksual,ngacmim seksual,word,\bngacmim\ seksual\b,Support / Search Term,Support,Albanian publication/search keyword. Translation/Gloss: sexual harassment.
Kosovo,seksualno uznemiravanje,seksualno uznemiravanje,seksualno uznemiravanje,word,\bseksualno\ uznemiravanje\b,Support / Search Term,Support,Bosnian/Croatian/Serbian search keyword. Translation/Gloss: sexual harassment.
Kuwait,#HimToo,#HimToo,himtoo,word,\bhimtoo\b,Backlash / Counter,Backlash,Major counter-/backlash hashtag that recast #MeToo through false-accusation or accused-men-as-victims narratives; included as a global backlash search term. Translation/Gloss: Him too.
Kuwait,#MeToo,#MeToo,metoo,word,\bmetoo\b,Support / Global,Support,Baseline global #MeToo hashtag; included for every country/territory as the common cross-border search term. Translation/Gloss: Me too.
Kuwait,#MosqueMeToo,#MosqueMeToo,mosquemetoo,word,\bmosquemetoo\b,Support / Adjacent,Support,"Hashtag for Muslim women's accounts of harassment/abuse during Hajj, in mosques, or in religious spaces. Translation/Gloss: MeToo in mosque/Hajj contexts."
Kuwait,#أنا_أيضا,#أنا_أيضا,أنا_أيضا,substr,,Support / Translation,Support,Formal Arabic equivalent of #MeToo. Translation/Gloss: Me too / I also.
Kuwait,#أنا_كمان,#أنا_كمان,أنا_كمان,substr,,Support / Translation,Support,Arabic #MeToo counterpart used across Arabic-speaking social media. Translation/Gloss: Me too.
Kuwait,#لن_اسكت (Lan Asket),#لن_اسكت (Lan Asket),لن_اسكت (lan asket),substr,,Support,Support,"'I will not be silent', Feb 2021, sparked by influencer Ascia al-Faraj's viral video on harassment - Kuwait's MeToo; the Apr 2021 murder of Farah Akbar (after she reported her stalker) intensified it."
Kuwait,التحرش_الجنسي,التحرش_الجنسي,التحرش_الجنسي,substr,,Support / Search Term,Support,Arabic publication/search keyword. Translation/Gloss: sexual harassment.
Kuwait,العنف_ضد_المرأة,العنف_ضد_المرأة,العنف_ضد_المرأة,substr,,Support / Search Term,Support,Arabic publication/search keyword. Translation/Gloss: violence against women.
Kyrgyzstan,#HimToo,#HimToo,himtoo,word,\bhimtoo\b,Backlash / Counter,Backlash,Major counter-/backlash hashtag that recast #MeToo through false-accusation or accused-men-as-victims narratives; included as a global backlash search term. Translation/Gloss: Him too.
Kyrgyzstan,#MeToo,#MeToo,metoo,word,\bmetoo\b,Support / Global,Support,Baseline global #MeToo hashtag; included for every country/territory as the common cross-border search term. Translation/Gloss: Me too.
Kyrgyzstan,#ЯБоюсьМужчин,#ЯБоюсьМужчин,ябоюсьмужчин,substr,,Support / Adjacent,Support,"Russian feminist hashtag against male violence/femicide, reported alongside #MeToo-adjacent campaigns. Translation/Gloss: I fear men."
Kyrgyzstan,#ЯНеБоюсьСказать,#ЯНеБоюсьСказать,янебоюсьсказать,substr,,Support / Adjacent,Support,Russian-language version of the Ukraine/Russia anti-sexual-violence flashmob precursor to #MeToo. Translation/Gloss: I am not afraid to say.
Kyrgyzstan,#ЯТоже,#ЯТоже,ятоже,substr,,Support / Translation,Support,Russian #MeToo equivalent/search term. Translation/Gloss: Me too.
Kyrgyzstan,ala kachuu (bride kidnapping),ala kachuu (bride kidnapping),ala kachuu (bride kidnapping),word,\bala\ kachuu\ \(bride\ kidnapping\)\b,Support / Context,Support,"Deaths of Burulai Turdaaly kyzy (2018, killed inside a police station) and Aizada Kanatbekova (2021) sparked protests; 2020 March 8 women's march attacked while police detained the marchers."
Kyrgyzstan,сексуальные домогательства,сексуальные домогательства,сексуальные домогательства,substr,,Support / Search Term,Support,Russian publication/search keyword. Translation/Gloss: sexual harassment.
Laos,#HimToo,#HimToo,himtoo,word,\bhimtoo\b,Backlash / Counter,Backlash,Major counter-/backlash hashtag that recast #MeToo through false-accusation or accused-men-as-victims narratives; included as a global backlash search term. Translation/Gloss: Him too.
Laos,#MeToo,#MeToo,metoo,word,\bmetoo\b,Support / Global,Support,Baseline global #MeToo hashtag; included for every country/territory as the common cross-border search term. Translation/Gloss: Me too.
Laos,sexual harassment (generic),sexual harassment,sexual harassment,word,\bsexual\ harassment\b,Support / Generic Term,Support,No documented movement.
Laos,ການລ່ວງລະເມີດທາງເພດ,ການລ່ວງລະເມີດທາງເພດ,ການລ່ວງລະເມີດທາງເພດ,substr,,Support / Search Term,Support,Lao publication/search keyword. Translation/Gloss: sexual harassment.
Latvia,#HimToo,#HimToo,himtoo,word,\bhimtoo\b,Backlash / Counter,Backlash,Major counter-/backlash hashtag that recast #MeToo through false-accusation or accused-men-as-victims narratives; included as a global backlash search term. Translation/Gloss: Him too.
Latvia,#MeToo,#MeToo,metoo,word,\bmetoo\b,Support / Global,Support,Baseline global #MeToo hashtag; included for every country/territory as the common cross-border search term. Translation/Gloss: Me too.
Latvia,seksuālā uzmākšanās,seksuālā uzmākšanās,seksuālā uzmākšanās,substr,,Support / Generic Term,Support,No distinct national wave documented.
Lebanon,#HimToo,#HimToo,himtoo,word,\bhimtoo\b,Backlash / Counter,Backlash,Major counter-/backlash hashtag that recast #MeToo through false-accusation or accused-men-as-victims narratives; included as a global backlash search term. Translation/Gloss: Him too.
Lebanon,#MeToo,#MeToo,metoo,word,\bmetoo\b,Support / Global,Support,Baseline global #MeToo hashtag; included for every country/territory as the common cross-border search term. Translation/Gloss: Me too.
Lebanon,#Mesh_Basita,#Mesh_Basita,mesh_basita,word,\bmesh_basita\b,Support / Adjacent,Support,Lebanon: national campaign that sparked debate on anti-sexual-harassment protections and Law No. 205. Native script: #مش_بسيطة. Translation/Gloss: Not okay / not simple.
Lebanon,#MosqueMeToo,#MosqueMeToo,mosquemetoo,word,\bmosquemetoo\b,Support / Adjacent,Support,"Hashtag for Muslim women's accounts of harassment/abuse during Hajj, in mosques, or in religious spaces. Translation/Gloss: MeToo in mosque/Hajj contexts."
Lebanon,#أنا_أيضا,#أنا_أيضا,أنا_أيضا,substr,,Support / Translation,Support,Formal Arabic equivalent of #MeToo. Translation/Gloss: Me too / I also.
Lebanon,#أنا_كمان,#أنا_كمان,أنا_كمان,substr,,Support / Translation,Support,Arabic #MeToo counterpart used across Arabic-speaking social media. Translation/Gloss: Me too.
Lebanon,Marwan Habib,Marwan Habib,marwan habib,word,\bmarwan\ habib\b,Support / Case,Support,Serial harasser publicly exposed by dozens of women (2019-21; later arrested in Miami) - Lebanon's most visible MeToo thread; NGO KAFA central to GBV coverage.
Lebanon,التحرش_الجنسي,التحرش_الجنسي,التحرش_الجنسي,substr,,Support / Search Term,Support,Arabic publication/search keyword. Translation/Gloss: sexual harassment.
Lebanon,العنف_ضد_المرأة,العنف_ضد_المرأة,العنف_ضد_المرأة,substr,,Support / Search Term,Support,Arabic publication/search keyword. Translation/Gloss: violence against women.
Lebanon,تحرش (Lebanon 2020 wave),تحرش (Lebanon 2020 wave),تحرش (lebanon 2020 wave),substr,,Support,Support,Mid-2020 social-media wave of naming abusers paralleling Egypt's; largely account-driven rather than one hashtag.
Lesotho,#BelieveWomen,#BelieveWomen,believewomen,word,\bbelievewomen\b,Support / Solidarity,Support,Survivor-belief and anti-victim-blaming phrase used in #MeToo-related discourse. Translation/Gloss: Believe women.
Lesotho,#HimToo,#HimToo,himtoo,word,\bhimtoo\b,Backlash / Counter,Backlash,Major counter-/backlash hashtag that recast #MeToo through false-accusation or accused-men-as-victims narratives; included as a global backlash search term. Translation/Gloss: Him too.
Lesotho,#MeToo,#MeToo,metoo,word,\bmetoo\b,Support / Global,Support,Baseline global #MeToo hashtag; included for every country/territory as the common cross-border search term. Translation/Gloss: Me too.
Lesotho,#TimesUp,#TimesUp,timesup,word,\btimesup\b,Support / Solidarity,Support,Transnational accountability and anti-harassment hashtag frequently paired with #MeToo. Translation/Gloss: Time is up.
Lesotho,sexual harassment,sexual harassment,sexual harassment,word,\bsexual\ harassment\b,Support / Search Term,Support,English search keyword for #MeToo-related social-media and publication searches. Translation/Gloss: sexual harassment.
Lesotho,violence against women,violence against women,violence against women,word,\bviolence\ against\ women\b,Support / Search Term,Support,English search keyword for adjacent #MeToo and gender-based violence coverage. Translation/Gloss: violence against women.
Liberia,#BelieveWomen,#BelieveWomen,believewomen,word,\bbelievewomen\b,Support / Solidarity,Support,Survivor-belief and anti-victim-blaming phrase used in #MeToo-related discourse. Translation/Gloss: Believe women.
Liberia,#HimToo,#HimToo,himtoo,word,\bhimtoo\b,Backlash / Counter,Backlash,Major counter-/backlash hashtag that recast #MeToo through false-accusation or accused-men-as-victims narratives; included as a global backlash search term. Translation/Gloss: Him too.
Liberia,#MeToo,#MeToo,metoo,word,\bmetoo\b,Support / Global,Support,Baseline global #MeToo hashtag; included for every country/territory as the common cross-border search term. Translation/Gloss: Me too.
Liberia,#TimesUp,#TimesUp,timesup,word,\btimesup\b,Support / Solidarity,Support,Transnational accountability and anti-harassment hashtag frequently paired with #MeToo. Translation/Gloss: Time is up.
Liberia,More Than Me,More Than Me,more than me,word,\bmore\ than\ me\b,Support / Exposure,Support,2018 ProPublica/Time investigation into abuse at the More Than Me charity school.
Liberia,anti-rape protests 2020,anti-rape protests 2020,anti-rape protests 2020,word,\banti\-rape\ protests\ 2020\b,Support,Support,Aug-Sep 2020 mass protests over rape surge; President Weah declared rape a national emergency.
Liberia,sexual harassment,sexual harassment,sexual harassment,word,\bsexual\ harassment\b,Support / Search Term,Support,English search keyword for #MeToo-related social-media and publication searches. Translation/Gloss: sexual harassment.
Liberia,violence against women,violence against women,violence against women,word,\bviolence\ against\ women\b,Support / Search Term,Support,English search keyword for adjacent #MeToo and gender-based violence coverage. Translation/Gloss: violence against women.
Libya,#HimToo,#HimToo,himtoo,word,\bhimtoo\b,Backlash / Counter,Backlash,Major counter-/backlash hashtag that recast #MeToo through false-accusation or accused-men-as-victims narratives; included as a global backlash search term. Translation/Gloss: Him too.
Libya,#MeToo,#MeToo,metoo,word,\bmetoo\b,Support / Global,Support,Baseline global #MeToo hashtag; included for every country/territory as the common cross-border search term. Translation/Gloss: Me too.
Libya,#MosqueMeToo,#MosqueMeToo,mosquemetoo,word,\bmosquemetoo\b,Support / Adjacent,Support,"Hashtag for Muslim women's accounts of harassment/abuse during Hajj, in mosques, or in religious spaces. Translation/Gloss: MeToo in mosque/Hajj contexts."
Libya,#أنا_أيضا,#أنا_أيضا,أنا_أيضا,substr,,Support / Translation,Support,Formal Arabic equivalent of #MeToo. Translation/Gloss: Me too / I also.
Libya,#أنا_كمان,#أنا_كمان,أنا_كمان,substr,,Support / Translation,Support,Arabic #MeToo counterpart used across Arabic-speaking social media. Translation/Gloss: Me too.
Libya,التحرش_الجنسي,التحرش_الجنسي,التحرش_الجنسي,substr,,Support / Search Term,Support,Arabic publication/search keyword. Translation/Gloss: sexual harassment.
Libya,العنف_ضد_المرأة,العنف_ضد_المرأة,العنف_ضد_المرأة,substr,,Support / Search Term,Support,Arabic publication/search keyword. Translation/Gloss: violence against women.
Liechtenstein,#HimToo,#HimToo,himtoo,word,\bhimtoo\b,Backlash / Counter,Backlash,Major counter-/backlash hashtag that recast #MeToo through false-accusation or accused-men-as-victims narratives; included as a global backlash search term. Translation/Gloss: Him too.
Liechtenstein,#IchAuch,#IchAuch,ichauch,word,\bichauch\b,Support / Translation,Support,German equivalent of #MeToo. Translation/Gloss: Me too.
Liechtenstein,#MeToo,#MeToo,metoo,word,\bmetoo\b,Support / Global,Support,Baseline global #MeToo hashtag; included for every country/territory as the common cross-border search term. Translation/Gloss: Me too.
Liechtenstein,#aufschrei,#aufschrei,aufschrei,word,\baufschrei\b,Support / Adjacent,Support,German anti-sexism hashtag predating and overlapping #MeToo themes. Translation/Gloss: Outcry.
Liechtenstein,sexuelle Belästigung,sexuelle Belästigung,sexuelle belästigung,substr,,Support / Search Term,Support,German publication/search keyword. Translation/Gloss: sexual harassment.
Lithuania,#HimToo,#HimToo,himtoo,word,\bhimtoo\b,Backlash / Counter,Backlash,Major counter-/backlash hashtag that recast #MeToo through false-accusation or accused-men-as-victims narratives; included as a global backlash search term. Translation/Gloss: Him too.
Lithuania,#MeToo,#MeToo,metoo,word,\bmetoo\b,Support / Global,Support,Baseline global #MeToo hashtag; included for every country/territory as the common cross-border search term. Translation/Gloss: Me too.
Lithuania,Šarūnas Bartas,Šarūnas Bartas,šarūnas bartas,substr,,Support / Trigger Case,Support,Nov 2017: film director accused by several women - Lithuania's MeToo trigger (also MP Kęstutis Pūkas harassment case 2017).
Luxembourg,#BalanceTonPorc,#BalanceTonPorc,balancetonporc,word,\bbalancetonporc\b,Support / Adjacent,Support,French #MeToo-era hashtag for naming or denouncing perpetrators; also provoked public backlash debates. Translation/Gloss: Expose/denounce your pig.
Luxembourg,#HimToo,#HimToo,himtoo,word,\bhimtoo\b,Backlash / Counter,Backlash,Major counter-/backlash hashtag that recast #MeToo through false-accusation or accused-men-as-victims narratives; included as a global backlash search term. Translation/Gloss: Him too.
Luxembourg,#IchAuch,#IchAuch,ichauch,word,\bichauch\b,Support / Translation,Support,German equivalent of #MeToo. Translation/Gloss: Me too.
Luxembourg,#MeToo,#MeToo,metoo,word,\bmetoo\b,Support / Global,Support,Baseline global #MeToo hashtag; included for every country/territory as the common cross-border search term. Translation/Gloss: Me too.
Luxembourg,#MoiAussi,#MoiAussi,moiaussi,word,\bmoiaussi\b,Support / Translation,Support,"French-language equivalent of #MeToo, documented in Canada/Francophone coverage. Translation/Gloss: Me too."
Luxembourg,#NousToutes,#NousToutes,noustoutes,word,\bnoustoutes\b,Support / Adjacent,Support,French feminist collective/hashtag after #MeToo and #BalanceTonPorc focused on violence against women. Translation/Gloss: All of us women.
Luxembourg,#aufschrei,#aufschrei,aufschrei,word,\baufschrei\b,Support / Adjacent,Support,German anti-sexism hashtag predating and overlapping #MeToo themes. Translation/Gloss: Outcry.
Luxembourg,harcèlement sexuel,harcèlement sexuel,harcèlement sexuel,substr,,Support / Search Term,Support,French publication/search keyword. Translation/Gloss: sexual harassment.
Luxembourg,sexuelle Belästigung,sexuelle Belästigung,sexuelle belästigung,substr,,Support / Search Term,Support,German publication/search keyword. Translation/Gloss: sexual harassment.
Macau,#ChegaDeFiuFiu,#ChegaDeFiuFiu,chegadefiufiu,word,\bchegadefiufiu\b,Support / Adjacent,Support,Brazil-origin anti-street-harassment campaign; relevant for Portuguese-language searches. Translation/Gloss: Enough with catcalling.
Macau,#EuTambém,#EuTambém,eutambém,substr,,Support / Translation,Support,Portuguese equivalent of #MeToo. Translation/Gloss: Me too.
Macau,#HimToo,#HimToo,himtoo,word,\bhimtoo\b,Backlash / Counter,Backlash,Major counter-/backlash hashtag that recast #MeToo through false-accusation or accused-men-as-victims narratives; included as a global backlash search term. Translation/Gloss: Him too.
Macau,#MeToo,#MeToo,metoo,word,\bmetoo\b,Support / Global,Support,Baseline global #MeToo hashtag; included for every country/territory as the common cross-border search term. Translation/Gloss: Me too.
Macau,#PrimeiroAssédio,#PrimeiroAssédio,primeiroassédio,substr,,Support / Adjacent,Support,Brazil-origin hashtag where women shared first harassment experiences. Translation/Gloss: First harassment.
Macau,#RiceBunny,#RiceBunny,ricebunny,word,\bricebunny\b,Support / Censorship Workaround,Support,English transliteration/hashtag version of the Chinese coded #MeToo phrase. Translation/Gloss: Rice bunny / MeToo homophone.
Macau,#我也是,#我也是,我也是,substr,,Support / Translation,Support,Chinese #MeToo equivalent. Translation/Gloss: Me too.
Macau,assédio sexual,assédio sexual,assédio sexual,substr,,Support / Search Term,Support,Portuguese publication/search keyword. Translation/Gloss: sexual harassment.
Macau,性骚扰,性骚扰,性骚扰,substr,,Support / Search Term,Support,Chinese publication/search keyword. Translation/Gloss: sexual harassment.
Madagascar,#BalanceTonPorc,#BalanceTonPorc,balancetonporc,word,\bbalancetonporc\b,Support / Adjacent,Support,French #MeToo-era hashtag for naming or denouncing perpetrators; also provoked public backlash debates. Translation/Gloss: Expose/denounce your pig.
Madagascar,#HimToo,#HimToo,himtoo,word,\bhimtoo\b,Backlash / Counter,Backlash,Major counter-/backlash hashtag that recast #MeToo through false-accusation or accused-men-as-victims narratives; included as a global backlash search term. Translation/Gloss: Him too.
Madagascar,#MeToo,#MeToo,metoo,word,\bmetoo\b,Support / Global,Support,Baseline global #MeToo hashtag; included for every country/territory as the common cross-border search term. Translation/Gloss: Me too.
Madagascar,#MoiAussi,#MoiAussi,moiaussi,word,\bmoiaussi\b,Support / Translation,Support,"French-language equivalent of #MeToo, documented in Canada/Francophone coverage. Translation/Gloss: Me too."
Madagascar,#NousToutes,#NousToutes,noustoutes,word,\bnoustoutes\b,Support / Adjacent,Support,French feminist collective/hashtag after #MeToo and #BalanceTonPorc focused on violence against women. Translation/Gloss: All of us women.
Madagascar,#ZaKoa,#ZaKoa,zakoa,word,\bzakoa\b,Support / Translation / Localized,Support,Malagasy #MeToo title/keyword associated with Hary Rabary's feminist novel and discussion of rape/harassment in Madagascar. Translation/Gloss: Me too.
Madagascar,harcèlement sexuel,harcèlement sexuel,harcèlement sexuel,substr,,Support / Search Term,Support,French publication/search keyword. Translation/Gloss: sexual harassment.
Malawi,#BelieveWomen,#BelieveWomen,believewomen,word,\bbelievewomen\b,Support / Solidarity,Support,Survivor-belief and anti-victim-blaming phrase used in #MeToo-related discourse. Translation/Gloss: Believe women.
Malawi,#HimToo,#HimToo,himtoo,word,\bhimtoo\b,Backlash / Counter,Backlash,Major counter-/backlash hashtag that recast #MeToo through false-accusation or accused-men-as-victims narratives; included as a global backlash search term. Translation/Gloss: Him too.
Malawi,#MeToo,#MeToo,metoo,word,\bmetoo\b,Support / Global,Support,Baseline global #MeToo hashtag; included for every country/territory as the common cross-border search term. Translation/Gloss: Me too.
Malawi,#TimesUp,#TimesUp,timesup,word,\btimesup\b,Support / Solidarity,Support,Transnational accountability and anti-harassment hashtag frequently paired with #MeToo. Translation/Gloss: Time is up.
Malawi,sexual harassment,sexual harassment,sexual harassment,word,\bsexual\ harassment\b,Support / Search Term,Support,English search keyword for #MeToo-related social-media and publication searches. Translation/Gloss: sexual harassment.
Malawi,violence against women,violence against women,violence against women,word,\bviolence\ against\ women\b,Support / Search Term,Support,English search keyword for adjacent #MeToo and gender-based violence coverage. Translation/Gloss: violence against women.
Malaysia,#HimToo,#HimToo,himtoo,word,\bhimtoo\b,Backlash / Counter,Backlash,Major counter-/backlash hashtag that recast #MeToo through false-accusation or accused-men-as-victims narratives; included as a global backlash search term. Translation/Gloss: Him too.
Malaysia,#MakeSchoolASaferPlace,#MakeSchoolASaferPlace,makeschoolasaferplace,word,\bmakeschoolasaferplace\b,Support,Support,"Apr 2021: 17-year-old Ain Husniza exposed a teacher's rape joke on TikTok; faced police report and lawsuit threats (backlash), sparking national debate on school sexual culture."
Malaysia,#MeToo,#MeToo,metoo,word,\bmetoo\b,Support / Global,Support,Baseline global #MeToo hashtag; included for every country/territory as the common cross-border search term. Translation/Gloss: Me too.
Malaysia,#MulaiBicara,#MulaiBicara,mulaibicara,word,\bmulaibicara\b,Support / Adjacent,Support,Southeast Asian #MeToo-adjacent phrase for beginning to speak about harassment/violence. Translation/Gloss: Start speaking.
Malaysia,#SayaJuga,#SayaJuga,sayajuga,word,\bsayajuga\b,Support / Translation / Localized,Support,Malay/Indonesian equivalent and local #MeToo-inspired hashtag. Translation/Gloss: Me too.
Malaysia,gangguan seksual,gangguan seksual,gangguan seksual,word,\bgangguan\ seksual\b,Support / Generic Term,Support,Recall term; AWAM is the key NGO; Anti-Sexual Harassment Act passed 2022.
Malaysia,pelecehan seksual,pelecehan seksual,pelecehan seksual,word,\bpelecehan\ seksual\b,Support / Search Term,Support,Indonesian/Malay publication/search keyword. Translation/Gloss: sexual harassment.
Maldives,#HimToo,#HimToo,himtoo,word,\bhimtoo\b,Backlash / Counter,Backlash,Major counter-/backlash hashtag that recast #MeToo through false-accusation or accused-men-as-victims narratives; included as a global backlash search term. Translation/Gloss: Him too.
Maldives,#MeToo,#MeToo,metoo,word,\bmetoo\b,Support / Global,Support,Baseline global #MeToo hashtag; included for every country/territory as the common cross-border search term. Translation/Gloss: Me too.
Mali,#BalanceTonPorc,#BalanceTonPorc,balancetonporc,word,\bbalancetonporc\b,Support / Adjacent,Support,French #MeToo-era hashtag for naming or denouncing perpetrators; also provoked public backlash debates. Translation/Gloss: Expose/denounce your pig.
Mali,#HimToo,#HimToo,himtoo,word,\bhimtoo\b,Backlash / Counter,Backlash,Major counter-/backlash hashtag that recast #MeToo through false-accusation or accused-men-as-victims narratives; included as a global backlash search term. Translation/Gloss: Him too.
Mali,#MeToo,#MeToo,metoo,word,\bmetoo\b,Support / Global,Support,Baseline global #MeToo hashtag; included for every country/territory as the common cross-border search term. Translation/Gloss: Me too.
Mali,#MoiAussi,#MoiAussi,moiaussi,word,\bmoiaussi\b,Support / Translation,Support,"French-language equivalent of #MeToo, documented in Canada/Francophone coverage. Translation/Gloss: Me too."
Mali,#NousToutes,#NousToutes,noustoutes,word,\bnoustoutes\b,Support / Adjacent,Support,French feminist collective/hashtag after #MeToo and #BalanceTonPorc focused on violence against women. Translation/Gloss: All of us women.
Mali,harcèlement sexuel,harcèlement sexuel,harcèlement sexuel,substr,,Support / Search Term,Support,French publication/search keyword. Translation/Gloss: sexual harassment.
Malta,#BelieveWomen,#BelieveWomen,believewomen,word,\bbelievewomen\b,Support / Solidarity,Support,Survivor-belief and anti-victim-blaming phrase used in #MeToo-related discourse. Translation/Gloss: Believe women.
Malta,#HimToo,#HimToo,himtoo,word,\bhimtoo\b,Backlash / Counter,Backlash,Major counter-/backlash hashtag that recast #MeToo through false-accusation or accused-men-as-victims narratives; included as a global backlash search term. Translation/Gloss: Him too.
Malta,#MeToo,#MeToo,metoo,word,\bmetoo\b,Support / Global,Support,Baseline global #MeToo hashtag; included for every country/territory as the common cross-border search term. Translation/Gloss: Me too.
Malta,#TimesUp,#TimesUp,timesup,word,\btimesup\b,Support / Solidarity,Support,Transnational accountability and anti-harassment hashtag frequently paired with #MeToo. Translation/Gloss: Time is up.
Malta,sexual harassment,sexual harassment,sexual harassment,word,\bsexual\ harassment\b,Support / Search Term,Support,English search keyword for #MeToo-related social-media and publication searches. Translation/Gloss: sexual harassment.
Malta,violence against women,violence against women,violence against women,word,\bviolence\ against\ women\b,Support / Search Term,Support,English search keyword for adjacent #MeToo and gender-based violence coverage. Translation/Gloss: violence against women.
Marshall Islands,#HimToo,#HimToo,himtoo,word,\bhimtoo\b,Backlash / Counter,Backlash,Major counter-/backlash hashtag that recast #MeToo through false-accusation or accused-men-as-victims narratives; included as a global backlash search term. Translation/Gloss: Him too.
Marshall Islands,#MeToo,#MeToo,metoo,word,\bmetoo\b,Support / Global,Support,Baseline global #MeToo hashtag; included for every country/territory as the common cross-border search term. Translation/Gloss: Me too.
Martinique,#BalanceTonPorc,#BalanceTonPorc,balancetonporc,word,\bbalancetonporc\b,Support / Adjacent,Support,French #MeToo-era hashtag for naming or denouncing perpetrators; also provoked public backlash debates. Translation/Gloss: Expose/denounce your pig.
Martinique,#HimToo,#HimToo,himtoo,word,\bhimtoo\b,Backlash / Counter,Backlash,Major counter-/backlash hashtag that recast #MeToo through false-accusation or accused-men-as-victims narratives; included as a global backlash search term. Translation/Gloss: Him too.
Martinique,#MeToo,#MeToo,metoo,word,\bmetoo\b,Support / Global,Support,Baseline global #MeToo hashtag; included for every country/territory as the common cross-border search term. Translation/Gloss: Me too.
Martinique,#MoiAussi,#MoiAussi,moiaussi,word,\bmoiaussi\b,Support / Translation,Support,"French-language equivalent of #MeToo, documented in Canada/Francophone coverage. Translation/Gloss: Me too."
Martinique,#NousToutes,#NousToutes,noustoutes,word,\bnoustoutes\b,Support / Adjacent,Support,French feminist collective/hashtag after #MeToo and #BalanceTonPorc focused on violence against women. Translation/Gloss: All of us women.
Martinique,harcèlement sexuel,harcèlement sexuel,harcèlement sexuel,substr,,Support / Search Term,Support,French publication/search keyword. Translation/Gloss: sexual harassment.
Mauritania,#BalanceTonPorc,#BalanceTonPorc,balancetonporc,word,\bbalancetonporc\b,Support / Adjacent,Support,French #MeToo-era hashtag for naming or denouncing perpetrators; also provoked public backlash debates. Translation/Gloss: Expose/denounce your pig.
Mauritania,#HimToo,#HimToo,himtoo,word,\bhimtoo\b,Backlash / Counter,Backlash,Major counter-/backlash hashtag that recast #MeToo through false-accusation or accused-men-as-victims narratives; included as a global backlash search term. Translation/Gloss: Him too.
Mauritania,#MeToo,#MeToo,metoo,word,\bmetoo\b,Support / Global,Support,Baseline global #MeToo hashtag; included for every country/territory as the common cross-border search term. Translation/Gloss: Me too.
Mauritania,#MoiAussi,#MoiAussi,moiaussi,word,\bmoiaussi\b,Support / Translation,Support,"French-language equivalent of #MeToo, documented in Canada/Francophone coverage. Translation/Gloss: Me too."
Mauritania,#MosqueMeToo,#MosqueMeToo,mosquemetoo,word,\bmosquemetoo\b,Support / Adjacent,Support,"Hashtag for Muslim women's accounts of harassment/abuse during Hajj, in mosques, or in religious spaces. Translation/Gloss: MeToo in mosque/Hajj contexts."
Mauritania,#NousToutes,#NousToutes,noustoutes,word,\bnoustoutes\b,Support / Adjacent,Support,French feminist collective/hashtag after #MeToo and #BalanceTonPorc focused on violence against women. Translation/Gloss: All of us women.
Mauritania,#أنا_أيضا,#أنا_أيضا,أنا_أيضا,substr,,Support / Translation,Support,Formal Arabic equivalent of #MeToo. Translation/Gloss: Me too / I also.
Mauritania,#أنا_كمان,#أنا_كمان,أنا_كمان,substr,,Support / Translation,Support,Arabic #MeToo counterpart used across Arabic-speaking social media. Translation/Gloss: Me too.
Mauritania,harcèlement sexuel,harcèlement sexuel,harcèlement sexuel,substr,,Support / Search Term,Support,French publication/search keyword. Translation/Gloss: sexual harassment.
Mauritania,التحرش_الجنسي,التحرش_الجنسي,التحرش_الجنسي,substr,,Support / Search Term,Support,Arabic publication/search keyword. Translation/Gloss: sexual harassment.
Mauritania,العنف_ضد_المرأة,العنف_ضد_المرأة,العنف_ضد_المرأة,substr,,Support / Search Term,Support,Arabic publication/search keyword. Translation/Gloss: violence against women.
Mauritania,تحرش / harcèlement,تحرش,تحرش,substr,,Support / Generic Term,Support,No documented movement.
Mauritania,تحرش / harcèlement,harcèlement,harcèlement,substr,,Support / Generic Term,Support,No documented movement.
Mauritius,#BalanceTonPorc,#BalanceTonPorc,balancetonporc,word,\bbalancetonporc\b,Support / Adjacent,Support,French #MeToo-era hashtag for naming or denouncing perpetrators; also provoked public backlash debates. Translation/Gloss: Expose/denounce your pig.
Mauritius,#BelieveWomen,#BelieveWomen,believewomen,word,\bbelievewomen\b,Support / Solidarity,Support,Survivor-belief and anti-victim-blaming phrase used in #MeToo-related discourse. Translation/Gloss: Believe women.
Mauritius,#HimToo,#HimToo,himtoo,word,\bhimtoo\b,Backlash / Counter,Backlash,Major counter-/backlash hashtag that recast #MeToo through false-accusation or accused-men-as-victims narratives; included as a global backlash search term. Translation/Gloss: Him too.
Mauritius,#MeToo,#MeToo,metoo,word,\bmetoo\b,Support / Global,Support,Baseline global #MeToo hashtag; included for every country/territory as the common cross-border search term. Translation/Gloss: Me too.
Mauritius,#MoiAussi,#MoiAussi,moiaussi,word,\bmoiaussi\b,Support / Translation,Support,"French-language equivalent of #MeToo, documented in Canada/Francophone coverage. Translation/Gloss: Me too."
Mauritius,#NousToutes,#NousToutes,noustoutes,word,\bnoustoutes\b,Support / Adjacent,Support,French feminist collective/hashtag after #MeToo and #BalanceTonPorc focused on violence against women. Translation/Gloss: All of us women.
Mauritius,#TimesUp,#TimesUp,timesup,word,\btimesup\b,Support / Solidarity,Support,Transnational accountability and anti-harassment hashtag frequently paired with #MeToo. Translation/Gloss: Time is up.
Mauritius,harcèlement sexuel,harcèlement sexuel,harcèlement sexuel,substr,,Support / Search Term,Support,French publication/search keyword. Translation/Gloss: sexual harassment.
Mauritius,sexual harassment,sexual harassment,sexual harassment,word,\bsexual\ harassment\b,Support / Search Term,Support,English search keyword for #MeToo-related social-media and publication searches. Translation/Gloss: sexual harassment.
Mauritius,violence against women,violence against women,violence against women,word,\bviolence\ against\ women\b,Support / Search Term,Support,English search keyword for adjacent #MeToo and gender-based violence coverage. Translation/Gloss: violence against women.
Mayotte,#BalanceTonPorc,#BalanceTonPorc,balancetonporc,word,\bbalancetonporc\b,Support / Adjacent,Support,French #MeToo-era hashtag for naming or denouncing perpetrators; also provoked public backlash debates. Translation/Gloss: Expose/denounce your pig.
Mayotte,#HimToo,#HimToo,himtoo,word,\bhimtoo\b,Backlash / Counter,Backlash,Major counter-/backlash hashtag that recast #MeToo through false-accusation or accused-men-as-victims narratives; included as a global backlash search term. Translation/Gloss: Him too.
Mayotte,#MeToo,#MeToo,metoo,word,\bmetoo\b,Support / Global,Support,Baseline global #MeToo hashtag; included for every country/territory as the common cross-border search term. Translation/Gloss: Me too.
Mayotte,#MoiAussi,#MoiAussi,moiaussi,word,\bmoiaussi\b,Support / Translation,Support,"French-language equivalent of #MeToo, documented in Canada/Francophone coverage. Translation/Gloss: Me too."
Mayotte,#NousToutes,#NousToutes,noustoutes,word,\bnoustoutes\b,Support / Adjacent,Support,French feminist collective/hashtag after #MeToo and #BalanceTonPorc focused on violence against women. Translation/Gloss: All of us women.
Mayotte,harcèlement sexuel,harcèlement sexuel,harcèlement sexuel,substr,,Support / Search Term,Support,French publication/search keyword. Translation/Gloss: sexual harassment.
Mexico,#Cuéntalo,#Cuéntalo,cuéntalo,substr,,Support / Adjacent,Support,Spanish testimony hashtag associated especially with Spain and the La Manada reckoning; useful across Spanish-language searches. Translation/Gloss: Tell it / tell your story.
Mexico,#HimToo,#HimToo,himtoo,word,\bhimtoo\b,Backlash / Counter,Backlash,Major counter-/backlash hashtag that recast #MeToo through false-accusation or accused-men-as-victims narratives; included as a global backlash search term. Translation/Gloss: Him too.
Mexico,#MeToo,#MeToo,metoo,word,\bmetoo\b,Support / Global,Support,Baseline global #MeToo hashtag; included for every country/territory as the common cross-border search term. Translation/Gloss: Me too.
Mexico,#MeTooAcadémicosMx,#MeTooAcadémicosMx,metooacadémicosmx,substr,,Support / Sectoral,Support,Mexico: academic-sector hashtag used in the 2019 Mexican #MeToo wave. Translation/Gloss: MeToo Mexican academics.
Mexico,#MeTooCineMexicano,#MeTooCineMexicano,metoocinemexicano,word,\bmetoocinemexicano\b,Support / Sectoral,Support,Mexico: film-sector hashtag in the broader Mexican #MeToo cascade. Translation/Gloss: MeToo Mexican cinema.
Mexico,#MeTooEscritoresMexicanos,#MeTooEscritoresMexicanos,metooescritoresmexicanos,word,\bmetooescritoresmexicanos\b,Support / Sectoral,Support,Mexico: literary-sector disclosures sparked a cascade of sectoral #MeToo hashtags. Translation/Gloss: MeToo Mexican writers.
Mexico,#MeTooEscritoresMexicanos (+ sectoral #MeTooMx),#MeTooEscritoresMexicanos (+ sectoral #MeTooMx),metooescritoresmexicanos (+ sectoral #metoomx),word,\bmetooescritoresmexicanos\ \(\+\ sectoral\ \#metoomx\)\b,Support,Support,"Mar 2019 sectoral wave (writers, journalists, academics, film). Musician Armando Vega Gil died by suicide after an anonymous accusation - became the flashpoint for backlash against anonymous naming."
Mexico,#MeTooMX,#MeTooMX,metoomx,word,\bmetoomx\b,Support,Support,"Took hold through industry-specific splinter accounts, focusing heavily on exposing abusers in journalism, literature, and the arts."
Mexico,#MeTooPeriodistasMexicanos,#MeTooPeriodistasMexicanos,metooperiodistasmexicanos,word,\bmetooperiodistasmexicanos\b,Support / Sectoral,Support,Mexico: journalism-sector disclosures followed the literary-sector #MeToo wave. Translation/Gloss: MeToo Mexican journalists.
Mexico,#MiPrimerAcoso,#MiPrimerAcoso,miprimeracoso,word,\bmiprimeracoso\b,Support,Support,"'My first harassment', Apr 2016, launched after the assault on journalist Andrea Noel - major precursor."
Mexico,#MujeresJuntasMarabunta,#MujeresJuntasMarabunta,mujeresjuntasmarabunta,word,\bmujeresjuntasmarabunta\b,Support / Adjacent,Support,Mexico: collective announced after #MeTooEscritoresMexicanos to confront machista violence in cultural fields. Translation/Gloss: Women together / swarm.
Mexico,#NiUnaMenos,#NiUnaMenos,niunamenos,word,\bniunamenos\b,Support / Adjacent,Support,Latin American movement against femicide and violence against women; often overlaps with #MeToo-adjacent activism. Translation/Gloss: Not one woman less.
Mexico,#NoMeCuidanMeViolan,#NoMeCuidanMeViolan,nomecuidanmeviolan,word,\bnomecuidanmeviolan\b,Support,Support,"'They don't protect me, they rape me', Aug 2019 glitter protests after police rape allegations in CDMX."
Mexico,#SiMeMatan,#SiMeMatan,simematan,word,\bsimematan\b,Support,Support,"'If they kill me', May 2017, after authorities victim-blamed murdered student Lesvy Berlín Rivera."
Mexico,#UnDiaSinNosotras,#UnDiaSinNosotras,undiasinnosotras,word,\bundiasinnosotras\b,Support,Support,"Mar 9 2020 national women's strike after femicides (Ingrid Escamilla, Fátima)."
Mexico,#YoSíTeCreo,#YoSíTeCreo,yosítecreo,substr,,Support / Solidarity,Support,Spanish solidarity tag/phrase used around sexual-violence testimony and belief of survivors. Translation/Gloss: I do believe you.
Mexico,#YoTambién,#YoTambién,yotambién,substr,,Support / Translation,Support,Spanish-language equivalent of #MeToo; documented in global/regional lists. Translation/Gloss: Me too.
Mexico,AMLO vs feministas / denuncias anónimas,AMLO vs feministas,amlo vs feministas,word,\bamlo\ vs\ feministas\b,Backlash,Backlash,President López Obrador's dismissals of feminist protests plus post-Vega Gil criticism of anonymous accusations form the main backlash discourse.
Mexico,AMLO vs feministas / denuncias anónimas,denuncias anónimas,denuncias anónimas,substr,,Backlash,Backlash,President López Obrador's dismissals of feminist protests plus post-Vega Gil criticism of anonymous accusations form the main backlash discourse.
Mexico,acoso sexual,acoso sexual,acoso sexual,word,\bacoso\ sexual\b,Support / Search Term,Support,Spanish publication/search keyword. Translation/Gloss: sexual harassment.
Moldova,#HimToo,#HimToo,himtoo,word,\bhimtoo\b,Backlash / Counter,Backlash,Major counter-/backlash hashtag that recast #MeToo through false-accusation or accused-men-as-victims narratives; included as a global backlash search term. Translation/Gloss: Him too.
Moldova,#MeToo,#MeToo,metoo,word,\bmetoo\b,Support / Global,Support,Baseline global #MeToo hashtag; included for every country/territory as the common cross-border search term. Translation/Gloss: Me too.
Moldova,#ȘiEu,#ȘiEu,șieu,substr,,Support / Translation,Support,Romanian equivalent of #MeToo. Translation/Gloss: Me too.
Moldova,hărțuire sexuală,hărțuire sexuală,hărțuire sexuală,substr,,Support / Search Term,Support,Romanian publication/search keyword. Translation/Gloss: sexual harassment.
Monaco,#BalanceTonPorc,#BalanceTonPorc,balancetonporc,word,\bbalancetonporc\b,Support / Adjacent,Support,French #MeToo-era hashtag for naming or denouncing perpetrators; also provoked public backlash debates. Translation/Gloss: Expose/denounce your pig.
Monaco,#HimToo,#HimToo,himtoo,word,\bhimtoo\b,Backlash / Counter,Backlash,Major counter-/backlash hashtag that recast #MeToo through false-accusation or accused-men-as-victims narratives; included as a global backlash search term. Translation/Gloss: Him too.
Monaco,#MeToo,#MeToo,metoo,word,\bmetoo\b,Support / Global,Support,Baseline global #MeToo hashtag; included for every country/territory as the common cross-border search term. Translation/Gloss: Me too.
Monaco,#MoiAussi,#MoiAussi,moiaussi,word,\bmoiaussi\b,Support / Translation,Support,"French-language equivalent of #MeToo, documented in Canada/Francophone coverage. Translation/Gloss: Me too."
Monaco,#NousToutes,#NousToutes,noustoutes,word,\bnoustoutes\b,Support / Adjacent,Support,French feminist collective/hashtag after #MeToo and #BalanceTonPorc focused on violence against women. Translation/Gloss: All of us women.
Monaco,harcèlement sexuel,harcèlement sexuel,harcèlement sexuel,substr,,Support / Search Term,Support,French publication/search keyword. Translation/Gloss: sexual harassment.
Mongolia,#HimToo,#HimToo,himtoo,word,\bhimtoo\b,Backlash / Counter,Backlash,Major counter-/backlash hashtag that recast #MeToo through false-accusation or accused-men-as-victims narratives; included as a global backlash search term. Translation/Gloss: Him too.
Mongolia,#MeToo,#MeToo,metoo,word,\bmetoo\b,Support / Global,Support,Baseline global #MeToo hashtag; included for every country/territory as the common cross-border search term. Translation/Gloss: Me too.
Mongolia,#MeToo (limited),#MeToo (limited),metoo (limited),word,\bmetoo\ \(limited\)\b,Support,Support,Scattered 2018 usage reported; no well-documented sustained national wave - verify in corpus before weighting.
Mongolia,#БиЧБас,#БиЧБас,бичбас,substr,,Support / Translation,Support,Mongolian equivalent/search term for #MeToo. Translation/Gloss: Me too.
Mongolia,бэлгийн дарамт,бэлгийн дарамт,бэлгийн дарамт,substr,,Support / Search Term,Support,Mongolian publication/search keyword. Translation/Gloss: sexual harassment.
Montenegro,#HimToo,#HimToo,himtoo,word,\bhimtoo\b,Backlash / Counter,Backlash,Major counter-/backlash hashtag that recast #MeToo through false-accusation or accused-men-as-victims narratives; included as a global backlash search term. Translation/Gloss: Him too.
Montenegro,#MeToo,#MeToo,metoo,word,\bmetoo\b,Support / Global,Support,Baseline global #MeToo hashtag; included for every country/territory as the common cross-border search term. Translation/Gloss: Me too.
Montenegro,#NisamTražila,#NisamTražila,nisamtražila,substr,,Support / Adjacent,Support,Western Balkan survivor-support initiative responding to sexual violence disclosures. Translation/Gloss: I didn't ask for it.
Montenegro,#nisamprijavila,#nisamprijavila,nisamprijavila,word,\bnisamprijavila\b,Support / Adjacent,Support,Western Balkan hashtag where women recounted sexual abuse/harassment and barriers to reporting. Translation/Gloss: I did not report.
Montenegro,seksualno uznemiravanje,seksualno uznemiravanje,seksualno uznemiravanje,word,\bseksualno\ uznemiravanje\b,Support / Search Term,Support,Bosnian/Croatian/Serbian search keyword. Translation/Gloss: sexual harassment.
Montserrat,#BelieveWomen,#BelieveWomen,believewomen,word,\bbelievewomen\b,Support / Solidarity,Support,Survivor-belief and anti-victim-blaming phrase used in #MeToo-related discourse. Translation/Gloss: Believe women.
Montserrat,#HimToo,#HimToo,himtoo,word,\bhimtoo\b,Backlash / Counter,Backlash,Major counter-/backlash hashtag that recast #MeToo through false-accusation or accused-men-as-victims narratives; included as a global backlash search term. Translation/Gloss: Him too.
Montserrat,#MeToo,#MeToo,metoo,word,\bmetoo\b,Support / Global,Support,Baseline global #MeToo hashtag; included for every country/territory as the common cross-border search term. Translation/Gloss: Me too.
Montserrat,#TimesUp,#TimesUp,timesup,word,\btimesup\b,Support / Solidarity,Support,Transnational accountability and anti-harassment hashtag frequently paired with #MeToo. Translation/Gloss: Time is up.
Montserrat,sexual harassment,sexual harassment,sexual harassment,word,\bsexual\ harassment\b,Support / Search Term,Support,English search keyword for #MeToo-related social-media and publication searches. Translation/Gloss: sexual harassment.
Montserrat,violence against women,violence against women,violence against women,word,\bviolence\ against\ women\b,Support / Search Term,Support,English search keyword for adjacent #MeToo and gender-based violence coverage. Translation/Gloss: violence against women.
Morocco,#HimToo,#HimToo,himtoo,word,\bhimtoo\b,Backlash / Counter,Backlash,Major counter-/backlash hashtag that recast #MeToo through false-accusation or accused-men-as-victims narratives; included as a global backlash search term. Translation/Gloss: Him too.
Morocco,#Masaktach,#Masaktach,masaktach,word,\bmasaktach\b,Support,Support,"'I will not be silent', Oct 2018, after the Khadija Okkarou kidnapping/torture case; campaign also targeted radio play of singer Saad Lamjarred (charged with rape in France, later convicted)."
Morocco,#MeToo,#MeToo,metoo,word,\bmetoo\b,Support / Global,Support,Baseline global #MeToo hashtag; included for every country/territory as the common cross-border search term. Translation/Gloss: Me too.
Morocco,#MosqueMeToo,#MosqueMeToo,mosquemetoo,word,\bmosquemetoo\b,Support / Adjacent,Support,"Hashtag for Muslim women's accounts of harassment/abuse during Hajj, in mosques, or in religious spaces. Translation/Gloss: MeToo in mosque/Hajj contexts."
Morocco,#أنا_أيضا,#أنا_أيضا,أنا_أيضا,substr,,Support / Translation,Support,Formal Arabic equivalent of #MeToo. Translation/Gloss: Me too / I also.
Morocco,#أنا_كمان,#أنا_كمان,أنا_كمان,substr,,Support / Translation,Support,Arabic #MeToo counterpart used across Arabic-speaking social media. Translation/Gloss: Me too.
Morocco,Saad Lamjarred / Khadija Okkarou,Saad Lamjarred,saad lamjarred,word,\bsaad\ lamjarred\b,Support / Cases,Support,The two anchor cases of the Moroccan wave; heavy victim-blaming of Khadija = backlash thread.
Morocco,Saad Lamjarred / Khadija Okkarou,Khadija Okkarou,khadija okkarou,word,\bkhadija\ okkarou\b,Support / Cases,Support,The two anchor cases of the Moroccan wave; heavy victim-blaming of Khadija = backlash thread.
Morocco,التحرش_الجنسي,التحرش_الجنسي,التحرش_الجنسي,substr,,Support / Search Term,Support,Arabic publication/search keyword. Translation/Gloss: sexual harassment.
Morocco,العنف_ضد_المرأة,العنف_ضد_المرأة,العنف_ضد_المرأة,substr,,Support / Search Term,Support,Arabic publication/search keyword. Translation/Gloss: violence against women.
Mozambique,#ChegaDeFiuFiu,#ChegaDeFiuFiu,chegadefiufiu,word,\bchegadefiufiu\b,Support / Adjacent,Support,Brazil-origin anti-street-harassment campaign; relevant for Portuguese-language searches. Translation/Gloss: Enough with catcalling.
Mozambique,#EuTambém,#EuTambém,eutambém,substr,,Support / Translation,Support,Portuguese equivalent of #MeToo. Translation/Gloss: Me too.
Mozambique,#HimToo,#HimToo,himtoo,word,\bhimtoo\b,Backlash / Counter,Backlash,Major counter-/backlash hashtag that recast #MeToo through false-accusation or accused-men-as-victims narratives; included as a global backlash search term. Translation/Gloss: Him too.
Mozambique,#MeToo,#MeToo,metoo,word,\bmetoo\b,Support / Global,Support,Baseline global #MeToo hashtag; included for every country/territory as the common cross-border search term. Translation/Gloss: Me too.
Mozambique,#PrimeiroAssédio,#PrimeiroAssédio,primeiroassédio,substr,,Support / Adjacent,Support,Brazil-origin hashtag where women shared first harassment experiences. Translation/Gloss: First harassment.
Mozambique,assédio sexual,assédio sexual,assédio sexual,substr,,Support / Search Term,Support,Portuguese publication/search keyword. Translation/Gloss: sexual harassment.
Myanmar,#MeToo (limited),#MeToo (limited),metoo (limited),word,\bmetoo\ \(limited\)\b,Support,Support,Very limited uptake; activists used English tag; defamation risk suppresses naming.
Myanmar,#HimToo,#HimToo,himtoo,word,\bhimtoo\b,Backlash / Counter,Backlash,Major counter-/backlash hashtag that recast #MeToo through false-accusation or accused-men-as-victims narratives; included as a global backlash search term. Translation/Gloss: Him too.
Myanmar,#MeToo,#MeToo,metoo,word,\bmetoo\b,Support / Global,Support,Baseline global #MeToo hashtag; included for every country/territory as the common cross-border search term. Translation/Gloss: Me too.
Myanmar,လိင်ပိုင်းဆိုင်ရာ နှောင့်ယှက်မှု,လိင်ပိုင်းဆိုင်ရာ နှောင့်ယှက်မှု,လိင်ပိုင်းဆိုင်ရာ နှောင့်ယှက်မှု,substr,,Support / Search Term,Support,Burmese publication/search keyword. Translation/Gloss: sexual harassment.
Namibia,#BelieveWomen,#BelieveWomen,believewomen,word,\bbelievewomen\b,Support / Solidarity,Support,Survivor-belief and anti-victim-blaming phrase used in #MeToo-related discourse. Translation/Gloss: Believe women.
Namibia,#HimToo,#HimToo,himtoo,word,\bhimtoo\b,Backlash / Counter,Backlash,Major counter-/backlash hashtag that recast #MeToo through false-accusation or accused-men-as-victims narratives; included as a global backlash search term. Translation/Gloss: Him too.
Namibia,#MeToo,#MeToo,metoo,word,\bmetoo\b,Support / Global,Support,Baseline global #MeToo hashtag; included for every country/territory as the common cross-border search term. Translation/Gloss: Me too.
Namibia,#ShutItAllDown,#ShutItAllDown,shutitalldown,word,\bshutitalldown\b,Support,Support,Oct 2020 youth-led protests against SGBV after the death of Shannon Wasserfall; demands for a state of emergency on femicide.
Namibia,#TimesUp,#TimesUp,timesup,word,\btimesup\b,Support / Solidarity,Support,Transnational accountability and anti-harassment hashtag frequently paired with #MeToo. Translation/Gloss: Time is up.
Namibia,sexual harassment,sexual harassment,sexual harassment,word,\bsexual\ harassment\b,Support / Search Term,Support,English search keyword for #MeToo-related social-media and publication searches. Translation/Gloss: sexual harassment.
Namibia,violence against women,violence against women,violence against women,word,\bviolence\ against\ women\b,Support / Search Term,Support,English search keyword for adjacent #MeToo and gender-based violence coverage. Translation/Gloss: violence against women.
Nauru,#HimToo,#HimToo,himtoo,word,\bhimtoo\b,Backlash / Counter,Backlash,Major counter-/backlash hashtag that recast #MeToo through false-accusation or accused-men-as-victims narratives; included as a global backlash search term. Translation/Gloss: Him too.
Nauru,#MeToo,#MeToo,metoo,word,\bmetoo\b,Support / Global,Support,Baseline global #MeToo hashtag; included for every country/territory as the common cross-border search term. Translation/Gloss: Me too.
Nepal,#HimToo,#HimToo,himtoo,word,\bhimtoo\b,Backlash / Counter,Backlash,Major counter-/backlash hashtag that recast #MeToo through false-accusation or accused-men-as-victims narratives; included as a global backlash search term. Translation/Gloss: Him too.
Nepal,#MeToo,#MeToo,metoo,word,\bmetoo\b,Support / Global,Support,Baseline global #MeToo hashtag; included for every country/territory as the common cross-border search term. Translation/Gloss: Me too.
Nepal,#MeTooNepal,#MeTooNepal,metoonepal,word,\bmetoonepal\b,Support / Localized,Support,Nepal: local wave included allegations against Kathmandu mayor Keshav Sthapit and broader harassment disclosures. Translation/Gloss: MeToo Nepal.
Nepal,#RageAgainstRape / #JusticeForNirmala,#RageAgainstRape,rageagainstrape,word,\brageagainstrape\b,Support,Support,2018: rape and murder of 13-year-old Nirmala Panta and botched police investigation sparked nationwide protests; #MeTooNepal wave followed in 2018-19 (theatre/media allegations).
Nepal,#RageAgainstRape / #JusticeForNirmala,#JusticeForNirmala,justicefornirmala,word,\bjusticefornirmala\b,Support,Support,2018: rape and murder of 13-year-old Nirmala Panta and botched police investigation sparked nationwide protests; #MeTooNepal wave followed in 2018-19 (theatre/media allegations).
Nepal,यौन उत्पीडन,यौन उत्पीडन,यौन उत्पीडन,substr,,Support / Search Term,Support,Nepali publication/search keyword. Translation/Gloss: sexual harassment.
Netherlands,#HimToo,#HimToo,himtoo,word,\bhimtoo\b,Backlash / Counter,Backlash,Major counter-/backlash hashtag that recast #MeToo through false-accusation or accused-men-as-victims narratives; included as a global backlash search term. Translation/Gloss: Him too.
Netherlands,#IkOok,#IkOok,ikook,word,\bikook\b,Support / Translation,Support,Dutch equivalent of #MeToo. Translation/Gloss: Me too.
Netherlands,#MeToo,#MeToo,metoo,word,\bmetoo\b,Support / Global,Support,Baseline global #MeToo hashtag; included for every country/territory as the common cross-border search term. Translation/Gloss: Me too.
Netherlands,Johan Derksen,Johan Derksen,johan derksen,word,\bjohan\ derksen\b,Backlash / Flashpoint,Backlash,2022: TV pundit boasted about a past assault live on air; outrage crystallized the backlash-vs-accountability debate.
Netherlands,The Voice (BOOS exposé),The Voice (BOOS exposé),the voice (boos exposé),substr,,Support / Watershed,Support,"Jan 2022 BOOS YouTube investigation into abuse at The Voice of Holland (bandleader Jeroen Rietbergen, coach Ali B - later convicted); Dutch MeToo watershed. Earlier: casting director Job Gosschalk (2017); Ajax director Marc Overmars (2022)."
Netherlands,grensoverschrijdend gedrag,grensoverschrijdend gedrag,grensoverschrijdend gedrag,word,\bgrensoverschrijdend\ gedrag\b,Support / Media Frame,Support,'Transgressive behavior' - the dominant Dutch umbrella term; essential recall keyword.
Netherlands,seksuele intimidatie,seksuele intimidatie,seksuele intimidatie,word,\bseksuele\ intimidatie\b,Support / Search Term,Support,Dutch publication/search keyword. Translation/Gloss: sexual harassment.
New Caledonia,#BalanceTonPorc,#BalanceTonPorc,balancetonporc,word,\bbalancetonporc\b,Support / Adjacent,Support,French #MeToo-era hashtag for naming or denouncing perpetrators; also provoked public backlash debates. Translation/Gloss: Expose/denounce your pig.
New Caledonia,#HimToo,#HimToo,himtoo,word,\bhimtoo\b,Backlash / Counter,Backlash,Major counter-/backlash hashtag that recast #MeToo through false-accusation or accused-men-as-victims narratives; included as a global backlash search term. Translation/Gloss: Him too.
New Caledonia,#MeToo,#MeToo,metoo,word,\bmetoo\b,Support / Global,Support,Baseline global #MeToo hashtag; included for every country/territory as the common cross-border search term. Translation/Gloss: Me too.
New Caledonia,#MoiAussi,#MoiAussi,moiaussi,word,\bmoiaussi\b,Support / Translation,Support,"French-language equivalent of #MeToo, documented in Canada/Francophone coverage. Translation/Gloss: Me too."
New Caledonia,#NousToutes,#NousToutes,noustoutes,word,\bnoustoutes\b,Support / Adjacent,Support,French feminist collective/hashtag after #MeToo and #BalanceTonPorc focused on violence against women. Translation/Gloss: All of us women.
New Caledonia,harcèlement sexuel,harcèlement sexuel,harcèlement sexuel,substr,,Support / Search Term,Support,French publication/search keyword. Translation/Gloss: sexual harassment.
New Zealand,#BelieveWomen,#BelieveWomen,believewomen,word,\bbelievewomen\b,Support / Solidarity,Support,Survivor-belief and anti-victim-blaming phrase used in #MeToo-related discourse. Translation/Gloss: Believe women.
New Zealand,#HimToo,#HimToo,himtoo,word,\bhimtoo\b,Backlash / Counter,Backlash,Major counter-/backlash hashtag that recast #MeToo through false-accusation or accused-men-as-victims narratives; included as a global backlash search term. Translation/Gloss: Him too.
New Zealand,#MeToo,#MeToo,metoo,word,\bmetoo\b,Support / Global,Support,Baseline global #MeToo hashtag; included for every country/territory as the common cross-border search term. Translation/Gloss: Me too.
New Zealand,#MeTooNZ,#MeTooNZ,metoonz,word,\bmetoonz\b,Support,Support,2018: journalist Alison Mau's #MeTooNZ investigation project; triggered by the Russell McVeagh law-firm scandal (Feb 2018).
New Zealand,#TimesUp,#TimesUp,timesup,word,\btimesup\b,Support / Solidarity,Support,Transnational accountability and anti-harassment hashtag frequently paired with #MeToo. Translation/Gloss: Time is up.
New Zealand,sexual harassment,sexual harassment,sexual harassment,word,\bsexual\ harassment\b,Support / Search Term,Support,English search keyword for #MeToo-related social-media and publication searches. Translation/Gloss: sexual harassment.
New Zealand,violence against women,violence against women,violence against women,word,\bviolence\ against\ women\b,Support / Search Term,Support,English search keyword for adjacent #MeToo and gender-based violence coverage. Translation/Gloss: violence against women.
Nicaragua,#Cuéntalo,#Cuéntalo,cuéntalo,substr,,Support / Adjacent,Support,Spanish testimony hashtag associated especially with Spain and the La Manada reckoning; useful across Spanish-language searches. Translation/Gloss: Tell it / tell your story.
Nicaragua,#HimToo,#HimToo,himtoo,word,\bhimtoo\b,Backlash / Counter,Backlash,Major counter-/backlash hashtag that recast #MeToo through false-accusation or accused-men-as-victims narratives; included as a global backlash search term. Translation/Gloss: Him too.
Nicaragua,#MeToo,#MeToo,metoo,word,\bmetoo\b,Support / Global,Support,Baseline global #MeToo hashtag; included for every country/territory as the common cross-border search term. Translation/Gloss: Me too.
Nicaragua,#NiUnaMenos,#NiUnaMenos,niunamenos,word,\bniunamenos\b,Support / Adjacent,Support,Latin American movement against femicide and violence against women; often overlaps with #MeToo-adjacent activism. Translation/Gloss: Not one woman less.
Nicaragua,#YoSíTeCreo,#YoSíTeCreo,yosítecreo,substr,,Support / Solidarity,Support,Spanish solidarity tag/phrase used around sexual-violence testimony and belief of survivors. Translation/Gloss: I do believe you.
Nicaragua,#YoTambién,#YoTambién,yotambién,substr,,Support / Translation,Support,Spanish-language equivalent of #MeToo; documented in global/regional lists. Translation/Gloss: Me too.
Nicaragua,Zoilamérica Narváez,Zoilamérica Narváez,zoilamérica narváez,substr,,Support / Foundational Case,Support,1998: accused stepfather Daniel Ortega of sexual abuse; case revisited during MeToo; current repression suppresses domestic mobilization.
Nicaragua,acoso sexual,acoso sexual,acoso sexual,word,\bacoso\ sexual\b,Support / Search Term,Support,Spanish publication/search keyword. Translation/Gloss: sexual harassment.
Niger,#BalanceTonPorc,#BalanceTonPorc,balancetonporc,word,\bbalancetonporc\b,Support / Adjacent,Support,French #MeToo-era hashtag for naming or denouncing perpetrators; also provoked public backlash debates. Translation/Gloss: Expose/denounce your pig.
Niger,#HimToo,#HimToo,himtoo,word,\bhimtoo\b,Backlash / Counter,Backlash,Major counter-/backlash hashtag that recast #MeToo through false-accusation or accused-men-as-victims narratives; included as a global backlash search term. Translation/Gloss: Him too.
Niger,#MeToo,#MeToo,metoo,word,\bmetoo\b,Support / Global,Support,Baseline global #MeToo hashtag; included for every country/territory as the common cross-border search term. Translation/Gloss: Me too.
Niger,#MoiAussi,#MoiAussi,moiaussi,word,\bmoiaussi\b,Support / Translation,Support,"French-language equivalent of #MeToo, documented in Canada/Francophone coverage. Translation/Gloss: Me too."
Niger,#NousToutes,#NousToutes,noustoutes,word,\bnoustoutes\b,Support / Adjacent,Support,French feminist collective/hashtag after #MeToo and #BalanceTonPorc focused on violence against women. Translation/Gloss: All of us women.
Niger,harcèlement sexuel,harcèlement sexuel,harcèlement sexuel,substr,,Support / Search Term,Support,French publication/search keyword. Translation/Gloss: sexual harassment.
Nigeria,#ArewaMeToo,#ArewaMeToo,arewametoo,word,\barewametoo\b,Support / Localized,Support,Nigeria: Fakhriyyah Hashim coined #ArewaMeToo to break silence on sexual violence in northern Nigeria. Translation/Gloss: Northern Nigeria MeToo.
Nigeria,#BeingFemaleInNigeria / #MarketMarch,#BeingFemaleInNigeria,beingfemaleinnigeria,word,\bbeingfemaleinnigeria\b,Support,Support,2015 everyday-sexism precursor; Dec 2018+ marches against groping in Lagos markets.
Nigeria,#BeingFemaleInNigeria / #MarketMarch,#MarketMarch,marketmarch,word,\bmarketmarch\b,Support,Support,2015 everyday-sexism precursor; Dec 2018+ marches against groping in Lagos markets.
Nigeria,#BelieveWomen,#BelieveWomen,believewomen,word,\bbelievewomen\b,Support / Solidarity,Support,Survivor-belief and anti-victim-blaming phrase used in #MeToo-related discourse. Translation/Gloss: Believe women.
Nigeria,#HimToo,#HimToo,himtoo,word,\bhimtoo\b,Backlash / Counter,Backlash,Major counter-/backlash hashtag that recast #MeToo through false-accusation or accused-men-as-victims narratives; included as a global backlash search term. Translation/Gloss: Him too.
Nigeria,#MeToo,#MeToo,metoo,word,\bmetoo\b,Support / Global,Support,Baseline global #MeToo hashtag; included for every country/territory as the common cross-border search term. Translation/Gloss: Me too.
Nigeria,#SexForGrades,#SexForGrades,sexforgrades,word,\bsexforgrades\b,Support / Adjacent,Support,Nigeria/West Africa: tag and journalism investigations around sexual coercion in universities; overlaps with #MeToo themes. Translation/Gloss: Sex-for-grades harassment.
Nigeria,#TimesUp,#TimesUp,timesup,word,\btimesup\b,Support / Solidarity,Support,Transnational accountability and anti-harassment hashtag frequently paired with #MeToo. Translation/Gloss: Time is up.
Nigeria,#WeAreTired / #JusticeForUwa,#WeAreTired,wearetired,word,\bwearetired\b,Support,Support,June 2020 outcry after the rape/murder of student Uwa Omozuwa in a church; governors declared state of emergency on rape.
Nigeria,#WeAreTired / #JusticeForUwa,#JusticeForUwa,justiceforuwa,word,\bjusticeforuwa\b,Support,Support,June 2020 outcry after the rape/murder of student Uwa Omozuwa in a church; governors declared state of emergency on rape.
Nigeria,Busola Dakolo / COZA,Busola Dakolo,busola dakolo,word,\bbusola\ dakolo\b,Support / Case,Support,June 2019: Busola Dakolo accused COZA pastor Biodun Fatoyinbo of rape; protests at his megachurch; #ChurchToo resonance.
Nigeria,Busola Dakolo / COZA,COZA,coza,word,\bcoza\b,Support / Case,Support,June 2019: Busola Dakolo accused COZA pastor Biodun Fatoyinbo of rape; protests at his megachurch; #ChurchToo resonance.
Nigeria,sexual harassment,sexual harassment,sexual harassment,word,\bsexual\ harassment\b,Support / Search Term,Support,English search keyword for #MeToo-related social-media and publication searches. Translation/Gloss: sexual harassment.
Nigeria,violence against women,violence against women,violence against women,word,\bviolence\ against\ women\b,Support / Search Term,Support,English search keyword for adjacent #MeToo and gender-based violence coverage. Translation/Gloss: violence against women.
Niue,#HimToo,#HimToo,himtoo,word,\bhimtoo\b,Backlash / Counter,Backlash,Major counter-/backlash hashtag that recast #MeToo through false-accusation or accused-men-as-victims narratives; included as a global backlash search term. Translation/Gloss: Him too.
Niue,#MeToo,#MeToo,metoo,word,\bmetoo\b,Support / Global,Support,Baseline global #MeToo hashtag; included for every country/territory as the common cross-border search term. Translation/Gloss: Me too.
Norfolk Island,#HimToo,#HimToo,himtoo,word,\bhimtoo\b,Backlash / Counter,Backlash,Major counter-/backlash hashtag that recast #MeToo through false-accusation or accused-men-as-victims narratives; included as a global backlash search term. Translation/Gloss: Him too.
Norfolk Island,#MeToo,#MeToo,metoo,word,\bmetoo\b,Support / Global,Support,Baseline global #MeToo hashtag; included for every country/territory as the common cross-border search term. Translation/Gloss: Me too.
North Korea,#HimToo,#HimToo,himtoo,word,\bhimtoo\b,Backlash / Counter,Backlash,Major counter-/backlash hashtag that recast #MeToo through false-accusation or accused-men-as-victims narratives; included as a global backlash search term. Translation/Gloss: Him too.
North Korea,#MeToo,#MeToo,metoo,word,\bmetoo\b,Support / Global,Support,Baseline global #MeToo hashtag; included for every country/territory as the common cross-border search term. Translation/Gloss: Me too.
North Korea,#WithYou,#WithYou,withyou,word,\bwithyou\b,Support / Solidarity,Support,South Korean survivor-support hashtag following #MeToo disclosures. Translation/Gloss: With you.
North Korea,#영화계_내_성폭력,#영화계_내_성폭력,영화계_내_성폭력,substr,,Support / Sectoral,Support,Korean sectoral hashtag for arts/film-industry sexual violence. Translation/Gloss: sexual violence in the film industry.
North Korea,(no social media movement possible),(no social media movement possible),(no social media movement possible),word,\b\(no\ social\ media\ movement\ possible\)\b,No documented movement,No documented movement,"No civic hashtag activity; coverage exists via defector testimony, e.g. HRW 2018 report 'You Cry at Night but Don't Know Why' on sexual violence by officials - use report title/CRSV keywords for recall."
North Korea,성희롱,성희롱,성희롱,substr,,Support / Search Term,Support,Korean publication/search keyword. Translation/Gloss: sexual harassment.
North Macedonia,#HimToo,#HimToo,himtoo,word,\bhimtoo\b,Backlash / Counter,Backlash,Major counter-/backlash hashtag that recast #MeToo through false-accusation or accused-men-as-victims narratives; included as a global backlash search term. Translation/Gloss: Him too.
North Macedonia,#MeToo,#MeToo,metoo,word,\bmetoo\b,Support / Global,Support,Baseline global #MeToo hashtag; included for every country/territory as the common cross-border search term. Translation/Gloss: Me too.
North Macedonia,#NisamTražila,#NisamTražila,nisamtražila,substr,,Support / Adjacent,Support,Western Balkan survivor-support initiative responding to sexual violence disclosures. Translation/Gloss: I didn't ask for it.
North Macedonia,#nisamprijavila,#nisamprijavila,nisamprijavila,word,\bnisamprijavila\b,Support / Adjacent,Support,Western Balkan hashtag where women recounted sexual abuse/harassment and barriers to reporting. Translation/Gloss: I did not report.
North Macedonia,#СегаКажувам,#СегаКажувам,сегакажувам,substr,,Support,Support,"'I speak up now', Jan 2021, Macedonian arm of the Balkan wave."
North Macedonia,seksualno uznemiravanje,seksualno uznemiravanje,seksualno uznemiravanje,word,\bseksualno\ uznemiravanje\b,Support / Search Term,Support,Bosnian/Croatian/Serbian search keyword. Translation/Gloss: sexual harassment.
North Macedonia,Јавна соба (Public Room),Јавна соба (Public Room),јавна соба (public room),substr,,Support / Case,Support,"Telegram group (exposed 2020, resurfaced 2021) sharing women's and girls' images non-consensually; central national GBV scandal."
Northern Mariana Islands,#HimToo,#HimToo,himtoo,word,\bhimtoo\b,Backlash / Counter,Backlash,Major counter-/backlash hashtag that recast #MeToo through false-accusation or accused-men-as-victims narratives; included as a global backlash search term. Translation/Gloss: Him too.
Northern Mariana Islands,#MeToo,#MeToo,metoo,word,\bmetoo\b,Support / Global,Support,Baseline global #MeToo hashtag; included for every country/territory as the common cross-border search term. Translation/Gloss: Me too.
Norway,#HimToo,#HimToo,himtoo,word,\bhimtoo\b,Backlash / Counter,Backlash,Major counter-/backlash hashtag that recast #MeToo through false-accusation or accused-men-as-victims narratives; included as a global backlash search term. Translation/Gloss: Him too.
Norway,#MeToo,#MeToo,metoo,word,\bmetoo\b,Support / Global,Support,Baseline global #MeToo hashtag; included for every country/territory as the common cross-border search term. Translation/Gloss: Me too.
Norway,#nårdansenstopper,#nårdansenstopper,nårdansenstopper,substr,,Support / Sectoral,Support,Norway: dance-sector #MeToo-related hashtag reported with other Norwegian industry calls. Translation/Gloss: when the dance stops.
Norway,#nårmusikkenstilner,#nårmusikkenstilner,nårmusikkenstilner,substr,,Support / Sectoral,Support,Norway: music-sector #MeToo-related hashtag reported with other Norwegian industry calls. Translation/Gloss: when the music falls silent.
Norway,#stilleforopptak,#stilleforopptak,stilleforopptak,word,\bstilleforopptak\b,Support / Sectoral,Support,Norwegian theatre/arts-sector #MeToo call against workplace sexual harassment. Translation/Gloss: quiet for recording.
Norway,Trond Giske,Trond Giske,trond giske,word,\btrond\ giske\b,Support / Case,Support,Labour deputy leader resigned Jan 2018 over harassment complaints - Norway's biggest MeToo case; his repeated comeback attempts kept the debate alive.
Norway,seksuell trakassering,seksuell trakassering,seksuell trakassering,word,\bseksuell\ trakassering\b,Support / Search Term,Support,Norwegian publication/search keyword. Translation/Gloss: sexual harassment.
Oman,#HimToo,#HimToo,himtoo,word,\bhimtoo\b,Backlash / Counter,Backlash,Major counter-/backlash hashtag that recast #MeToo through false-accusation or accused-men-as-victims narratives; included as a global backlash search term. Translation/Gloss: Him too.
Oman,#MeToo,#MeToo,metoo,word,\bmetoo\b,Support / Global,Support,Baseline global #MeToo hashtag; included for every country/territory as the common cross-border search term. Translation/Gloss: Me too.
Oman,#MosqueMeToo,#MosqueMeToo,mosquemetoo,word,\bmosquemetoo\b,Support / Adjacent,Support,"Hashtag for Muslim women's accounts of harassment/abuse during Hajj, in mosques, or in religious spaces. Translation/Gloss: MeToo in mosque/Hajj contexts."
Oman,#أنا_أيضا,#أنا_أيضا,أنا_أيضا,substr,,Support / Translation,Support,Formal Arabic equivalent of #MeToo. Translation/Gloss: Me too / I also.
Oman,#أنا_كمان,#أنا_كمان,أنا_كمان,substr,,Support / Translation,Support,Arabic #MeToo counterpart used across Arabic-speaking social media. Translation/Gloss: Me too.
Oman,التحرش_الجنسي,التحرش_الجنسي,التحرش_الجنسي,substr,,Support / Search Term,Support,Arabic publication/search keyword. Translation/Gloss: sexual harassment.
Oman,العنف_ضد_المرأة,العنف_ضد_المرأة,العنف_ضد_المرأة,substr,,Support / Search Term,Support,Arabic publication/search keyword. Translation/Gloss: violence against women.
Oman,تحرش جنسي,تحرش جنسي,تحرش جنسي,substr,,Support / Generic Term,Support,No documented movement.
Pakistan,#AuratMarch / میرا جسم میری مرضی,#AuratMarch,auratmarch,word,\bauratmarch\b,Support,Support,"Women's Day marches from 2018; slogan 'Mera Jism Meri Marzi' (my body, my choice) drew furious conservative backlash, petitions to ban the march, and doctored-image blasphemy smears (2021)."
Pakistan,#AuratMarch / میرا جسم میری مرضی,میرا جسم میری مرضی,میرا جسم میری مرضی,substr,,Support,Support,"Women's Day marches from 2018; slogan 'Mera Jism Meri Marzi' (my body, my choice) drew furious conservative backlash, petitions to ban the march, and doctored-image blasphemy smears (2021)."
Pakistan,#FaceTheCourtMeeshaShafi,#FaceTheCourtMeeshaShafi,facethecourtmeeshashafi,word,\bfacethecourtmeeshashafi\b,Backlash / Counter,Backlash,Pakistan: defense/backlash-oriented hashtag used amid the Shafi/Zafar litigation and defamation battle. Translation/Gloss: Face the court.
Pakistan,#HimToo,#HimToo,himtoo,word,\bhimtoo\b,Backlash / Counter,Backlash,Major counter-/backlash hashtag that recast #MeToo through false-accusation or accused-men-as-victims narratives; included as a global backlash search term. Translation/Gloss: Him too.
Pakistan,#MeToo,#MeToo,metoo,word,\bmetoo\b,Support / Global,Support,Baseline global #MeToo hashtag; included for every country/territory as the common cross-border search term. Translation/Gloss: Me too.
Pakistan,#MeTooPK,#MeTooPK,metoopk,word,\bmetoopk\b,Support,Support,"Gained traction when prominent figures spoke out, despite heavy pushback from conservative groups framing the movement as a Western import."
Pakistan,#MeTooPakistan,#MeTooPakistan,metoopakistan,word,\bmetoopakistan\b,Support / Localized,Support,Pakistan: high-profile Meesha Shafi/Ali Zafar case became the country's best-known #MeToo case. Translation/Gloss: MeToo Pakistan.
Pakistan,#MeinBhi / #میں_بھی,#MeinBhi,meinbhi,word,\bmeinbhi\b,Support,Support,Urdu 'me too'.
Pakistan,#MeinBhi / #میں_بھی,#میں_بھی,میں_بھی,substr,,Support,Support,Urdu 'me too'.
Pakistan,#MosqueMeToo,#MosqueMeToo,mosquemetoo,word,\bmosquemetoo\b,Support / Adjacent,Support,Pakistan/Muslim contexts: a Pakistani Muslim woman's Hajj-related post helped spark #MosqueMeToo. Translation/Gloss: MeToo in mosque/Hajj contexts.
Pakistan,Mard March / victim-blaming remarks,Mard March,mard march,word,\bmard\ march\b,Backlash,Backlash,Mock 'men's march' responses to Aurat March; PM Imran Khan's remarks tying rape to women's dress amplified backlash discourse.
Pakistan,Mard March / victim-blaming remarks,victim-blaming remarks,victim-blaming remarks,word,\bvictim\-blaming\ remarks\b,Backlash,Backlash,Mock 'men's march' responses to Aurat March; PM Imran Khan's remarks tying rape to women's dress amplified backlash discourse.
Pakistan,Meesha Shafi / Ali Zafar,Meesha Shafi,meesha shafi,word,\bmeesha\ shafi\b,Support / Case + Backlash / Legal,Support,Apr 2018: singer Meesha Shafi accused Ali Zafar of harassment; she and supporters then faced defamation suits and FIA cybercrime charges - the defining legal-backlash saga of Pakistani MeToo.
Pakistan,Meesha Shafi / Ali Zafar,Ali Zafar,ali zafar,word,\bali\ zafar\b,Support / Case + Backlash / Legal,Support,Apr 2018: singer Meesha Shafi accused Ali Zafar of harassment; she and supporters then faced defamation suits and FIA cybercrime charges - the defining legal-backlash saga of Pakistani MeToo.
Pakistan,Motorway rape case / #JusticeForNoor,Motorway rape case,motorway rape case,word,\bmotorway\ rape\ case\b,Support / Outrage Cases,Support,Sept 2020 Lahore motorway gang rape (police chief blamed the victim - protests); July 2021 murder of Noor Mukadam by Zahir Jaffer - huge accountability campaign.
Pakistan,Motorway rape case / #JusticeForNoor,#JusticeForNoor,justicefornoor,word,\bjusticefornoor\b,Support / Outrage Cases,Support,Sept 2020 Lahore motorway gang rape (police chief blamed the victim - protests); July 2021 murder of Noor Mukadam by Zahir Jaffer - huge accountability campaign.
Pakistan,جنسی_ہراسانی,جنسی_ہراسانی,جنسی_ہراسانی,substr,,Support / Search Term,Support,Urdu publication/search keyword. Translation/Gloss: sexual harassment.
Palau,#HimToo,#HimToo,himtoo,word,\bhimtoo\b,Backlash / Counter,Backlash,Major counter-/backlash hashtag that recast #MeToo through false-accusation or accused-men-as-victims narratives; included as a global backlash search term. Translation/Gloss: Him too.
Palau,#MeToo,#MeToo,metoo,word,\bmetoo\b,Support / Global,Support,Baseline global #MeToo hashtag; included for every country/territory as the common cross-border search term. Translation/Gloss: Me too.
Palestine,#HimToo,#HimToo,himtoo,word,\bhimtoo\b,Backlash / Counter,Backlash,Major counter-/backlash hashtag that recast #MeToo through false-accusation or accused-men-as-victims narratives; included as a global backlash search term. Translation/Gloss: Him too.
Palestine,#MeToo,#MeToo,metoo,word,\bmetoo\b,Support / Global,Support,Baseline global #MeToo hashtag; included for every country/territory as the common cross-border search term. Translation/Gloss: Me too.
Palestine,#MosqueMeToo,#MosqueMeToo,mosquemetoo,word,\bmosquemetoo\b,Support / Adjacent,Support,"Hashtag for Muslim women's accounts of harassment/abuse during Hajj, in mosques, or in religious spaces. Translation/Gloss: MeToo in mosque/Hajj contexts."
Palestine,#أنا_أيضا,#أنا_أيضا,أنا_أيضا,substr,,Support / Translation,Support,Formal Arabic equivalent of #MeToo. Translation/Gloss: Me too / I also.
Palestine,#أنا_كمان,#أنا_كمان,أنا_كمان,substr,,Support / Translation,Support,Arabic #MeToo counterpart used across Arabic-speaking social media. Translation/Gloss: Me too.
Palestine,#وأنا_كمان,#وأنا_كمان,وأنا_كمان,substr,,Support / Translation,Support,"Palestine: Arabic #MeToo variant reported among Palestinian women, including in refugee-camp contexts. Translation/Gloss: And me too."
Palestine,التحرش_الجنسي,التحرش_الجنسي,التحرش_الجنسي,substr,,Support / Search Term,Support,Arabic publication/search keyword. Translation/Gloss: sexual harassment.
Palestine,العنف_ضد_المرأة,العنف_ضد_المرأة,العنف_ضد_المرأة,substr,,Support / Search Term,Support,Arabic publication/search keyword. Translation/Gloss: violence against women.
Panama,#Cuéntalo,#Cuéntalo,cuéntalo,substr,,Support / Adjacent,Support,Spanish testimony hashtag associated especially with Spain and the La Manada reckoning; useful across Spanish-language searches. Translation/Gloss: Tell it / tell your story.
Panama,#HimToo,#HimToo,himtoo,word,\bhimtoo\b,Backlash / Counter,Backlash,Major counter-/backlash hashtag that recast #MeToo through false-accusation or accused-men-as-victims narratives; included as a global backlash search term. Translation/Gloss: Him too.
Panama,#MeToo,#MeToo,metoo,word,\bmetoo\b,Support / Global,Support,Baseline global #MeToo hashtag; included for every country/territory as the common cross-border search term. Translation/Gloss: Me too.
Panama,#NiUnaMenos,#NiUnaMenos,niunamenos,word,\bniunamenos\b,Support / Adjacent,Support,Latin American movement against femicide and violence against women; often overlaps with #MeToo-adjacent activism. Translation/Gloss: Not one woman less.
Panama,#NiUnaMenos / acoso sexual,acoso sexual,acoso sexual,word,\bacoso\ sexual\b,Support,Support,Regional frame; no distinct national tag documented.
Panama,#YoSíTeCreo,#YoSíTeCreo,yosítecreo,substr,,Support / Solidarity,Support,Spanish solidarity tag/phrase used around sexual-violence testimony and belief of survivors. Translation/Gloss: I do believe you.
Panama,#YoTambién,#YoTambién,yotambién,substr,,Support / Translation,Support,Spanish-language equivalent of #MeToo; documented in global/regional lists. Translation/Gloss: Me too.
Papua New Guinea,#BelieveWomen,#BelieveWomen,believewomen,word,\bbelievewomen\b,Support / Solidarity,Support,Survivor-belief and anti-victim-blaming phrase used in #MeToo-related discourse. Translation/Gloss: Believe women.
Papua New Guinea,#HimToo,#HimToo,himtoo,word,\bhimtoo\b,Backlash / Counter,Backlash,Major counter-/backlash hashtag that recast #MeToo through false-accusation or accused-men-as-victims narratives; included as a global backlash search term. Translation/Gloss: Him too.
Papua New Guinea,#MeToo,#MeToo,metoo,word,\bmetoo\b,Support / Global,Support,Baseline global #MeToo hashtag; included for every country/territory as the common cross-border search term. Translation/Gloss: Me too.
Papua New Guinea,#TimesUp,#TimesUp,timesup,word,\btimesup\b,Support / Solidarity,Support,Transnational accountability and anti-harassment hashtag frequently paired with #MeToo. Translation/Gloss: Time is up.
Papua New Guinea,Jenelyn Kennedy,Jenelyn Kennedy,jenelyn kennedy,word,\bjenelyn\ kennedy\b,Support / Outrage Case,Support,June 2020 torture-murder of 19-year-old Jenelyn Kennedy sparked national outcry over domestic violence.
Papua New Guinea,sexual harassment,sexual harassment,sexual harassment,word,\bsexual\ harassment\b,Support / Search Term,Support,English search keyword for #MeToo-related social-media and publication searches. Translation/Gloss: sexual harassment.
Papua New Guinea,violence against women,violence against women,violence against women,word,\bviolence\ against\ women\b,Support / Search Term,Support,English search keyword for adjacent #MeToo and gender-based violence coverage. Translation/Gloss: violence against women.
Paraguay,#Cuéntalo,#Cuéntalo,cuéntalo,substr,,Support / Adjacent,Support,Spanish testimony hashtag associated especially with Spain and the La Manada reckoning; useful across Spanish-language searches. Translation/Gloss: Tell it / tell your story.
Paraguay,#HimToo,#HimToo,himtoo,word,\bhimtoo\b,Backlash / Counter,Backlash,Major counter-/backlash hashtag that recast #MeToo through false-accusation or accused-men-as-victims narratives; included as a global backlash search term. Translation/Gloss: Him too.
Paraguay,#MeToo,#MeToo,metoo,word,\bmetoo\b,Support / Global,Support,Baseline global #MeToo hashtag; included for every country/territory as the common cross-border search term. Translation/Gloss: Me too.
Paraguay,#NiUnaMenos,#NiUnaMenos,niunamenos,word,\bniunamenos\b,Support / Adjacent,Support,Latin American movement against femicide and violence against women; often overlaps with #MeToo-adjacent activism. Translation/Gloss: Not one woman less.
Paraguay,#NiUnaMenos / feminicidio,feminicidio,feminicidio,word,\bfeminicidio\b,Support,Support,Regional frame; no distinct national tag documented.
Paraguay,#YoSíTeCreo,#YoSíTeCreo,yosítecreo,substr,,Support / Solidarity,Support,Spanish solidarity tag/phrase used around sexual-violence testimony and belief of survivors. Translation/Gloss: I do believe you.
Paraguay,#YoTambién,#YoTambién,yotambién,substr,,Support / Translation,Support,Spanish-language equivalent of #MeToo; documented in global/regional lists. Translation/Gloss: Me too.
Paraguay,acoso sexual,acoso sexual,acoso sexual,word,\bacoso\ sexual\b,Support / Search Term,Support,Spanish publication/search keyword. Translation/Gloss: sexual harassment.
Peru,#Cuéntalo,#Cuéntalo,cuéntalo,substr,,Support / Adjacent,Support,Spanish testimony hashtag associated especially with Spain and the La Manada reckoning; useful across Spanish-language searches. Translation/Gloss: Tell it / tell your story.
Peru,#HimToo,#HimToo,himtoo,word,\bhimtoo\b,Backlash / Counter,Backlash,Major counter-/backlash hashtag that recast #MeToo through false-accusation or accused-men-as-victims narratives; included as a global backlash search term. Translation/Gloss: Him too.
Peru,#MeToo,#MeToo,metoo,word,\bmetoo\b,Support / Global,Support,Baseline global #MeToo hashtag; included for every country/territory as the common cross-border search term. Translation/Gloss: Me too.
Peru,#NiUnaMenos,#NiUnaMenos,niunamenos,word,\bniunamenos\b,Support / Adjacent,Support,Latin American movement against femicide and violence against women; often overlaps with #MeToo-adjacent activism. Translation/Gloss: Not one woman less.
Peru,#NiUnaMenos (Peru),#NiUnaMenos (Peru),niunamenos (peru),word,\bniunamenos\ \(peru\)\b,Support,Support,"Aug 2016: one of the largest marches in Peruvian history, after lenient rulings incl. the Arlette Contreras case."
Peru,#PeruPaisDeVioladores,#PeruPaisDeVioladores,perupaisdevioladores,word,\bperupaisdevioladores\b,Support / Denunciation,Support,"'Peru, country of rapists' - trended around high-profile rape cases/verdicts (2018-2020)."
Peru,#YoSíTeCreo,#YoSíTeCreo,yosítecreo,substr,,Support / Solidarity,Support,Spanish solidarity tag/phrase used around sexual-violence testimony and belief of survivors. Translation/Gloss: I do believe you.
Peru,#YoTambién,#YoTambién,yotambién,substr,,Support / Translation,Support,Spanish-language equivalent of #MeToo; documented in global/regional lists. Translation/Gloss: Me too.
Peru,acoso sexual,acoso sexual,acoso sexual,word,\bacoso\ sexual\b,Support / Search Term,Support,Spanish publication/search keyword. Translation/Gloss: sexual harassment.
Philippines,#AkoRin,#AkoRin,akorin,word,\bakorin\b,Support / Translation,Support,Filipino/Tagalog equivalent useful for searches. Translation/Gloss: Me too / me as well.
Philippines,#BabaeAko,#BabaeAko,babaeako,word,\bbabaeako\b,Support / Adjacent,Support,Philippines: campaign against President Duterte's misogynistic rhetoric and broader sexism; connected to regional #MeToo discourse. Translation/Gloss: I am woman.
Philippines,#HijaAko,#HijaAko,hijaako,word,\bhijaako\b,Support,Support,June 2020: after Frankie Pangilinan rebuked victim-blaming 'hija' advice from broadcaster Ben Tulfo; anti-victim-blaming wave.
Philippines,#HimToo,#HimToo,himtoo,word,\bhimtoo\b,Backlash / Counter,Backlash,Major counter-/backlash hashtag that recast #MeToo through false-accusation or accused-men-as-victims narratives; included as a global backlash search term. Translation/Gloss: Him too.
Philippines,#MeToo,#MeToo,metoo,word,\bmetoo\b,Support / Global,Support,Baseline global #MeToo hashtag; included for every country/territory as the common cross-border search term. Translation/Gloss: Me too.
Philippines,Duterte rape jokes / troll attacks,Duterte rape jokes,duterte rape jokes,word,\bduterte\ rape\ jokes\b,Backlash,Backlash,Presidential misogyny plus coordinated online trolling of women critics constitute the backlash environment.
Philippines,Duterte rape jokes / troll attacks,troll attacks,troll attacks,word,\btroll\ attacks\b,Backlash,Backlash,Presidential misogyny plus coordinated online trolling of women critics constitute the backlash environment.
Philippines,sekswal na panliligalig,sekswal na panliligalig,sekswal na panliligalig,word,\bsekswal\ na\ panliligalig\b,Support / Search Term,Support,Filipino publication/search keyword. Translation/Gloss: sexual harassment.
Pitcairn,#HimToo,#HimToo,himtoo,word,\bhimtoo\b,Backlash / Counter,Backlash,Major counter-/backlash hashtag that recast #MeToo through false-accusation or accused-men-as-victims narratives; included as a global backlash search term. Translation/Gloss: Him too.
Pitcairn,#MeToo,#MeToo,metoo,word,\bmetoo\b,Support / Global,Support,Baseline global #MeToo hashtag; included for every country/territory as the common cross-border search term. Translation/Gloss: Me too.
Poland,#CzarnyProtest / #StrajkKobiet,#CzarnyProtest,czarnyprotest,word,\bczarnyprotest\b,Support / Adjacent Feminist Mass Movement,Support,2016 Black Protest and 2020 Women's Strike against abortion bans - the dominant Polish feminist mobilizations of the period.
Poland,#CzarnyProtest / #StrajkKobiet,#StrajkKobiet,strajkkobiet,word,\bstrajkkobiet\b,Support / Adjacent Feminist Mass Movement,Support,2016 Black Protest and 2020 Women's Strike against abortion bans - the dominant Polish feminist mobilizations of the period.
Poland,#HimToo,#HimToo,himtoo,word,\bhimtoo\b,Backlash / Counter,Backlash,Major counter-/backlash hashtag that recast #MeToo through false-accusation or accused-men-as-victims narratives; included as a global backlash search term. Translation/Gloss: Him too.
Poland,#JaTeż,#JaTeż,jateż,substr,,Support / Translation,Support,Polish equivalent of #MeToo. Translation/Gloss: Me too.
Poland,#MeToo,#MeToo,metoo,word,\bmetoo\b,Support / Global,Support,Baseline global #MeToo hashtag; included for every country/territory as the common cross-border search term. Translation/Gloss: Me too.
Poland,ideologia gender,ideologia gender,ideologia gender,word,\bideologia\ gender\b,Backlash,Backlash,Church/right-wing frame casting feminist and MeToo claims as imported 'gender ideology'.
Poland,molestowanie seksualne,molestowanie seksualne,molestowanie seksualne,word,\bmolestowanie\ seksualne\b,Support / Search Term,Support,Polish publication/search keyword. Translation/Gloss: sexual harassment.
Portugal,#ChegaDeFiuFiu,#ChegaDeFiuFiu,chegadefiufiu,word,\bchegadefiufiu\b,Support / Adjacent,Support,Brazil-origin anti-street-harassment campaign; relevant for Portuguese-language searches. Translation/Gloss: Enough with catcalling.
Portugal,#EuTambém,#EuTambém,eutambém,substr,,Support / Translation,Support,Portuguese equivalent of #MeToo. Translation/Gloss: Me too.
Portugal,#HimToo,#HimToo,himtoo,word,\bhimtoo\b,Backlash / Counter,Backlash,Major counter-/backlash hashtag that recast #MeToo through false-accusation or accused-men-as-victims narratives; included as a global backlash search term. Translation/Gloss: Him too.
Portugal,#MeToo,#MeToo,metoo,word,\bmetoo\b,Support / Global,Support,Baseline global #MeToo hashtag; included for every country/territory as the common cross-border search term. Translation/Gloss: Me too.
Portugal,#PrimeiroAssédio,#PrimeiroAssédio,primeiroassédio,substr,,Support / Adjacent,Support,Brazil-origin hashtag where women shared first harassment experiences. Translation/Gloss: First harassment.
Portugal,assédio sexual,assédio sexual,assédio sexual,substr,,Support / Search Term,Support,Portuguese publication/search keyword. Translation/Gloss: sexual harassment.
Puerto Rico,#Cuéntalo,#Cuéntalo,cuéntalo,substr,,Support / Adjacent,Support,Spanish testimony hashtag associated especially with Spain and the La Manada reckoning; useful across Spanish-language searches. Translation/Gloss: Tell it / tell your story.
Puerto Rico,#HimToo,#HimToo,himtoo,word,\bhimtoo\b,Backlash / Counter,Backlash,Major counter-/backlash hashtag that recast #MeToo through false-accusation or accused-men-as-victims narratives; included as a global backlash search term. Translation/Gloss: Him too.
Puerto Rico,#MeToo,#MeToo,metoo,word,\bmetoo\b,Support / Global,Support,Baseline global #MeToo hashtag; included for every country/territory as the common cross-border search term. Translation/Gloss: Me too.
Puerto Rico,#NiUnaMenos,#NiUnaMenos,niunamenos,word,\bniunamenos\b,Support / Adjacent,Support,Latin American movement against femicide and violence against women; often overlaps with #MeToo-adjacent activism. Translation/Gloss: Not one woman less.
Puerto Rico,#YoSíTeCreo,#YoSíTeCreo,yosítecreo,substr,,Support / Solidarity,Support,Spanish solidarity tag/phrase used around sexual-violence testimony and belief of survivors. Translation/Gloss: I do believe you.
Puerto Rico,#YoTambién,#YoTambién,yotambién,substr,,Support / Translation,Support,Spanish-language equivalent of #MeToo; documented in global/regional lists. Translation/Gloss: Me too.
Puerto Rico,acoso sexual,acoso sexual,acoso sexual,word,\bacoso\ sexual\b,Support / Search Term,Support,Spanish publication/search keyword. Translation/Gloss: sexual harassment.
Qatar,#HimToo,#HimToo,himtoo,word,\bhimtoo\b,Backlash / Counter,Backlash,Major counter-/backlash hashtag that recast #MeToo through false-accusation or accused-men-as-victims narratives; included as a global backlash search term. Translation/Gloss: Him too.
Qatar,#MeToo,#MeToo,metoo,word,\bmetoo\b,Support / Global,Support,Baseline global #MeToo hashtag; included for every country/territory as the common cross-border search term. Translation/Gloss: Me too.
Qatar,#MosqueMeToo,#MosqueMeToo,mosquemetoo,word,\bmosquemetoo\b,Support / Adjacent,Support,"Hashtag for Muslim women's accounts of harassment/abuse during Hajj, in mosques, or in religious spaces. Translation/Gloss: MeToo in mosque/Hajj contexts."
Qatar,#أنا_أيضا,#أنا_أيضا,أنا_أيضا,substr,,Support / Translation,Support,Formal Arabic equivalent of #MeToo. Translation/Gloss: Me too / I also.
Qatar,#أنا_كمان,#أنا_كمان,أنا_كمان,substr,,Support / Translation,Support,Arabic #MeToo counterpart used across Arabic-speaking social media. Translation/Gloss: Me too.
Qatar,التحرش_الجنسي,التحرش_الجنسي,التحرش_الجنسي,substr,,Support / Search Term,Support,Arabic publication/search keyword. Translation/Gloss: sexual harassment.
Qatar,العنف_ضد_المرأة,العنف_ضد_المرأة,العنف_ضد_المرأة,substr,,Support / Search Term,Support,Arabic publication/search keyword. Translation/Gloss: violence against women.
Qatar,تحرش جنسي,تحرش جنسي,تحرش جنسي,substr,,Support / Generic Term,Support,No documented movement.
Republic of the Congo,#BalanceTonPorc,#BalanceTonPorc,balancetonporc,word,\bbalancetonporc\b,Support / Adjacent,Support,French #MeToo-era hashtag for naming or denouncing perpetrators; also provoked public backlash debates. Translation/Gloss: Expose/denounce your pig.
Republic of the Congo,#HimToo,#HimToo,himtoo,word,\bhimtoo\b,Backlash / Counter,Backlash,Major counter-/backlash hashtag that recast #MeToo through false-accusation or accused-men-as-victims narratives; included as a global backlash search term. Translation/Gloss: Him too.
Republic of the Congo,#MeToo,#MeToo,metoo,word,\bmetoo\b,Support / Global,Support,Baseline global #MeToo hashtag; included for every country/territory as the common cross-border search term. Translation/Gloss: Me too.
Republic of the Congo,#MoiAussi,#MoiAussi,moiaussi,word,\bmoiaussi\b,Support / Translation,Support,"French-language equivalent of #MeToo, documented in Canada/Francophone coverage. Translation/Gloss: Me too."
Republic of the Congo,#NousToutes,#NousToutes,noustoutes,word,\bnoustoutes\b,Support / Adjacent,Support,French feminist collective/hashtag after #MeToo and #BalanceTonPorc focused on violence against women. Translation/Gloss: All of us women.
Republic of the Congo,harcèlement sexuel,harcèlement sexuel,harcèlement sexuel,substr,,Support / Search Term,Support,French publication/search keyword. Translation/Gloss: sexual harassment.
Réunion,#BalanceTonPorc,#BalanceTonPorc,balancetonporc,word,\bbalancetonporc\b,Support / Adjacent,Support,French #MeToo-era hashtag for naming or denouncing perpetrators; also provoked public backlash debates. Translation/Gloss: Expose/denounce your pig.
Réunion,#HimToo,#HimToo,himtoo,word,\bhimtoo\b,Backlash / Counter,Backlash,Major counter-/backlash hashtag that recast #MeToo through false-accusation or accused-men-as-victims narratives; included as a global backlash search term. Translation/Gloss: Him too.
Réunion,#MeToo,#MeToo,metoo,word,\bmetoo\b,Support / Global,Support,Baseline global #MeToo hashtag; included for every country/territory as the common cross-border search term. Translation/Gloss: Me too.
Réunion,#MoiAussi,#MoiAussi,moiaussi,word,\bmoiaussi\b,Support / Translation,Support,"French-language equivalent of #MeToo, documented in Canada/Francophone coverage. Translation/Gloss: Me too."
Réunion,#NousToutes,#NousToutes,noustoutes,word,\bnoustoutes\b,Support / Adjacent,Support,French feminist collective/hashtag after #MeToo and #BalanceTonPorc focused on violence against women. Translation/Gloss: All of us women.
Réunion,harcèlement sexuel,harcèlement sexuel,harcèlement sexuel,substr,,Support / Search Term,Support,French publication/search keyword. Translation/Gloss: sexual harassment.
Romania,#HimToo,#HimToo,himtoo,word,\bhimtoo\b,Backlash / Counter,Backlash,Major counter-/backlash hashtag that recast #MeToo through false-accusation or accused-men-as-victims narratives; included as a global backlash search term. Translation/Gloss: Him too.
Romania,#MeToo,#MeToo,metoo,word,\bmetoo\b,Support / Global,Support,Baseline global #MeToo hashtag; included for every country/territory as the common cross-border search term. Translation/Gloss: Me too.
Romania,#ȘiEu,#ȘiEu,șieu,substr,,Support / Translation,Support,Romanian equivalent of #MeToo. Translation/Gloss: Me too.
Romania,hărțuire sexuală,hărțuire sexuală,hărțuire sexuală,substr,,Support / Search Term,Support,Romanian publication/search keyword. Translation/Gloss: sexual harassment.
Russia,#HimToo,#HimToo,himtoo,word,\bhimtoo\b,Backlash / Counter,Backlash,Major counter-/backlash hashtag that recast #MeToo through false-accusation or accused-men-as-victims narratives; included as a global backlash search term. Translation/Gloss: Him too.
Russia,#MeToo,#MeToo,metoo,word,\bmetoo\b,Support / Global,Support,Baseline global #MeToo hashtag; included for every country/territory as the common cross-border search term. Translation/Gloss: Me too.
Russia,#ЯБоюсьМужчин,#ЯБоюсьМужчин,ябоюсьмужчин,substr,,Support / Adjacent,Support,"Russian feminist hashtag against male violence/femicide, reported alongside #MeToo-adjacent campaigns. Translation/Gloss: I fear men."
Russia,#ЯНеБоюсьСказать,#ЯНеБоюсьСказать,янебоюсьсказать,substr,,Support / Adjacent,Support,Russian-language version of the Ukraine/Russia anti-sexual-violence flashmob precursor to #MeToo. Translation/Gloss: I am not afraid to say.
Russia,#ЯНеХотелаУмирать,#ЯНеХотелаУмирать,янехотелаумирать,substr,,Support,Support,Translates to 'I didn't want to die'. A massive digital protest launched in response to the Russian government's 2017 decision to decriminalize certain forms of domestic violence.
Russia,#ЯТоже,#ЯТоже,ятоже,substr,,Support / Translation,Support,Russian #MeToo equivalent/search term. Translation/Gloss: Me too.
Russia,#мне_нужна_гласность,#мне_нужна_гласность,мне_нужна_гласность,substr,,Support,Support,"Translates to 'I need openness'. Specifically addresses everyday sexual harassment, pushing back against a strong culture that minimizes the severity of gender-based abuse."
Russia,Диана Шурыгина / охота на ведьм,Диана Шурыгина,диана шурыгина,substr,,Backlash,Backlash,2017 Shurygina TV spectacle epitomized victim-blaming culture; 'witch hunt' plus state framing of feminism as Western import dominate backlash.
Russia,Диана Шурыгина / охота на ведьм,охота на ведьм,охота на ведьм,substr,,Backlash,Backlash,2017 Shurygina TV spectacle epitomized victim-blaming culture; 'witch hunt' plus state framing of feminism as Western import dominate backlash.
Russia,Слуцкий (Leonid Slutsky),Слуцкий (Leonid Slutsky),слуцкий (leonid slutsky),substr,,Support / Case + Backlash / Institutional,Support,Feb-Mar 2018: journalists accused Duma deputy Slutsky of harassment; Duma ethics committee cleared him and outlets boycotted parliament - Russia's aborted MeToo.
Russia,сексуальные домогательства,сексуальные домогательства,сексуальные домогательства,substr,,Support / Search Term,Support,Russian publication/search keyword. Translation/Gloss: sexual harassment.
Russia,сёстры Хачатурян / #СвободуСёстрамХачатурян,сёстры Хачатурян,сёстры хачатурян,substr,,Support,Support,Khachaturyan sisters case (2018+): killed their abusive father; cause célèbre against domestic violence (decriminalized 2017 - key context keyword 'домашнее насилие').
Russia,сёстры Хачатурян / #СвободуСёстрамХачатурян,#СвободуСёстрамХачатурян,свободусёстрамхачатурян,substr,,Support,Support,Khachaturyan sisters case (2018+): killed their abusive father; cause célèbre against domestic violence (decriminalized 2017 - key context keyword 'домашнее насилие').
Rwanda,#BalanceTonPorc,#BalanceTonPorc,balancetonporc,word,\bbalancetonporc\b,Support / Adjacent,Support,French #MeToo-era hashtag for naming or denouncing perpetrators; also provoked public backlash debates. Translation/Gloss: Expose/denounce your pig.
Rwanda,#HimToo,#HimToo,himtoo,word,\bhimtoo\b,Backlash / Counter,Backlash,Major counter-/backlash hashtag that recast #MeToo through false-accusation or accused-men-as-victims narratives; included as a global backlash search term. Translation/Gloss: Him too.
Rwanda,#MeToo,#MeToo,metoo,word,\bmetoo\b,Support / Global,Support,Baseline global #MeToo hashtag; included for every country/territory as the common cross-border search term. Translation/Gloss: Me too.
Rwanda,#MoiAussi,#MoiAussi,moiaussi,word,\bmoiaussi\b,Support / Translation,Support,"French-language equivalent of #MeToo, documented in Canada/Francophone coverage. Translation/Gloss: Me too."
Rwanda,#NousToutes,#NousToutes,noustoutes,word,\bnoustoutes\b,Support / Adjacent,Support,French feminist collective/hashtag after #MeToo and #BalanceTonPorc focused on violence against women. Translation/Gloss: All of us women.
Rwanda,harcèlement sexuel,harcèlement sexuel,harcèlement sexuel,substr,,Support / Search Term,Support,French publication/search keyword. Translation/Gloss: sexual harassment.
Rwanda,sexual harassment (generic),sexual harassment,sexual harassment,word,\bsexual\ harassment\b,Support / Generic Term,Support,No documented national wave.
Rwanda,ukatili dhidi ya wanawake,ukatili dhidi ya wanawake,ukatili dhidi ya wanawake,word,\bukatili\ dhidi\ ya\ wanawake\b,Support / Search Term,Support,Swahili search keyword. Translation/Gloss: violence against women.
Rwanda,unyanyasaji wa kijinsia,unyanyasaji wa kijinsia,unyanyasaji wa kijinsia,word,\bunyanyasaji\ wa\ kijinsia\b,Support / Search Term,Support,Swahili search keyword used across East/Central African contexts. Translation/Gloss: gender/sexual harassment.
Saint Barthélemy,#BalanceTonPorc,#BalanceTonPorc,balancetonporc,word,\bbalancetonporc\b,Support / Adjacent,Support,French #MeToo-era hashtag for naming or denouncing perpetrators; also provoked public backlash debates. Translation/Gloss: Expose/denounce your pig.
Saint Barthélemy,#HimToo,#HimToo,himtoo,word,\bhimtoo\b,Backlash / Counter,Backlash,Major counter-/backlash hashtag that recast #MeToo through false-accusation or accused-men-as-victims narratives; included as a global backlash search term. Translation/Gloss: Him too.
Saint Barthélemy,#MeToo,#MeToo,metoo,word,\bmetoo\b,Support / Global,Support,Baseline global #MeToo hashtag; included for every country/territory as the common cross-border search term. Translation/Gloss: Me too.
Saint Barthélemy,#MoiAussi,#MoiAussi,moiaussi,word,\bmoiaussi\b,Support / Translation,Support,"French-language equivalent of #MeToo, documented in Canada/Francophone coverage. Translation/Gloss: Me too."
Saint Barthélemy,#NousToutes,#NousToutes,noustoutes,word,\bnoustoutes\b,Support / Adjacent,Support,French feminist collective/hashtag after #MeToo and #BalanceTonPorc focused on violence against women. Translation/Gloss: All of us women.
Saint Barthélemy,harcèlement sexuel,harcèlement sexuel,harcèlement sexuel,substr,,Support / Search Term,Support,French publication/search keyword. Translation/Gloss: sexual harassment.
"Saint Helena, Ascension and Tristan da Cunha",#BelieveWomen,#BelieveWomen,believewomen,word,\bbelievewomen\b,Support / Solidarity,Support,Survivor-belief and anti-victim-blaming phrase used in #MeToo-related discourse. Translation/Gloss: Believe women.
"Saint Helena, Ascension and Tristan da Cunha",#HimToo,#HimToo,himtoo,word,\bhimtoo\b,Backlash / Counter,Backlash,Major counter-/backlash hashtag that recast #MeToo through false-accusation or accused-men-as-victims narratives; included as a global backlash search term. Translation/Gloss: Him too.
"Saint Helena, Ascension and Tristan da Cunha",#MeToo,#MeToo,metoo,word,\bmetoo\b,Support / Global,Support,Baseline global #MeToo hashtag; included for every country/territory as the common cross-border search term. Translation/Gloss: Me too.
"Saint Helena, Ascension and Tristan da Cunha",#TimesUp,#TimesUp,timesup,word,\btimesup\b,Support / Solidarity,Support,Transnational accountability and anti-harassment hashtag frequently paired with #MeToo. Translation/Gloss: Time is up.
"Saint Helena, Ascension and Tristan da Cunha",sexual harassment,sexual harassment,sexual harassment,word,\bsexual\ harassment\b,Support / Search Term,Support,English search keyword for #MeToo-related social-media and publication searches. Translation/Gloss: sexual harassment.
"Saint Helena, Ascension and Tristan da Cunha",violence against women,violence against women,violence against women,word,\bviolence\ against\ women\b,Support / Search Term,Support,English search keyword for adjacent #MeToo and gender-based violence coverage. Translation/Gloss: violence against women.
Saint Kitts and Nevis,#BelieveWomen,#BelieveWomen,believewomen,word,\bbelievewomen\b,Support / Solidarity,Support,Survivor-belief and anti-victim-blaming phrase used in #MeToo-related discourse. Translation/Gloss: Believe women.
Saint Kitts and Nevis,#HimToo,#HimToo,himtoo,word,\bhimtoo\b,Backlash / Counter,Backlash,Major counter-/backlash hashtag that recast #MeToo through false-accusation or accused-men-as-victims narratives; included as a global backlash search term. Translation/Gloss: Him too.
Saint Kitts and Nevis,#MeToo,#MeToo,metoo,word,\bmetoo\b,Support / Global,Support,Baseline global #MeToo hashtag; included for every country/territory as the common cross-border search term. Translation/Gloss: Me too.
Saint Kitts and Nevis,#TimesUp,#TimesUp,timesup,word,\btimesup\b,Support / Solidarity,Support,Transnational accountability and anti-harassment hashtag frequently paired with #MeToo. Translation/Gloss: Time is up.
Saint Kitts and Nevis,sexual harassment,sexual harassment,sexual harassment,word,\bsexual\ harassment\b,Support / Search Term,Support,English search keyword for #MeToo-related social-media and publication searches. Translation/Gloss: sexual harassment.
Saint Kitts and Nevis,violence against women,violence against women,violence against women,word,\bviolence\ against\ women\b,Support / Search Term,Support,English search keyword for adjacent #MeToo and gender-based violence coverage. Translation/Gloss: violence against women.
Saint Kitts and Nevis,#LifeInLeggings,#LifeInLeggings,lifeinleggings,word,\blifeinleggings\b,Support,Support,Regional Caribbean tag; no distinct national movement.
Saint Lucia,#BelieveWomen,#BelieveWomen,believewomen,word,\bbelievewomen\b,Support / Solidarity,Support,Survivor-belief and anti-victim-blaming phrase used in #MeToo-related discourse. Translation/Gloss: Believe women.
Saint Lucia,#HimToo,#HimToo,himtoo,word,\bhimtoo\b,Backlash / Counter,Backlash,Major counter-/backlash hashtag that recast #MeToo through false-accusation or accused-men-as-victims narratives; included as a global backlash search term. Translation/Gloss: Him too.
Saint Lucia,#MeToo,#MeToo,metoo,word,\bmetoo\b,Support / Global,Support,Baseline global #MeToo hashtag; included for every country/territory as the common cross-border search term. Translation/Gloss: Me too.
Saint Lucia,#TimesUp,#TimesUp,timesup,word,\btimesup\b,Support / Solidarity,Support,Transnational accountability and anti-harassment hashtag frequently paired with #MeToo. Translation/Gloss: Time is up.
Saint Lucia,sexual harassment,sexual harassment,sexual harassment,word,\bsexual\ harassment\b,Support / Search Term,Support,English search keyword for #MeToo-related social-media and publication searches. Translation/Gloss: sexual harassment.
Saint Lucia,violence against women,violence against women,violence against women,word,\bviolence\ against\ women\b,Support / Search Term,Support,English search keyword for adjacent #MeToo and gender-based violence coverage. Translation/Gloss: violence against women.
Saint Martin (French part),#BalanceTonPorc,#BalanceTonPorc,balancetonporc,word,\bbalancetonporc\b,Support / Adjacent,Support,French #MeToo-era hashtag for naming or denouncing perpetrators; also provoked public backlash debates. Translation/Gloss: Expose/denounce your pig.
Saint Martin (French part),#HimToo,#HimToo,himtoo,word,\bhimtoo\b,Backlash / Counter,Backlash,Major counter-/backlash hashtag that recast #MeToo through false-accusation or accused-men-as-victims narratives; included as a global backlash search term. Translation/Gloss: Him too.
Saint Martin (French part),#MeToo,#MeToo,metoo,word,\bmetoo\b,Support / Global,Support,Baseline global #MeToo hashtag; included for every country/territory as the common cross-border search term. Translation/Gloss: Me too.
Saint Martin (French part),#MoiAussi,#MoiAussi,moiaussi,word,\bmoiaussi\b,Support / Translation,Support,"French-language equivalent of #MeToo, documented in Canada/Francophone coverage. Translation/Gloss: Me too."
Saint Martin (French part),#NousToutes,#NousToutes,noustoutes,word,\bnoustoutes\b,Support / Adjacent,Support,French feminist collective/hashtag after #MeToo and #BalanceTonPorc focused on violence against women. Translation/Gloss: All of us women.
Saint Martin (French part),harcèlement sexuel,harcèlement sexuel,harcèlement sexuel,substr,,Support / Search Term,Support,French publication/search keyword. Translation/Gloss: sexual harassment.
Saint Pierre and Miquelon,#BalanceTonPorc,#BalanceTonPorc,balancetonporc,word,\bbalancetonporc\b,Support / Adjacent,Support,French #MeToo-era hashtag for naming or denouncing perpetrators; also provoked public backlash debates. Translation/Gloss: Expose/denounce your pig.
Saint Pierre and Miquelon,#HimToo,#HimToo,himtoo,word,\bhimtoo\b,Backlash / Counter,Backlash,Major counter-/backlash hashtag that recast #MeToo through false-accusation or accused-men-as-victims narratives; included as a global backlash search term. Translation/Gloss: Him too.
Saint Pierre and Miquelon,#MeToo,#MeToo,metoo,word,\bmetoo\b,Support / Global,Support,Baseline global #MeToo hashtag; included for every country/territory as the common cross-border search term. Translation/Gloss: Me too.
Saint Pierre and Miquelon,#MoiAussi,#MoiAussi,moiaussi,word,\bmoiaussi\b,Support / Translation,Support,"French-language equivalent of #MeToo, documented in Canada/Francophone coverage. Translation/Gloss: Me too."
Saint Pierre and Miquelon,#NousToutes,#NousToutes,noustoutes,word,\bnoustoutes\b,Support / Adjacent,Support,French feminist collective/hashtag after #MeToo and #BalanceTonPorc focused on violence against women. Translation/Gloss: All of us women.
Saint Pierre and Miquelon,harcèlement sexuel,harcèlement sexuel,harcèlement sexuel,substr,,Support / Search Term,Support,French publication/search keyword. Translation/Gloss: sexual harassment.
Saint Vincent and the Grenadines,#BelieveWomen,#BelieveWomen,believewomen,word,\bbelievewomen\b,Support / Solidarity,Support,Survivor-belief and anti-victim-blaming phrase used in #MeToo-related discourse. Translation/Gloss: Believe women.
Saint Vincent and the Grenadines,#HimToo,#HimToo,himtoo,word,\bhimtoo\b,Backlash / Counter,Backlash,Major counter-/backlash hashtag that recast #MeToo through false-accusation or accused-men-as-victims narratives; included as a global backlash search term. Translation/Gloss: Him too.
Saint Vincent and the Grenadines,#MeToo,#MeToo,metoo,word,\bmetoo\b,Support / Global,Support,Baseline global #MeToo hashtag; included for every country/territory as the common cross-border search term. Translation/Gloss: Me too.
Saint Vincent and the Grenadines,#TimesUp,#TimesUp,timesup,word,\btimesup\b,Support / Solidarity,Support,Transnational accountability and anti-harassment hashtag frequently paired with #MeToo. Translation/Gloss: Time is up.
Saint Vincent and the Grenadines,sexual harassment,sexual harassment,sexual harassment,word,\bsexual\ harassment\b,Support / Search Term,Support,English search keyword for #MeToo-related social-media and publication searches. Translation/Gloss: sexual harassment.
Saint Vincent and the Grenadines,violence against women,violence against women,violence against women,word,\bviolence\ against\ women\b,Support / Search Term,Support,English search keyword for adjacent #MeToo and gender-based violence coverage. Translation/Gloss: violence against women.
Samoa,#HimToo,#HimToo,himtoo,word,\bhimtoo\b,Backlash / Counter,Backlash,Major counter-/backlash hashtag that recast #MeToo through false-accusation or accused-men-as-victims narratives; included as a global backlash search term. Translation/Gloss: Him too.
Samoa,#MeToo,#MeToo,metoo,word,\bmetoo\b,Support / Global,Support,Baseline global #MeToo hashtag; included for every country/territory as the common cross-border search term. Translation/Gloss: Me too.
San Marino,#HimToo,#HimToo,himtoo,word,\bhimtoo\b,Backlash / Counter,Backlash,Major counter-/backlash hashtag that recast #MeToo through false-accusation or accused-men-as-victims narratives; included as a global backlash search term. Translation/Gloss: Him too.
San Marino,#IoAnche,#IoAnche,ioanche,word,\bioanche\b,Support / Translation,Support,Italian equivalent of #MeToo. Translation/Gloss: Me too.
San Marino,#MeToo,#MeToo,metoo,word,\bmetoo\b,Support / Global,Support,Baseline global #MeToo hashtag; included for every country/territory as the common cross-border search term. Translation/Gloss: Me too.
San Marino,#QuellaVoltaChe,#QuellaVoltaChe,quellavoltache,word,\bquellavoltache\b,Support / Adjacent,Support,Italian #MeToo-era testimony hashtag. Translation/Gloss: That time when.
San Marino,molestie sessuali,molestie sessuali,molestie sessuali,word,\bmolestie\ sessuali\b,Support / Search Term,Support,Italian publication/search keyword. Translation/Gloss: sexual harassment.
São Tomé and Príncipe,#ChegaDeFiuFiu,#ChegaDeFiuFiu,chegadefiufiu,word,\bchegadefiufiu\b,Support / Adjacent,Support,Brazil-origin anti-street-harassment campaign; relevant for Portuguese-language searches. Translation/Gloss: Enough with catcalling.
São Tomé and Príncipe,#EuTambém,#EuTambém,eutambém,substr,,Support / Translation,Support,Portuguese equivalent of #MeToo. Translation/Gloss: Me too.
São Tomé and Príncipe,#HimToo,#HimToo,himtoo,word,\bhimtoo\b,Backlash / Counter,Backlash,Major counter-/backlash hashtag that recast #MeToo through false-accusation or accused-men-as-victims narratives; included as a global backlash search term. Translation/Gloss: Him too.
São Tomé and Príncipe,#MeToo,#MeToo,metoo,word,\bmetoo\b,Support / Global,Support,Baseline global #MeToo hashtag; included for every country/territory as the common cross-border search term. Translation/Gloss: Me too.
São Tomé and Príncipe,#PrimeiroAssédio,#PrimeiroAssédio,primeiroassédio,substr,,Support / Adjacent,Support,Brazil-origin hashtag where women shared first harassment experiences. Translation/Gloss: First harassment.
São Tomé and Príncipe,assédio sexual,assédio sexual,assédio sexual,substr,,Support / Search Term,Support,Portuguese publication/search keyword. Translation/Gloss: sexual harassment.
Saudi Arabia,#HimToo,#HimToo,himtoo,word,\bhimtoo\b,Backlash / Counter,Backlash,Major counter-/backlash hashtag that recast #MeToo through false-accusation or accused-men-as-victims narratives; included as a global backlash search term. Translation/Gloss: Him too.
Saudi Arabia,#MeToo,#MeToo,metoo,word,\bmetoo\b,Support / Global,Support,Baseline global #MeToo hashtag; included for every country/territory as the common cross-border search term. Translation/Gloss: Me too.
Saudi Arabia,#MosqueMeToo,#MosqueMeToo,mosquemetoo,word,\bmosquemetoo\b,Support / Adjacent,Support,"Saudi Arabia/Hajj context: hashtag for harassment or abuse in holy places, including accounts connected to pilgrimage to Mecca. Translation/Gloss: MeToo in mosque/Hajj contexts."
Saudi Arabia,#أنا_أيضا,#أنا_أيضا,أنا_أيضا,substr,,Support / Translation,Support,Formal Arabic equivalent of #MeToo. Translation/Gloss: Me too / I also.
Saudi Arabia,#أنا_كمان,#أنا_كمان,أنا_كمان,substr,,Support / Translation,Support,Arabic #MeToo counterpart used across Arabic-speaking social media. Translation/Gloss: Me too.
Saudi Arabia,Loujain al-Hathloul / Rahaf Mohammed,Loujain al-Hathloul,loujain al-hathloul,word,\bloujain\ al\-hathloul\b,Support / Cases,Support,Jailed driving activist; 2019 #SaveRahaf asylum episode. State prosecution of activists = backlash context.
Saudi Arabia,Loujain al-Hathloul / Rahaf Mohammed,Rahaf Mohammed,rahaf mohammed,word,\brahaf\ mohammed\b,Support / Cases,Support,Jailed driving activist; 2019 #SaveRahaf asylum episode. State prosecution of activists = backlash context.
Saudi Arabia,التحرش_الجنسي,التحرش_الجنسي,التحرش_الجنسي,substr,,Support / Search Term,Support,Arabic publication/search keyword. Translation/Gloss: sexual harassment.
Saudi Arabia,العنف_ضد_المرأة,العنف_ضد_المرأة,العنف_ضد_المرأة,substr,,Support / Search Term,Support,Arabic publication/search keyword. Translation/Gloss: violence against women.
Saudi Arabia,سعوديات_نطالب_باسقاط_الولاية (end guardianship),سعوديات_نطالب_باسقاط_الولاية (end guardianship),سعوديات_نطالب_باسقاط_الولاية (end guardianship),substr,,Support / Adjacent Women's-Rights,Support,"2016+ campaign to end male guardianship; with #Women2Drive, the main Saudi women's-rights mobilizations; MeToo-style naming is nearly absent due to repression."
Senegal,#BalanceTonPorc,#BalanceTonPorc,balancetonporc,word,\bbalancetonporc\b,Support / Adjacent,Support,French #MeToo-era hashtag for naming or denouncing perpetrators; also provoked public backlash debates. Translation/Gloss: Expose/denounce your pig.
Senegal,#Doyna,#Doyna,doyna,word,\bdoyna\b,Support,Support,"'That's enough', Dec 2018 (Fatima Zahra Ba); resurfaced in the 2019-20 push that criminalized rape (law passed Jan 2020)."
Senegal,#HimToo,#HimToo,himtoo,word,\bhimtoo\b,Backlash / Counter,Backlash,Major counter-/backlash hashtag that recast #MeToo through false-accusation or accused-men-as-victims narratives; included as a global backlash search term. Translation/Gloss: Him too.
Senegal,#MeToo,#MeToo,metoo,word,\bmetoo\b,Support / Global,Support,Baseline global #MeToo hashtag; included for every country/territory as the common cross-border search term. Translation/Gloss: Me too.
Senegal,#MoiAussi,#MoiAussi,moiaussi,word,\bmoiaussi\b,Support / Translation,Support,"French-language equivalent of #MeToo, documented in Canada/Francophone coverage. Translation/Gloss: Me too."
Senegal,#Nopiwouma,#Nopiwouma,nopiwouma,word,\bnopiwouma\b,Support,Support,"'I will not shut up', Nov 2017, launched by Ndambaw Kama Thiat and Olivia Codou to break silence on GBV; explicitly inspired by #MeToo/#BalanceTonPorc."
Senegal,#NousToutes,#NousToutes,noustoutes,word,\bnoustoutes\b,Support / Adjacent,Support,French feminist collective/hashtag after #MeToo and #BalanceTonPorc focused on violence against women. Translation/Gloss: All of us women.
Senegal,Adji Sarr / Ousmane Sonko,Adji Sarr,adji sarr,word,\badji\ sarr\b,Ambiguous / Politicized,Ambiguous,"2021 rape accusation against opposition leader Sonko; massively politicized (riots, #FreeSenegal pro-Sonko) - stance labels unreliable without context."
Senegal,Adji Sarr / Ousmane Sonko,Ousmane Sonko,ousmane sonko,word,\bousmane\ sonko\b,Ambiguous / Politicized,Ambiguous,"2021 rape accusation against opposition leader Sonko; massively politicized (riots, #FreeSenegal pro-Sonko) - stance labels unreliable without context."
Senegal,harcèlement sexuel,harcèlement sexuel,harcèlement sexuel,substr,,Support / Search Term,Support,French publication/search keyword. Translation/Gloss: sexual harassment.
Senegal,soutoura / masla / muñ,soutoura,soutoura,word,\bsoutoura\b,Backlash / Cultural Silencing Terms,Backlash,Discretion/tolerance/endurance - Wolof terms invoked to silence survivors; useful as counter-discourse markers.
Senegal,soutoura / masla / muñ,masla,masla,word,\bmasla\b,Backlash / Cultural Silencing Terms,Backlash,Discretion/tolerance/endurance - Wolof terms invoked to silence survivors; useful as counter-discourse markers.
Senegal,soutoura / masla / muñ,muñ,muñ,substr,,Backlash / Cultural Silencing Terms,Backlash,Discretion/tolerance/endurance - Wolof terms invoked to silence survivors; useful as counter-discourse markers.
Serbia,#HimToo,#HimToo,himtoo,word,\bhimtoo\b,Backlash / Counter,Backlash,Major counter-/backlash hashtag that recast #MeToo through false-accusation or accused-men-as-victims narratives; included as a global backlash search term. Translation/Gloss: Him too.
Serbia,#MeToo,#MeToo,metoo,word,\bmetoo\b,Support / Global,Support,Baseline global #MeToo hashtag; included for every country/territory as the common cross-border search term. Translation/Gloss: Me too.
Serbia,#NisamTražila,#NisamTražila,nisamtražila,substr,,Support,Support,"'I didn't ask for it', Jan 2021: actress Milena Radulović reported acting teacher Miroslav Aleksić for rape (convicted 2024); sparked the Balkan-wide wave."
Serbia,#NisiSama,#NisiSama,nisisama,word,\bnisisama\b,Support / Solidarity,Support,Serbia: solidarity tag used around Serbian #MeToo disclosures including Marija Lukic/Milena Radulovic cases. Translation/Gloss: You are not alone.
Serbia,#PravdaZaMarijuLukić,#PravdaZaMarijuLukić,pravdazamarijulukić,substr,,Support / Solidarity,Support,Serbia: justice campaign around Marija Lukic's sexual-harassment case against a local mayor. Translation/Gloss: Justice for Marija Lukic.
Serbia,#nisamprijavila,#nisamprijavila,nisamprijavila,word,\bnisamprijavila\b,Support / Adjacent,Support,Serbia/Western Balkans: survivors used the tag to recount abuse and failures of reporting systems. Translation/Gloss: I did not report.
Serbia,Danijela Štajnfeld / Branislav Lečić,Danijela Štajnfeld,danijela štajnfeld,substr,,Support / Case,Support,2021: actress accused actor/ex-minister Lečić of rape; tabloid attacks on accusers = backlash thread.
Serbia,Danijela Štajnfeld / Branislav Lečić,Branislav Lečić,branislav lečić,substr,,Support / Case,Support,2021: actress accused actor/ex-minister Lečić of rape; tabloid attacks on accusers = backlash thread.
Serbia,seksualno uznemiravanje,seksualno uznemiravanje,seksualno uznemiravanje,word,\bseksualno\ uznemiravanje\b,Support / Search Term,Support,Bosnian/Croatian/Serbian search keyword. Translation/Gloss: sexual harassment.
Seychelles,#BalanceTonPorc,#BalanceTonPorc,balancetonporc,word,\bbalancetonporc\b,Support / Adjacent,Support,French #MeToo-era hashtag for naming or denouncing perpetrators; also provoked public backlash debates. Translation/Gloss: Expose/denounce your pig.
Seychelles,#HimToo,#HimToo,himtoo,word,\bhimtoo\b,Backlash / Counter,Backlash,Major counter-/backlash hashtag that recast #MeToo through false-accusation or accused-men-as-victims narratives; included as a global backlash search term. Translation/Gloss: Him too.
Seychelles,#MeToo,#MeToo,metoo,word,\bmetoo\b,Support / Global,Support,Baseline global #MeToo hashtag; included for every country/territory as the common cross-border search term. Translation/Gloss: Me too.
Seychelles,#MoiAussi,#MoiAussi,moiaussi,word,\bmoiaussi\b,Support / Translation,Support,"French-language equivalent of #MeToo, documented in Canada/Francophone coverage. Translation/Gloss: Me too."
Seychelles,#NousToutes,#NousToutes,noustoutes,word,\bnoustoutes\b,Support / Adjacent,Support,French feminist collective/hashtag after #MeToo and #BalanceTonPorc focused on violence against women. Translation/Gloss: All of us women.
Seychelles,harcèlement sexuel,harcèlement sexuel,harcèlement sexuel,substr,,Support / Search Term,Support,French publication/search keyword. Translation/Gloss: sexual harassment.
Sierra Leone,#BelieveWomen,#BelieveWomen,believewomen,word,\bbelievewomen\b,Support / Solidarity,Support,Survivor-belief and anti-victim-blaming phrase used in #MeToo-related discourse. Translation/Gloss: Believe women.
Sierra Leone,#HandsOffOurGirls,#HandsOffOurGirls,handsoffourgirls,word,\bhandsoffourgirls\b,Support,Support,First Lady Fatima Bio's 2018+ campaign; Feb 2019 rape declared a national emergency after child-rape cases.
Sierra Leone,#HimToo,#HimToo,himtoo,word,\bhimtoo\b,Backlash / Counter,Backlash,Major counter-/backlash hashtag that recast #MeToo through false-accusation or accused-men-as-victims narratives; included as a global backlash search term. Translation/Gloss: Him too.
Sierra Leone,#MeToo,#MeToo,metoo,word,\bmetoo\b,Support / Global,Support,Baseline global #MeToo hashtag; included for every country/territory as the common cross-border search term. Translation/Gloss: Me too.
Sierra Leone,#TimesUp,#TimesUp,timesup,word,\btimesup\b,Support / Solidarity,Support,Transnational accountability and anti-harassment hashtag frequently paired with #MeToo. Translation/Gloss: Time is up.
Sierra Leone,sexual harassment,sexual harassment,sexual harassment,word,\bsexual\ harassment\b,Support / Search Term,Support,English search keyword for #MeToo-related social-media and publication searches. Translation/Gloss: sexual harassment.
Sierra Leone,violence against women,violence against women,violence against women,word,\bviolence\ against\ women\b,Support / Search Term,Support,English search keyword for adjacent #MeToo and gender-based violence coverage. Translation/Gloss: violence against women.
Singapore,#BelieveWomen,#BelieveWomen,believewomen,word,\bbelievewomen\b,Support / Solidarity,Support,Survivor-belief and anti-victim-blaming phrase used in #MeToo-related discourse. Translation/Gloss: Believe women.
Singapore,#HimToo,#HimToo,himtoo,word,\bhimtoo\b,Backlash / Counter,Backlash,Major counter-/backlash hashtag that recast #MeToo through false-accusation or accused-men-as-victims narratives; included as a global backlash search term. Translation/Gloss: Him too.
Singapore,#MeToo,#MeToo,metoo,word,\bmetoo\b,Support / Global,Support,Baseline global #MeToo hashtag; included for every country/territory as the common cross-border search term. Translation/Gloss: Me too.
Singapore,#MulaiBicara,#MulaiBicara,mulaibicara,word,\bmulaibicara\b,Support / Adjacent,Support,Southeast Asian #MeToo-adjacent phrase for beginning to speak about harassment/violence. Translation/Gloss: Start speaking.
Singapore,#RiceBunny,#RiceBunny,ricebunny,word,\bricebunny\b,Support / Censorship Workaround,Support,English transliteration/hashtag version of the Chinese coded #MeToo phrase. Translation/Gloss: Rice bunny / MeToo homophone.
Singapore,#SayaJuga,#SayaJuga,sayajuga,word,\bsayajuga\b,Support / Translation / Localized,Support,Malay/Indonesian equivalent and local #MeToo-inspired hashtag. Translation/Gloss: Me too.
Singapore,#TimesUp,#TimesUp,timesup,word,\btimesup\b,Support / Solidarity,Support,Transnational accountability and anti-harassment hashtag frequently paired with #MeToo. Translation/Gloss: Time is up.
Singapore,#我也是,#我也是,我也是,substr,,Support / Translation,Support,Chinese #MeToo equivalent. Translation/Gloss: Me too.
Singapore,Monica Baey,Monica Baey,monica baey,word,\bmonica\ baey\b,Support / Trigger Case,Support,Apr 2019: NUS student went public on Instagram after lenient handling of a peeping-tom case; forced university and national policy responses - Singapore's MeToo moment (AWARE = key NGO).
Singapore,pelecehan seksual,pelecehan seksual,pelecehan seksual,word,\bpelecehan\ seksual\b,Support / Search Term,Support,Indonesian/Malay publication/search keyword. Translation/Gloss: sexual harassment.
Singapore,sexual harassment,sexual harassment,sexual harassment,word,\bsexual\ harassment\b,Support / Search Term,Support,English search keyword for #MeToo-related social-media and publication searches. Translation/Gloss: sexual harassment.
Singapore,violence against women,violence against women,violence against women,word,\bviolence\ against\ women\b,Support / Search Term,Support,English search keyword for adjacent #MeToo and gender-based violence coverage. Translation/Gloss: violence against women.
Singapore,性骚扰,性骚扰,性骚扰,substr,,Support / Search Term,Support,Chinese publication/search keyword. Translation/Gloss: sexual harassment.
Sint Maarten (Dutch part),#HimToo,#HimToo,himtoo,word,\bhimtoo\b,Backlash / Counter,Backlash,Major counter-/backlash hashtag that recast #MeToo through false-accusation or accused-men-as-victims narratives; included as a global backlash search term. Translation/Gloss: Him too.
Sint Maarten (Dutch part),#IkOok,#IkOok,ikook,word,\bikook\b,Support / Translation,Support,Dutch equivalent of #MeToo. Translation/Gloss: Me too.
Sint Maarten (Dutch part),#MeToo,#MeToo,metoo,word,\bmetoo\b,Support / Global,Support,Baseline global #MeToo hashtag; included for every country/territory as the common cross-border search term. Translation/Gloss: Me too.
Sint Maarten (Dutch part),seksuele intimidatie,seksuele intimidatie,seksuele intimidatie,word,\bseksuele\ intimidatie\b,Support / Search Term,Support,Dutch publication/search keyword. Translation/Gloss: sexual harassment.
Slovakia,#AjJa,#AjJa,ajja,word,\bajja\b,Support / Translation,Support,Slovak equivalent of #MeToo. Translation/Gloss: Me too.
Slovakia,#HimToo,#HimToo,himtoo,word,\bhimtoo\b,Backlash / Counter,Backlash,Major counter-/backlash hashtag that recast #MeToo through false-accusation or accused-men-as-victims narratives; included as a global backlash search term. Translation/Gloss: Him too.
Slovakia,#MeToo,#MeToo,metoo,word,\bmetoo\b,Support / Global,Support,Baseline global #MeToo hashtag; included for every country/territory as the common cross-border search term. Translation/Gloss: Me too.
Slovakia,sexuálne obťažovanie,sexuálne obťažovanie,sexuálne obťažovanie,substr,,Support / Generic Term,Support,Skeptical climate similar to Czechia; no distinct national wave documented.
Slovenia,#HimToo,#HimToo,himtoo,word,\bhimtoo\b,Backlash / Counter,Backlash,Major counter-/backlash hashtag that recast #MeToo through false-accusation or accused-men-as-victims narratives; included as a global backlash search term. Translation/Gloss: Him too.
Slovenia,#MeToo,#MeToo,metoo,word,\bmetoo\b,Support / Global,Support,Baseline global #MeToo hashtag; included for every country/territory as the common cross-border search term. Translation/Gloss: Me too.
Slovenia,#NisamTražila,#NisamTražila,nisamtražila,substr,,Support / Adjacent,Support,Western Balkan survivor-support initiative responding to sexual violence disclosures. Translation/Gloss: I didn't ask for it.
Slovenia,#jaztudi,#jaztudi,jaztudi,word,\bjaztudi\b,Support,Support,"Slovenian 'me too', 2018 testimony campaign run by Inštitut 8. marec (Nika Kovač)."
Slovenia,#nisamprijavila,#nisamprijavila,nisamprijavila,word,\bnisamprijavila\b,Support / Adjacent,Support,Western Balkan hashtag where women recounted sexual abuse/harassment and barriers to reporting. Translation/Gloss: I did not report.
Slovenia,samo ja pomeni ja,samo ja pomeni ja,samo ja pomeni ja,word,\bsamo\ ja\ pomeni\ ja\b,Support,Support,'Only yes means yes' - consent-based rape-law campaign; law passed June 2021.
Slovenia,seksualno uznemiravanje,seksualno uznemiravanje,seksualno uznemiravanje,word,\bseksualno\ uznemiravanje\b,Support / Search Term,Support,Bosnian/Croatian/Serbian search keyword. Translation/Gloss: sexual harassment.
Solomon Islands,#HimToo,#HimToo,himtoo,word,\bhimtoo\b,Backlash / Counter,Backlash,Major counter-/backlash hashtag that recast #MeToo through false-accusation or accused-men-as-victims narratives; included as a global backlash search term. Translation/Gloss: Him too.
Solomon Islands,#MeToo,#MeToo,metoo,word,\bmetoo\b,Support / Global,Support,Baseline global #MeToo hashtag; included for every country/territory as the common cross-border search term. Translation/Gloss: Me too.
Somalia,#HimToo,#HimToo,himtoo,word,\bhimtoo\b,Backlash / Counter,Backlash,Major counter-/backlash hashtag that recast #MeToo through false-accusation or accused-men-as-victims narratives; included as a global backlash search term. Translation/Gloss: Him too.
Somalia,#MeToo,#MeToo,metoo,word,\bmetoo\b,Support / Global,Support,Baseline global #MeToo hashtag; included for every country/territory as the common cross-border search term. Translation/Gloss: Me too.
Somalia,#MosqueMeToo,#MosqueMeToo,mosquemetoo,word,\bmosquemetoo\b,Support / Adjacent,Support,"Hashtag for Muslim women's accounts of harassment/abuse during Hajj, in mosques, or in religious spaces. Translation/Gloss: MeToo in mosque/Hajj contexts."
Somalia,#أنا_أيضا,#أنا_أيضا,أنا_أيضا,substr,,Support / Translation,Support,Formal Arabic equivalent of #MeToo. Translation/Gloss: Me too / I also.
Somalia,#أنا_كمان,#أنا_كمان,أنا_كمان,substr,,Support / Translation,Support,Arabic #MeToo counterpart used across Arabic-speaking social media. Translation/Gloss: Me too.
Somalia,sexual violence (generic),sexual violence,sexual violence,word,\bsexual\ violence\b,Support / Generic Term,Support,No hashtag movement; 2020 'intercourse bill' controversy (rolling back sexual-offences law) is the key legislative flashpoint.
Somalia,التحرش_الجنسي,التحرش_الجنسي,التحرش_الجنسي,substr,,Support / Search Term,Support,Arabic publication/search keyword. Translation/Gloss: sexual harassment.
Somalia,العنف_ضد_المرأة,العنف_ضد_المرأة,العنف_ضد_المرأة,substr,,Support / Search Term,Support,Arabic publication/search keyword. Translation/Gloss: violence against women.
South Africa,#AmINext,#AmINext,aminext,word,\baminext\b,Support,Support,"Erupted in 2019 after the rape and murder of 19-year-old student Uyinene Mrwetyana inside a post office, highlighting extreme national femicide rates."
South Africa,#BelieveWomen,#BelieveWomen,believewomen,word,\bbelievewomen\b,Support / Solidarity,Support,Survivor-belief and anti-victim-blaming phrase used in #MeToo-related discourse. Translation/Gloss: Believe women.
South Africa,#EndRapeCulture,#EndRapeCulture,endrapeculture,word,\bendrapeculture\b,Support / Adjacent,Support,South Africa: common anti-rape-culture hashtag used in student and GBV activism. Translation/Gloss: End rape culture.
South Africa,#EndRapeCulture / #RUReferenceList,#RUReferenceList,rureferencelist,word,\brureferencelist\b,Support,Support,2016 university campaigns; the Rhodes University list of alleged rapists prefigured MeToo naming debates.
South Africa,#HimToo,#HimToo,himtoo,word,\bhimtoo\b,Backlash / Counter,Backlash,Major counter-/backlash hashtag that recast #MeToo through false-accusation or accused-men-as-victims narratives; included as a global backlash search term. Translation/Gloss: Him too.
South Africa,#MeToo,#MeToo,metoo,word,\bmetoo\b,Support / Global,Support,Baseline global #MeToo hashtag; included for every country/territory as the common cross-border search term. Translation/Gloss: Me too.
South Africa,#MenAreTrash,#MenAreTrash,menaretrash,word,\bmenaretrash\b,Support-aligned / Contested,Support,Venting tag after femicides (Karabo Mokoena 2017); provoked the #NotAllMen backlash - both are high-volume stance markers in SA discourse.
South Africa,#RememberKhwezi,#RememberKhwezi,rememberkhwezi,word,\brememberkhwezi\b,Support,Support,"2016 silent protest honoring Fezekile 'Khwezi' Kuzwayo, Jacob Zuma's rape-trial accuser."
South Africa,#SAShutdown,#SAShutdown,sashutdown,word,\bsashutdown\b,Support / Adjacent,Support,South Africa: hashtag movement/marches against gender-based violence and femicide. Translation/Gloss: South Africa shutdown.
South Africa,#TimesUp,#TimesUp,timesup,word,\btimesup\b,Support / Solidarity,Support,Transnational accountability and anti-harassment hashtag frequently paired with #MeToo. Translation/Gloss: Time is up.
South Africa,#TotalShutdown,#TotalShutdown,totalshutdown,word,\btotalshutdown\b,Support,Support,Aug 2018 nationwide women's marches against GBV; led to presidential GBVF summit ('GBVF' = key SA policy keyword).
South Africa,sexual harassment,sexual harassment,sexual harassment,word,\bsexual\ harassment\b,Support / Search Term,Support,English search keyword for #MeToo-related social-media and publication searches. Translation/Gloss: sexual harassment.
South Africa,violence against women,violence against women,violence against women,word,\bviolence\ against\ women\b,Support / Search Term,Support,English search keyword for adjacent #MeToo and gender-based violence coverage. Translation/Gloss: violence against women.
South Georgia and the South Sandwich Islands,#HimToo,#HimToo,himtoo,word,\bhimtoo\b,Backlash / Counter,Backlash,Major counter-/backlash hashtag that recast #MeToo through false-accusation or accused-men-as-victims narratives; included as a global backlash search term. Translation/Gloss: Him too.
South Georgia and the South Sandwich Islands,#MeToo,#MeToo,metoo,word,\bmetoo\b,Support / Global,Support,Baseline global #MeToo hashtag; included for every country/territory as the common cross-border search term. Translation/Gloss: Me too.
South Korea,#HimToo,#HimToo,himtoo,word,\bhimtoo\b,Backlash / Counter,Backlash,Major counter-/backlash hashtag that recast #MeToo through false-accusation or accused-men-as-victims narratives; included as a global backlash search term. Translation/Gloss: Him too.
South Korea,#MeToo,#MeToo,metoo,word,\bmetoo\b,Support / Global,Support,Baseline global #MeToo hashtag; included for every country/territory as the common cross-border search term. Translation/Gloss: Me too.
South Korea,#PencilRegulation,#PencilRegulation,pencilregulation,word,\bpencilregulation\b,Backlash,Backlash,Satirical framing of feminism as extreme.
South Korea,#WithYou,#WithYou,withyou,word,\bwithyou\b,Support / Solidarity,Support,South Korea: support hashtag after prosecutor Seo Ji-hyun's televised disclosure catalyzed the country's #MeToo wave. Translation/Gloss: With you.
South Korea,#미투 (#MeToo),#미투 (#MeToo),미투 (#metoo),substr,,Support,Support,"Exploded Jan 2018 after prosecutor Seo Ji-hyun's live TV interview accusing a senior prosecutor; toppled presidential hopeful Ahn Hee-jung (안희정, convicted), poet Ko Un (고은), director Lee Yoon-taek (이윤택, jailed)."
South Korea,#스쿨미투 (SchoolMeToo),#스쿨미투 (SchoolMeToo),스쿨미투 (schoolmetoo),substr,,Support,Support,2018: students exposing teacher abuse across schools.
South Korea,#영화계_내_성폭력,#영화계_내_성폭력,영화계_내_성폭력,substr,,Support / Sectoral,Support,Korean sectoral hashtag for arts/film-industry sexual violence. Translation/Gloss: sexual violence in the film industry.
South Korea,#위드유 (#WithYou),#위드유 (#WithYou),위드유 (#withyou),substr,,Support,Support,Solidarity companion tag.
South Korea,N번방 / 조주빈 / 버닝썬,N번방,n번방,substr,,Support / Cases,Support,"Nth Room Telegram exploitation network (2020, Cho Ju-bin) and Burning Sun scandal (2019) - digital-sex-crime pillars of the Korean discourse."
South Korea,N번방 / 조주빈 / 버닝썬,조주빈,조주빈,substr,,Support / Cases,Support,"Nth Room Telegram exploitation network (2020, Cho Ju-bin) and Burning Sun scandal (2019) - digital-sex-crime pillars of the Korean discourse."
South Korea,N번방 / 조주빈 / 버닝썬,버닝썬,버닝썬,substr,,Support / Cases,Support,"Nth Room Telegram exploitation network (2020, Cho Ju-bin) and Burning Sun scandal (2019) - digital-sex-crime pillars of the Korean discourse."
South Korea,성희롱,성희롱,성희롱,substr,,Support / Search Term,Support,Korean publication/search keyword. Translation/Gloss: sexual harassment.
South Korea,펜스룰 / 무고죄,펜스룰,펜스룰,substr,,Backlash,Backlash,'Pence rule' (men avoiding women colleagues) and false-accusation (mugo) countersuit discourse; organized anti-feminist backlash is unusually strong in KR.
South Korea,펜스룰 / 무고죄,무고죄,무고죄,substr,,Backlash,Backlash,'Pence rule' (men avoiding women colleagues) and false-accusation (mugo) countersuit discourse; organized anti-feminist backlash is unusually strong in KR.
South Korea,혜화역 시위 / 몰카 / 불법촬영,혜화역 시위,혜화역 시위,substr,,Support,Support,2018 Hyehwa Station protests (tens of thousands) against spycam porn and biased policing ('My Life Is Not Your Porn').
South Korea,혜화역 시위 / 몰카 / 불법촬영,불법촬영,불법촬영,substr,,Support,Support,2018 Hyehwa Station protests (tens of thousands) against spycam porn and biased policing ('My Life Is Not Your Porn').
South Sudan,#BelieveWomen,#BelieveWomen,believewomen,word,\bbelievewomen\b,Support / Solidarity,Support,Survivor-belief and anti-victim-blaming phrase used in #MeToo-related discourse. Translation/Gloss: Believe women.
South Sudan,#HimToo,#HimToo,himtoo,word,\bhimtoo\b,Backlash / Counter,Backlash,Major counter-/backlash hashtag that recast #MeToo through false-accusation or accused-men-as-victims narratives; included as a global backlash search term. Translation/Gloss: Him too.
South Sudan,#MeToo,#MeToo,metoo,word,\bmetoo\b,Support / Global,Support,Baseline global #MeToo hashtag; included for every country/territory as the common cross-border search term. Translation/Gloss: Me too.
South Sudan,#TimesUp,#TimesUp,timesup,word,\btimesup\b,Support / Solidarity,Support,Transnational accountability and anti-harassment hashtag frequently paired with #MeToo. Translation/Gloss: Time is up.
South Sudan,conflict-related sexual violence,conflict-related sexual violence,conflict-related sexual violence,word,\bconflict\-related\ sexual\ violence\b,Support / Context,Support,No hashtag movement; CRSV dominates coverage.
South Sudan,sexual harassment,sexual harassment,sexual harassment,word,\bsexual\ harassment\b,Support / Search Term,Support,English search keyword for #MeToo-related social-media and publication searches. Translation/Gloss: sexual harassment.
South Sudan,violence against women,violence against women,violence against women,word,\bviolence\ against\ women\b,Support / Search Term,Support,English search keyword for adjacent #MeToo and gender-based violence coverage. Translation/Gloss: violence against women.
Spain,#Cuéntalo,#Cuéntalo,cuéntalo,substr,,Support / Adjacent,Support,Spanish testimony hashtag associated especially with Spain and the La Manada reckoning; useful across Spanish-language searches. Translation/Gloss: Tell it / tell your story.
Spain,#HimToo,#HimToo,himtoo,word,\bhimtoo\b,Backlash / Counter,Backlash,Major counter-/backlash hashtag that recast #MeToo through false-accusation or accused-men-as-victims narratives; included as a global backlash search term. Translation/Gloss: Him too.
Spain,#MeToo,#MeToo,metoo,word,\bmetoo\b,Support / Global,Support,Baseline global #MeToo hashtag; included for every country/territory as the common cross-border search term. Translation/Gloss: Me too.
Spain,#NiUnaMenos,#NiUnaMenos,niunamenos,word,\bniunamenos\b,Support / Adjacent,Support,Latin American movement against femicide and violence against women; often overlaps with #MeToo-adjacent activism. Translation/Gloss: Not one woman less.
Spain,#PresunciónDeInocencia,#PresunciónDeInocencia,presuncióndeinocencia,substr,,Backlash,Backlash,Backlash hashtag emphasizing the 'presumption of innocence'.
Spain,#SeAcabó,#SeAcabó,seacabó,substr,,Support / Adjacent,Support,"Spain: feminist sports/public-life reckoning tag, especially after the Jenni Hermoso/Rubiales forced-kiss scandal; useful as #MeToo-adjacent search term. Translation/Gloss: It's over."
Spain,#YoSíTeCreo,#YoSíTeCreo,yosítecreo,substr,,Support / Solidarity,Support,Spanish solidarity tag/phrase used around sexual-violence testimony and belief of survivors. Translation/Gloss: I do believe you.
Spain,#YoTambién,#YoTambién,yotambién,substr,,Support / Translation,Support,Spanish-language equivalent of #MeToo; documented in global/regional lists. Translation/Gloss: Me too.
Spain,La Manada / #NoEsAbusoEsViolación / #HermanaYoSíTeCreo,La Manada,la manada,word,\bla\ manada\b,Support,Support,"2016 Pamplona 'wolf pack' gang rape; 2018 lenient 'abuse' verdict sparked mass protests ('it's not abuse, it's rape'; 'sister, I believe you'); Supreme Court upgraded to rape 2019."
Spain,La Manada / #NoEsAbusoEsViolación / #HermanaYoSíTeCreo,#NoEsAbusoEsViolación,noesabusoesviolación,substr,,Support,Support,"2016 Pamplona 'wolf pack' gang rape; 2018 lenient 'abuse' verdict sparked mass protests ('it's not abuse, it's rape'; 'sister, I believe you'); Supreme Court upgraded to rape 2019."
Spain,La Manada / #NoEsAbusoEsViolación / #HermanaYoSíTeCreo,#HermanaYoSíTeCreo,hermanayosítecreo,substr,,Support,Support,"2016 Pamplona 'wolf pack' gang rape; 2018 lenient 'abuse' verdict sparked mass protests ('it's not abuse, it's rape'; 'sister, I believe you'); Supreme Court upgraded to rape 2019."
Spain,acoso sexual,acoso sexual,acoso sexual,word,\bacoso\ sexual\b,Support / Search Term,Support,Spanish publication/search keyword. Translation/Gloss: sexual harassment.
Spain,denuncias falsas / violencia intrafamiliar (Vox),denuncias falsas,denuncias falsas,word,\bdenuncias\ falsas\b,Backlash,Backlash,False-accusation discourse plus Vox's push to replace 'gender violence' with 'intrafamily violence' - the institutional backlash markers.
Spain,denuncias falsas / violencia intrafamiliar (Vox),violencia intrafamiliar (Vox),violencia intrafamiliar (vox),word,\bviolencia\ intrafamiliar\ \(vox\)\b,Backlash,Backlash,False-accusation discourse plus Vox's push to replace 'gender violence' with 'intrafamily violence' - the institutional backlash markers.
Sri Lanka,#HimToo,#HimToo,himtoo,word,\bhimtoo\b,Backlash / Counter,Backlash,Major counter-/backlash hashtag that recast #MeToo through false-accusation or accused-men-as-victims narratives; included as a global backlash search term. Translation/Gloss: Him too.
Sri Lanka,#MeToo,#MeToo,metoo,word,\bmetoo\b,Support / Global,Support,Baseline global #MeToo hashtag; included for every country/territory as the common cross-border search term. Translation/Gloss: Me too.
Sri Lanka,#MeTooSL (limited),#MeTooSL (limited),metoosl (limited),word,\bmetoosl\ \(limited\)\b,Support,Support,Limited documented activity in the 2017-19 window; verify in corpus.
Sri Lanka,பாலியல் தொல்லை,பாலியல் தொல்லை,பாலியல் தொல்லை,substr,,Support / Search Term,Support,Tamil publication/search keyword. Translation/Gloss: sexual harassment.
Sri Lanka,ලිංගික හිංසනය,ලිංගික හිංසනය,ලිංගික හිංසනය,substr,,Support / Search Term,Support,Sinhala publication/search keyword. Translation/Gloss: sexual harassment/violence.
Sudan,#HimToo,#HimToo,himtoo,word,\bhimtoo\b,Backlash / Counter,Backlash,Major counter-/backlash hashtag that recast #MeToo through false-accusation or accused-men-as-victims narratives; included as a global backlash search term. Translation/Gloss: Him too.
Sudan,#JusticeForNoura,#JusticeForNoura,justicefornoura,word,\bjusticefornoura\b,Support,Support,"May 2018 global campaign for Noura Hussein, sentenced to death for killing the husband who raped her (commuted)."
Sudan,#MeToo,#MeToo,metoo,word,\bmetoo\b,Support / Global,Support,Baseline global #MeToo hashtag; included for every country/territory as the common cross-border search term. Translation/Gloss: Me too.
Sudan,#MosqueMeToo,#MosqueMeToo,mosquemetoo,word,\bmosquemetoo\b,Support / Adjacent,Support,"Hashtag for Muslim women's accounts of harassment/abuse during Hajj, in mosques, or in religious spaces. Translation/Gloss: MeToo in mosque/Hajj contexts."
Sudan,#أنا_أيضا,#أنا_أيضا,أنا_أيضا,substr,,Support / Translation,Support,Formal Arabic equivalent of #MeToo. Translation/Gloss: Me too / I also.
Sudan,#أنا_كمان,#أنا_كمان,أنا_كمان,substr,,Support / Translation,Support,Arabic #MeToo counterpart used across Arabic-speaking social media. Translation/Gloss: Me too.
Sudan,التحرش_الجنسي,التحرش_الجنسي,التحرش_الجنسي,substr,,Support / Search Term,Support,Arabic publication/search keyword. Translation/Gloss: sexual harassment.
Sudan,العنف_ضد_المرأة,العنف_ضد_المرأة,العنف_ضد_المرأة,substr,,Support / Search Term,Support,Arabic publication/search keyword. Translation/Gloss: violence against women.
Sudan,كنداكة (Kandaka) / Alaa Salah,كنداكة (Kandaka),كنداكة (kandaka),substr,,Support / Women In 2019 Revolution,Support,Women at the front of the 2019 uprising; sexual violence by security forces (incl. June 3 massacre) central to coverage.
Sudan,كنداكة (Kandaka) / Alaa Salah,Alaa Salah,alaa salah,word,\balaa\ salah\b,Support / Women In 2019 Revolution,Support,Women at the front of the 2019 uprising; sexual violence by security forces (incl. June 3 massacre) central to coverage.
Suriname,#HimToo,#HimToo,himtoo,word,\bhimtoo\b,Backlash / Counter,Backlash,Major counter-/backlash hashtag that recast #MeToo through false-accusation or accused-men-as-victims narratives; included as a global backlash search term. Translation/Gloss: Him too.
Suriname,#IkOok,#IkOok,ikook,word,\bikook\b,Support / Translation,Support,Dutch equivalent of #MeToo. Translation/Gloss: Me too.
Suriname,#MeToo,#MeToo,metoo,word,\bmetoo\b,Support / Global,Support,Baseline global #MeToo hashtag; included for every country/territory as the common cross-border search term. Translation/Gloss: Me too.
Suriname,seksuele intimidatie,seksuele intimidatie,seksuele intimidatie,word,\bseksuele\ intimidatie\b,Support / Search Term,Support,Dutch publication/search keyword. Translation/Gloss: sexual harassment.
Svalbard and Jan Mayen,#HimToo,#HimToo,himtoo,word,\bhimtoo\b,Backlash / Counter,Backlash,Major counter-/backlash hashtag that recast #MeToo through false-accusation or accused-men-as-victims narratives; included as a global backlash search term. Translation/Gloss: Him too.
Svalbard and Jan Mayen,#MeToo,#MeToo,metoo,word,\bmetoo\b,Support / Global,Support,Baseline global #MeToo hashtag; included for every country/territory as the common cross-border search term. Translation/Gloss: Me too.
Svalbard and Jan Mayen,#stilleforopptak,#stilleforopptak,stilleforopptak,word,\bstilleforopptak\b,Support / Sectoral,Support,Norwegian theatre/arts-sector #MeToo call against workplace sexual harassment. Translation/Gloss: quiet for recording.
Svalbard and Jan Mayen,seksuell trakassering,seksuell trakassering,seksuell trakassering,word,\bseksuell\ trakassering\b,Support / Search Term,Support,Norwegian publication/search keyword. Translation/Gloss: sexual harassment.
Sweden,#HimToo,#HimToo,himtoo,word,\bhimtoo\b,Backlash / Counter,Backlash,Major counter-/backlash hashtag that recast #MeToo through false-accusation or accused-men-as-victims narratives; included as a global backlash search term. Translation/Gloss: Him too.
Sweden,#MeToo,#MeToo,metoo,word,\bmetoo\b,Support / Global,Support,Baseline global #MeToo hashtag; included for every country/territory as the common cross-border search term. Translation/Gloss: Me too.
Sweden,"#MeToo + sectoral appeals (#tystnadtagning, #deadline, #medvilkenrätt, #akademiuppropet, #givaktochbitihop, #vikokaröver, #sistabriefen)","#MeToo + sectoral appeals (#tystnadtagning, #deadline, #medvilkenrätt, #akademiuppropet, #givaktochbitihop, #vikokaröver, #sistabriefen)","metoo + sectoral appeals (#tystnadtagning, #deadline, #medvilkenrätt, #akademiuppropet, #givaktochbitihop, #vikokaröver, #sistabriefen)",substr,,Support,Support,"Nov-Dec 2017: ~65 profession-by-profession petitions (acting, journalism, law, academia, military, restaurants, advertising...) - the world's most institutionalized MeToo."
Sweden,#TystIKlassen,#TystIKlassen,tystiklassen,word,\btystiklassen\b,Support,Support,"Translates to 'Silence in the class'. Focused heavily on the educational sector, exposing harassment by teachers and students in schools."
Sweden,#tystnadtagning,#tystnadtagning,tystnadtagning,word,\btystnadtagning\b,Support / Sectoral,Support,"Swedish theatre/film sector hashtag, the first joint Swedish #MeToo call. Translation/Gloss: silent shoot."
Sweden,Benny Fredriksson / mediedrev,Benny Fredriksson,benny fredriksson,word,\bbenny\ fredriksson\b,Backlash / Media-Ethics Debate,Backlash,Stockholm culture-house head died by suicide after Aftonbladet allegations (2018); 'mediedrev' (media pile-on) and rättssäkerhet (due process) became the backlash vocabulary.
Sweden,Benny Fredriksson / mediedrev,mediedrev,mediedrev,word,\bmediedrev\b,Backlash / Media-Ethics Debate,Backlash,Stockholm culture-house head died by suicide after Aftonbladet allegations (2018); 'mediedrev' (media pile-on) and rättssäkerhet (due process) became the backlash vocabulary.
Sweden,Cissi Wallin / Fredrik Virtanen,Cissi Wallin,cissi wallin,word,\bcissi\ wallin\b,Support / Case + Backlash / Legal,Support,Wallin named columnist Virtanen; she was convicted of gross defamation (2019) - the emblematic legal-backlash case.
Sweden,Cissi Wallin / Fredrik Virtanen,Fredrik Virtanen,fredrik virtanen,word,\bfredrik\ virtanen\b,Support / Case + Backlash / Legal,Support,Wallin named columnist Virtanen; she was convicted of gross defamation (2019) - the emblematic legal-backlash case.
Sweden,Kulturprofilen / Jean-Claude Arnault,Kulturprofilen,kulturprofilen,word,\bkulturprofilen\b,Support / Case,Support,Swedish Academy scandal; Arnault convicted of rape 2018; 2018 Nobel Literature prize postponed.
Sweden,Kulturprofilen / Jean-Claude Arnault,Jean-Claude Arnault,jean-claude arnault,word,\bjean\-claude\ arnault\b,Support / Case,Support,Swedish Academy scandal; Arnault convicted of rape 2018; 2018 Nobel Literature prize postponed.
Sweden,sexuella trakasserier,sexuella trakasserier,sexuella trakasserier,word,\bsexuella\ trakasserier\b,Support / Search Term,Support,Swedish publication/search keyword. Translation/Gloss: sexual harassment.
Switzerland,#BalanceTonPorc,#BalanceTonPorc,balancetonporc,word,\bbalancetonporc\b,Support / Adjacent,Support,French #MeToo-era hashtag for naming or denouncing perpetrators; also provoked public backlash debates. Translation/Gloss: Expose/denounce your pig.
Switzerland,#HimToo,#HimToo,himtoo,word,\bhimtoo\b,Backlash / Counter,Backlash,Major counter-/backlash hashtag that recast #MeToo through false-accusation or accused-men-as-victims narratives; included as a global backlash search term. Translation/Gloss: Him too.
Switzerland,#IchAuch,#IchAuch,ichauch,word,\bichauch\b,Support / Translation,Support,German equivalent of #MeToo. Translation/Gloss: Me too.
Switzerland,#IoAnche,#IoAnche,ioanche,word,\bioanche\b,Support / Translation,Support,Italian equivalent of #MeToo. Translation/Gloss: Me too.
Switzerland,#MeToo,#MeToo,metoo,word,\bmetoo\b,Support / Global,Support,Baseline global #MeToo hashtag; included for every country/territory as the common cross-border search term. Translation/Gloss: Me too.
Switzerland,#MeToo / frauenstreik - grève des femmes,frauenstreik - grève des femmes,frauenstreik - grève des femmes,substr,,Support,Support,"June 2019 national women's strike (500k+) - the era's main Swiss feminist mobilization; Tariq Ramadan (Swiss national, French/Swiss rape charges) the main individual case."
Switzerland,#MoiAussi,#MoiAussi,moiaussi,word,\bmoiaussi\b,Support / Translation,Support,"French-language equivalent of #MeToo, documented in Canada/Francophone coverage. Translation/Gloss: Me too."
Switzerland,#NousToutes,#NousToutes,noustoutes,word,\bnoustoutes\b,Support / Adjacent,Support,French feminist collective/hashtag after #MeToo and #BalanceTonPorc focused on violence against women. Translation/Gloss: All of us women.
Switzerland,#QuellaVoltaChe,#QuellaVoltaChe,quellavoltache,word,\bquellavoltache\b,Support / Adjacent,Support,Italian #MeToo-era testimony hashtag. Translation/Gloss: That time when.
Switzerland,#SchweizerAufschrei,#SchweizerAufschrei,schweizeraufschrei,word,\bschweizeraufschrei\b,Support / Adjacent,Support,Switzerland: Swiss German anti-sexism/#MeToo-adjacent tag. Translation/Gloss: Swiss outcry.
Switzerland,#aufschrei,#aufschrei,aufschrei,word,\baufschrei\b,Support / Adjacent,Support,German anti-sexism hashtag predating and overlapping #MeToo themes. Translation/Gloss: Outcry.
Switzerland,harcèlement sexuel,harcèlement sexuel,harcèlement sexuel,substr,,Support / Search Term,Support,French publication/search keyword. Translation/Gloss: sexual harassment.
Switzerland,molestie sessuali,molestie sessuali,molestie sessuali,word,\bmolestie\ sessuali\b,Support / Search Term,Support,Italian publication/search keyword. Translation/Gloss: sexual harassment.
Switzerland,sexuelle Belästigung,sexuelle Belästigung,sexuelle belästigung,substr,,Support / Search Term,Support,German publication/search keyword. Translation/Gloss: sexual harassment.
Syria,#HimToo,#HimToo,himtoo,word,\bhimtoo\b,Backlash / Counter,Backlash,Major counter-/backlash hashtag that recast #MeToo through false-accusation or accused-men-as-victims narratives; included as a global backlash search term. Translation/Gloss: Him too.
Syria,#MeToo,#MeToo,metoo,word,\bmetoo\b,Support / Global,Support,Baseline global #MeToo hashtag; included for every country/territory as the common cross-border search term. Translation/Gloss: Me too.
Syria,#MosqueMeToo,#MosqueMeToo,mosquemetoo,word,\bmosquemetoo\b,Support / Adjacent,Support,"Hashtag for Muslim women's accounts of harassment/abuse during Hajj, in mosques, or in religious spaces. Translation/Gloss: MeToo in mosque/Hajj contexts."
Syria,#أنا_أيضا,#أنا_أيضا,أنا_أيضا,substr,,Support / Translation,Support,Formal Arabic equivalent of #MeToo. Translation/Gloss: Me too / I also.
Syria,#أنا_كمان,#أنا_كمان,أنا_كمان,substr,,Support / Translation,Support,Arabic #MeToo counterpart used across Arabic-speaking social media. Translation/Gloss: Me too.
Syria,التحرش_الجنسي,التحرش_الجنسي,التحرش_الجنسي,substr,,Support / Search Term,Support,Arabic publication/search keyword. Translation/Gloss: sexual harassment.
Syria,العنف_ضد_المرأة,العنف_ضد_المرأة,العنف_ضد_المرأة,substr,,Support / Search Term,Support,Arabic publication/search keyword. Translation/Gloss: violence against women.
Syria,تحرش / CRSV,تحرش,تحرش,substr,,Support / Context,Support,No hashtag movement; conflict-related and detention sexual violence dominate coverage.
Syria,تحرش / CRSV,CRSV,crsv,word,\bcrsv\b,Support / Context,Support,No hashtag movement; conflict-related and detention sexual violence dominate coverage.
Taiwan,#HimToo,#HimToo,himtoo,word,\bhimtoo\b,Backlash / Counter,Backlash,Major counter-/backlash hashtag that recast #MeToo through false-accusation or accused-men-as-victims narratives; included as a global backlash search term. Translation/Gloss: Him too.
Taiwan,#MeToo,#MeToo,metoo,word,\bmetoo\b,Support / Global,Support,Baseline global #MeToo hashtag; included for every country/territory as the common cross-border search term. Translation/Gloss: Me too.
Taiwan,#RiceBunny,#RiceBunny,ricebunny,word,\bricebunny\b,Support / Censorship Workaround,Support,English transliteration/hashtag version of the Chinese coded #MeToo phrase. Translation/Gloss: Rice bunny / MeToo homophone.
Taiwan,#我也是,#我也是,我也是,substr,,Support / Translation,Support,Taiwan: Chinese #MeToo phrase surged during Taiwan's belated #MeToo wave after the drama Wave Makers and political/media accusations. Translation/Gloss: Me too.
Taiwan,人選之人,人選之人,人選之人,substr,,Support / Search Term,Support,Taiwan: the political drama Wave Makers helped trigger a public #MeToo reckoning in 2023.
Taiwan,台灣 MeToo / #MeTooTW,台灣 MeToo,台灣 metoo,substr,,Support,Support,"May-June 2023 wave triggered by Netflix drama 'Wave Makers' (人選之人) line 'let's not just let this go'; cascaded from DPP staffers through politics, academia and entertainment."
Taiwan,台灣 MeToo / #MeTooTW,#MeTooTW,metootw,word,\bmetootw\b,Support,Support,"May-June 2023 wave triggered by Netflix drama 'Wave Makers' (人選之人) line 'let's not just let this go'; cascaded from DPP staffers through politics, academia and entertainment."
Taiwan,性骚扰,性骚扰,性骚扰,substr,,Support / Search Term,Support,Chinese publication/search keyword. Translation/Gloss: sexual harassment.
Tajikistan,#HimToo,#HimToo,himtoo,word,\bhimtoo\b,Backlash / Counter,Backlash,Major counter-/backlash hashtag that recast #MeToo through false-accusation or accused-men-as-victims narratives; included as a global backlash search term. Translation/Gloss: Him too.
Tajikistan,#MeToo,#MeToo,metoo,word,\bmetoo\b,Support / Global,Support,Baseline global #MeToo hashtag; included for every country/territory as the common cross-border search term. Translation/Gloss: Me too.
Tajikistan,#ЯБоюсьМужчин,#ЯБоюсьМужчин,ябоюсьмужчин,substr,,Support / Adjacent,Support,"Russian feminist hashtag against male violence/femicide, reported alongside #MeToo-adjacent campaigns. Translation/Gloss: I fear men."
Tajikistan,#ЯНеБоюсьСказать,#ЯНеБоюсьСказать,янебоюсьсказать,substr,,Support / Adjacent,Support,Russian-language version of the Ukraine/Russia anti-sexual-violence flashmob precursor to #MeToo. Translation/Gloss: I am not afraid to say.
Tajikistan,#ЯТоже,#ЯТоже,ятоже,substr,,Support / Translation,Support,Russian #MeToo equivalent/search term. Translation/Gloss: Me too.
Tajikistan,#من_هم,#من_هم,من_هم,substr,,Support / Translation,Support,Persian/Dari equivalent of #MeToo. Translation/Gloss: Me too.
Tajikistan,сексуальные домогательства,сексуальные домогательства,сексуальные домогательства,substr,,Support / Search Term,Support,Russian publication/search keyword. Translation/Gloss: sexual harassment.
Tajikistan,таҷовуз / generic Russian tags,таҷовуз,таҷовуз,substr,,Support / Generic Term,Support,No documented movement.
Tajikistan,таҷовуз / generic Russian tags,generic Russian tags,generic russian tags,word,\bgeneric\ russian\ tags\b,Support / Generic Term,Support,No documented movement.
Tajikistan,آزار_جنسی,آزار_جنسی,آزار_جنسی,substr,,Support / Search Term,Support,Persian/Dari publication/search keyword. Translation/Gloss: sexual harassment/sexual abuse.
Tanzania,#HimToo,#HimToo,himtoo,word,\bhimtoo\b,Backlash / Counter,Backlash,Major counter-/backlash hashtag that recast #MeToo through false-accusation or accused-men-as-victims narratives; included as a global backlash search term. Translation/Gloss: Him too.
Tanzania,#MeToo,#MeToo,metoo,word,\bmetoo\b,Support / Global,Support,Baseline global #MeToo hashtag; included for every country/territory as the common cross-border search term. Translation/Gloss: Me too.
Tanzania,ukatili dhidi ya wanawake,ukatili dhidi ya wanawake,ukatili dhidi ya wanawake,word,\bukatili\ dhidi\ ya\ wanawake\b,Support / Search Term,Support,Swahili search keyword. Translation/Gloss: violence against women.
Tanzania,unyanyasaji wa kijinsia,unyanyasaji wa kijinsia,unyanyasaji wa kijinsia,word,\bunyanyasaji\ wa\ kijinsia\b,Support / Search Term,Support,Swahili search keyword used across East/Central African contexts. Translation/Gloss: gender/sexual harassment.
Tanzania,unyanyasaji wa kingono,unyanyasaji wa kingono,unyanyasaji wa kingono,word,\bunyanyasaji\ wa\ kingono\b,Support / Generic Term,Support,No documented national wave.
Thailand,#DontTellMeHowToDress,#DontTellMeHowToDress,donttellmehowtodress,word,\bdonttellmehowtodress\b,Support,Support,2018: model/actress Cindy Sirinya Bishop's campaign after officials advised women not to dress 'sexy' at Songkran; exhibition of survivors' clothes. Thai MeToo otherwise muted by defamation law.
Thailand,#HimToo,#HimToo,himtoo,word,\bhimtoo\b,Backlash / Counter,Backlash,Major counter-/backlash hashtag that recast #MeToo through false-accusation or accused-men-as-victims narratives; included as a global backlash search term. Translation/Gloss: Him too.
Thailand,#MeToo,#MeToo,metoo,word,\bmetoo\b,Support / Global,Support,Baseline global #MeToo hashtag; included for every country/territory as the common cross-border search term. Translation/Gloss: Me too.
Thailand,#TellMenToRespect,#TellMenToRespect,tellmentorespect,word,\btellmentorespect\b,Support / Solidarity,Support,Thai/Thailand-linked anti-victim-blaming hashtag paired with #DontTellMeHowToDress. Translation/Gloss: Tell men to respect.
Thailand,#ThaiConsent,#ThaiConsent,thaiconsent,word,\bthaiconsent\b,Support / Adjacent,Support,Thailand: consent education platform where survivors shared rape/coercion experiences anonymously. Translation/Gloss: Thai Consent.
Thailand,การคุกคามทางเพศ,การคุกคามทางเพศ,การคุกคามทางเพศ,substr,,Support / Search Term,Support,Thai publication/search keyword. Translation/Gloss: sexual harassment.
Thailand,คุกคามทางเพศ,คุกคามทางเพศ,คุกคามทางเพศ,substr,,Support / Generic Term,Support,'Sexual harassment' - recall term.
The Gambia,#BelieveWomen,#BelieveWomen,believewomen,word,\bbelievewomen\b,Support / Solidarity,Support,Survivor-belief and anti-victim-blaming phrase used in #MeToo-related discourse. Translation/Gloss: Believe women.
The Gambia,#HimToo,#HimToo,himtoo,word,\bhimtoo\b,Backlash / Counter,Backlash,Major counter-/backlash hashtag that recast #MeToo through false-accusation or accused-men-as-victims narratives; included as a global backlash search term. Translation/Gloss: Him too.
The Gambia,#MeToo,#MeToo,metoo,word,\bmetoo\b,Support / Global,Support,Baseline global #MeToo hashtag; included for every country/territory as the common cross-border search term. Translation/Gloss: Me too.
The Gambia,#TimesUp,#TimesUp,timesup,word,\btimesup\b,Support / Solidarity,Support,Transnational accountability and anti-harassment hashtag frequently paired with #MeToo. Translation/Gloss: Time is up.
The Gambia,sexual harassment,sexual harassment,sexual harassment,word,\bsexual\ harassment\b,Support / Search Term,Support,English search keyword for #MeToo-related social-media and publication searches. Translation/Gloss: sexual harassment.
The Gambia,violence against women,violence against women,violence against women,word,\bviolence\ against\ women\b,Support / Search Term,Support,English search keyword for adjacent #MeToo and gender-based violence coverage. Translation/Gloss: violence against women.
The Gambia,#IAmToufah,#IAmToufah,iamtoufah,word,\biamtoufah\b,Support,Support,June 2019: Fatou 'Toufah' Jallow publicly accused ex-president Yahya Jammeh of rape; testified before the TRRC - the Gambian MeToo.
Timor-Leste,#ChegaDeFiuFiu,#ChegaDeFiuFiu,chegadefiufiu,word,\bchegadefiufiu\b,Support / Adjacent,Support,Brazil-origin anti-street-harassment campaign; relevant for Portuguese-language searches. Translation/Gloss: Enough with catcalling.
Timor-Leste,#EuTambém,#EuTambém,eutambém,substr,,Support / Translation,Support,Portuguese equivalent of #MeToo. Translation/Gloss: Me too.
Timor-Leste,#HimToo,#HimToo,himtoo,word,\bhimtoo\b,Backlash / Counter,Backlash,Major counter-/backlash hashtag that recast #MeToo through false-accusation or accused-men-as-victims narratives; included as a global backlash search term. Translation/Gloss: Him too.
Timor-Leste,#MeToo,#MeToo,metoo,word,\bmetoo\b,Support / Global,Support,Baseline global #MeToo hashtag; included for every country/territory as the common cross-border search term. Translation/Gloss: Me too.
Timor-Leste,#PrimeiroAssédio,#PrimeiroAssédio,primeiroassédio,substr,,Support / Adjacent,Support,Brazil-origin hashtag where women shared first harassment experiences. Translation/Gloss: First harassment.
Timor-Leste,assédio sexual,assédio sexual,assédio sexual,substr,,Support / Search Term,Support,Portuguese publication/search keyword. Translation/Gloss: sexual harassment.
Timor-Leste,asédiu seksuál,asédiu seksuál,asédiu seksuál,substr,,Support / Generic Term,Support,No documented movement.
Togo,#BalanceTonPorc,#BalanceTonPorc,balancetonporc,word,\bbalancetonporc\b,Support / Adjacent,Support,French #MeToo-era hashtag for naming or denouncing perpetrators; also provoked public backlash debates. Translation/Gloss: Expose/denounce your pig.
Togo,#HimToo,#HimToo,himtoo,word,\bhimtoo\b,Backlash / Counter,Backlash,Major counter-/backlash hashtag that recast #MeToo through false-accusation or accused-men-as-victims narratives; included as a global backlash search term. Translation/Gloss: Him too.
Togo,#MeToo,#MeToo,metoo,word,\bmetoo\b,Support / Global,Support,Baseline global #MeToo hashtag; included for every country/territory as the common cross-border search term. Translation/Gloss: Me too.
Togo,#MoiAussi,#MoiAussi,moiaussi,word,\bmoiaussi\b,Support / Translation,Support,"French-language equivalent of #MeToo, documented in Canada/Francophone coverage. Translation/Gloss: Me too."
Togo,#NousToutes,#NousToutes,noustoutes,word,\bnoustoutes\b,Support / Adjacent,Support,French feminist collective/hashtag after #MeToo and #BalanceTonPorc focused on violence against women. Translation/Gloss: All of us women.
Togo,harcèlement sexuel,harcèlement sexuel,harcèlement sexuel,substr,,Support / Search Term,Support,French publication/search keyword. Translation/Gloss: sexual harassment.
Tokelau,#HimToo,#HimToo,himtoo,word,\bhimtoo\b,Backlash / Counter,Backlash,Major counter-/backlash hashtag that recast #MeToo through false-accusation or accused-men-as-victims narratives; included as a global backlash search term. Translation/Gloss: Him too.
Tokelau,#MeToo,#MeToo,metoo,word,\bmetoo\b,Support / Global,Support,Baseline global #MeToo hashtag; included for every country/territory as the common cross-border search term. Translation/Gloss: Me too.
Tonga,#HimToo,#HimToo,himtoo,word,\bhimtoo\b,Backlash / Counter,Backlash,Major counter-/backlash hashtag that recast #MeToo through false-accusation or accused-men-as-victims narratives; included as a global backlash search term. Translation/Gloss: Him too.
Tonga,#MeToo,#MeToo,metoo,word,\bmetoo\b,Support / Global,Support,Baseline global #MeToo hashtag; included for every country/territory as the common cross-border search term. Translation/Gloss: Me too.
Trinidad and Tobago,#BelieveWomen,#BelieveWomen,believewomen,word,\bbelievewomen\b,Support / Solidarity,Support,Survivor-belief and anti-victim-blaming phrase used in #MeToo-related discourse. Translation/Gloss: Believe women.
Trinidad and Tobago,#HimToo,#HimToo,himtoo,word,\bhimtoo\b,Backlash / Counter,Backlash,Major counter-/backlash hashtag that recast #MeToo through false-accusation or accused-men-as-victims narratives; included as a global backlash search term. Translation/Gloss: Him too.
Trinidad and Tobago,#LifeInLeggings,#LifeInLeggings,lifeinleggings,word,\blifeinleggings\b,Support,Support,Regional tag used in T&T.
Trinidad and Tobago,#MeToo,#MeToo,metoo,word,\bmetoo\b,Support / Global,Support,Baseline global #MeToo hashtag; included for every country/territory as the common cross-border search term. Translation/Gloss: Me too.
Trinidad and Tobago,#TimesUp,#TimesUp,timesup,word,\btimesup\b,Support / Solidarity,Support,Transnational accountability and anti-harassment hashtag frequently paired with #MeToo. Translation/Gloss: Time is up.
Trinidad and Tobago,Andrea Bharatt,Andrea Bharatt,andrea bharatt,word,\bandrea\ bharatt\b,Support / Outrage Case,Support,"Feb 2021: kidnapping/murder of Andrea Bharatt (after Ashanti Riley, Dec 2020) triggered mass vigils and candlelight protests over violence against women."
Trinidad and Tobago,sexual harassment,sexual harassment,sexual harassment,word,\bsexual\ harassment\b,Support / Search Term,Support,English search keyword for #MeToo-related social-media and publication searches. Translation/Gloss: sexual harassment.
Trinidad and Tobago,violence against women,violence against women,violence against women,word,\bviolence\ against\ women\b,Support / Search Term,Support,English search keyword for adjacent #MeToo and gender-based violence coverage. Translation/Gloss: violence against women.
Tunisia,#EnaZeda,#EnaZeda,enazeda,word,\benazeda\b,Support,Support,"'Me too' in Tunisian Arabic, Oct 2019, after a photo showed MP-elect Zouheir Makhlouf exposing himself near a school; Aswat Nissa's Facebook group collected thousands of testimonies."
Tunisia,#HimToo,#HimToo,himtoo,word,\bhimtoo\b,Backlash / Counter,Backlash,Major counter-/backlash hashtag that recast #MeToo through false-accusation or accused-men-as-victims narratives; included as a global backlash search term. Translation/Gloss: Him too.
Tunisia,#MeToo,#MeToo,metoo,word,\bmetoo\b,Support / Global,Support,Baseline global #MeToo hashtag; included for every country/territory as the common cross-border search term. Translation/Gloss: Me too.
Tunisia,#MosqueMeToo,#MosqueMeToo,mosquemetoo,word,\bmosquemetoo\b,Support / Adjacent,Support,"Hashtag for Muslim women's accounts of harassment/abuse during Hajj, in mosques, or in religious spaces. Translation/Gloss: MeToo in mosque/Hajj contexts."
Tunisia,#أنا_أيضا,#أنا_أيضا,أنا_أيضا,substr,,Support / Translation,Support,Formal Arabic equivalent of #MeToo. Translation/Gloss: Me too / I also.
Tunisia,#أنا_كمان,#أنا_كمان,أنا_كمان,substr,,Support / Translation,Support,Arabic #MeToo counterpart used across Arabic-speaking social media. Translation/Gloss: Me too.
Tunisia,التحرش_الجنسي,التحرش_الجنسي,التحرش_الجنسي,substr,,Support / Search Term,Support,Arabic publication/search keyword. Translation/Gloss: sexual harassment.
Tunisia,العنف_ضد_المرأة,العنف_ضد_المرأة,العنف_ضد_المرأة,substr,,Support / Search Term,Support,Arabic publication/search keyword. Translation/Gloss: violence against women.
Türkiye,#SenDeAnlat,#SenDeAnlat,sendeanlat,word,\bsendeanlat\b,Support,Support,"'You tell (your story) too', Feb 2015, after the murder of Özgecan Aslan - massive precursor wave."
Türkiye,#UykularınızKaçsın,#UykularınızKaçsın,uykularınızkaçsın,substr,,Support,Support,"'May you lose sleep', Dec 2020: Turkish literary MeToo (allegations against writers incl. Hasan Ali Toptaş)."
Türkiye,#susmabitsin,#susmabitsin,susmabitsin,word,\bsusmabitsin\b,Support,Support,'Speak up so it ends' - 2018 film/TV industry platform.
Türkiye,#İstanbulSözleşmesiYaşatır / İstanbul Sözleşmesi,#İstanbulSözleşmesiYaşatır,i̇stanbulsözleşmesiyaşatır,substr,,Support,Support,'The Istanbul Convention saves lives' - campaign against (and coverage of) Turkey's Mar 2021 withdrawal from the convention; the withdrawal itself is the era's biggest institutional backlash event.
Türkiye,#İstanbulSözleşmesiYaşatır / İstanbul Sözleşmesi,İstanbul Sözleşmesi,i̇stanbul sözleşmesi,substr,,Support,Support,'The Istanbul Convention saves lives' - campaign against (and coverage of) Turkey's Mar 2021 withdrawal from the convention; the withdrawal itself is the era's biggest institutional backlash event.
Türkiye,Emine Bulut / #ÖlmekIstemiyorum,Emine Bulut,emine bulut,word,\bemine\ bulut\b,Support / Outrage Case,Support,Aug 2019 femicide filmed by bystanders; her words 'I don't want to die' trended nationwide.
Türkiye,Emine Bulut / #ÖlmekIstemiyorum,#ÖlmekIstemiyorum,ölmekistemiyorum,substr,,Support / Outrage Case,Support,Aug 2019 femicide filmed by bystanders; her words 'I don't want to die' trended nationwide.
Türkiye,#ChallengeAccepted,#ChallengeAccepted,challengeaccepted,word,\bchallengeaccepted\b,Support / Adjacent,Support,Turkey: global black-and-white photo challenge was widely tied to femicide awareness after Pinar Gultekin's killing. Translation/Gloss: Challenge accepted.
Türkiye,#HimToo,#HimToo,himtoo,word,\bhimtoo\b,Backlash / Counter,Backlash,Major counter-/backlash hashtag that recast #MeToo through false-accusation or accused-men-as-victims narratives; included as a global backlash search term. Translation/Gloss: Him too.
Türkiye,#KadınaŞiddeteHayır,#KadınaŞiddeteHayır,kadınaşiddetehayır,substr,,Support / Adjacent,Support,Turkish-language anti-violence-against-women hashtag often overlapping with #MeToo topics. Translation/Gloss: No to violence against women.
Türkiye,#MeToo,#MeToo,metoo,word,\bmetoo\b,Support / Global,Support,Baseline global #MeToo hashtag; included for every country/territory as the common cross-border search term. Translation/Gloss: Me too.
Türkiye,cinsel taciz,cinsel taciz,cinsel taciz,word,\bcinsel\ taciz\b,Support / Search Term,Support,Turkish publication/search keyword. Translation/Gloss: sexual harassment.
Turkmenistan,#HimToo,#HimToo,himtoo,word,\bhimtoo\b,Backlash / Counter,Backlash,Major counter-/backlash hashtag that recast #MeToo through false-accusation or accused-men-as-victims narratives; included as a global backlash search term. Translation/Gloss: Him too.
Turkmenistan,#MeToo,#MeToo,metoo,word,\bmetoo\b,Support / Global,Support,Baseline global #MeToo hashtag; included for every country/territory as the common cross-border search term. Translation/Gloss: Me too.
Turkmenistan,#ЯБоюсьМужчин,#ЯБоюсьМужчин,ябоюсьмужчин,substr,,Support / Adjacent,Support,"Russian feminist hashtag against male violence/femicide, reported alongside #MeToo-adjacent campaigns. Translation/Gloss: I fear men."
Turkmenistan,#ЯНеБоюсьСказать,#ЯНеБоюсьСказать,янебоюсьсказать,substr,,Support / Adjacent,Support,Russian-language version of the Ukraine/Russia anti-sexual-violence flashmob precursor to #MeToo. Translation/Gloss: I am not afraid to say.
Turkmenistan,#ЯТоже,#ЯТоже,ятоже,substr,,Support / Translation,Support,Russian #MeToo equivalent/search term. Translation/Gloss: Me too.
Turkmenistan,(no movement possible),(no movement possible),(no movement possible),word,\b\(no\ movement\ possible\)\b,No documented movement,No documented movement,Total information control; no civic hashtag activity documented.
Turkmenistan,сексуальные домогательства,сексуальные домогательства,сексуальные домогательства,substr,,Support / Search Term,Support,Russian publication/search keyword. Translation/Gloss: sexual harassment.
Turks and Caicos Islands,#BelieveWomen,#BelieveWomen,believewomen,word,\bbelievewomen\b,Support / Solidarity,Support,Survivor-belief and anti-victim-blaming phrase used in #MeToo-related discourse. Translation/Gloss: Believe women.
Turks and Caicos Islands,#HimToo,#HimToo,himtoo,word,\bhimtoo\b,Backlash / Counter,Backlash,Major counter-/backlash hashtag that recast #MeToo through false-accusation or accused-men-as-victims narratives; included as a global backlash search term. Translation/Gloss: Him too.
Turks and Caicos Islands,#MeToo,#MeToo,metoo,word,\bmetoo\b,Support / Global,Support,Baseline global #MeToo hashtag; included for every country/territory as the common cross-border search term. Translation/Gloss: Me too.
Turks and Caicos Islands,#TimesUp,#TimesUp,timesup,word,\btimesup\b,Support / Solidarity,Support,Transnational accountability and anti-harassment hashtag frequently paired with #MeToo. Translation/Gloss: Time is up.
Turks and Caicos Islands,sexual harassment,sexual harassment,sexual harassment,word,\bsexual\ harassment\b,Support / Search Term,Support,English search keyword for #MeToo-related social-media and publication searches. Translation/Gloss: sexual harassment.
Turks and Caicos Islands,violence against women,violence against women,violence against women,word,\bviolence\ against\ women\b,Support / Search Term,Support,English search keyword for adjacent #MeToo and gender-based violence coverage. Translation/Gloss: violence against women.
Tuvalu,#HimToo,#HimToo,himtoo,word,\bhimtoo\b,Backlash / Counter,Backlash,Major counter-/backlash hashtag that recast #MeToo through false-accusation or accused-men-as-victims narratives; included as a global backlash search term. Translation/Gloss: Him too.
Tuvalu,#MeToo,#MeToo,metoo,word,\bmetoo\b,Support / Global,Support,Baseline global #MeToo hashtag; included for every country/territory as the common cross-border search term. Translation/Gloss: Me too.
U.S. Virgin Islands,#BelieveWomen,#BelieveWomen,believewomen,word,\bbelievewomen\b,Support / Solidarity,Support,Survivor-belief and anti-victim-blaming phrase used in #MeToo-related discourse. Translation/Gloss: Believe women.
U.S. Virgin Islands,#HimToo,#HimToo,himtoo,word,\bhimtoo\b,Backlash / Counter,Backlash,Major counter-/backlash hashtag that recast #MeToo through false-accusation or accused-men-as-victims narratives; included as a global backlash search term. Translation/Gloss: Him too.
U.S. Virgin Islands,#MeToo,#MeToo,metoo,word,\bmetoo\b,Support / Global,Support,Baseline global #MeToo hashtag; included for every country/territory as the common cross-border search term. Translation/Gloss: Me too.
U.S. Virgin Islands,#TimesUp,#TimesUp,timesup,word,\btimesup\b,Support / Solidarity,Support,Transnational accountability and anti-harassment hashtag frequently paired with #MeToo. Translation/Gloss: Time is up.
U.S. Virgin Islands,sexual harassment,sexual harassment,sexual harassment,word,\bsexual\ harassment\b,Support / Search Term,Support,English search keyword for #MeToo-related social-media and publication searches. Translation/Gloss: sexual harassment.
U.S. Virgin Islands,violence against women,violence against women,violence against women,word,\bviolence\ against\ women\b,Support / Search Term,Support,English search keyword for adjacent #MeToo and gender-based violence coverage. Translation/Gloss: violence against women.
Uganda,#BelieveWomen,#BelieveWomen,believewomen,word,\bbelievewomen\b,Support / Solidarity,Support,Survivor-belief and anti-victim-blaming phrase used in #MeToo-related discourse. Translation/Gloss: Believe women.
Uganda,#HimToo,#HimToo,himtoo,word,\bhimtoo\b,Backlash / Counter,Backlash,Major counter-/backlash hashtag that recast #MeToo through false-accusation or accused-men-as-victims narratives; included as a global backlash search term. Translation/Gloss: Him too.
Uganda,#MeToo,#MeToo,metoo,word,\bmetoo\b,Support / Global,Support,Baseline global #MeToo hashtag; included for every country/territory as the common cross-border search term. Translation/Gloss: Me too.
Uganda,#TimesUp,#TimesUp,timesup,word,\btimesup\b,Support / Solidarity,Support,Transnational accountability and anti-harassment hashtag frequently paired with #MeToo. Translation/Gloss: Time is up.
Uganda,#WomensProtestUG (2018 women's march),#WomensProtestUG (2018 women's march),womensprotestug (2018 women's march),word,\bwomensprotestug\ \(2018\ women's\ march\)\b,Support,Support,June 2018 marches over kidnappings and murders of women.
Uganda,Sheena Bageine,Sheena Bageine,sheena bageine,word,\bsheena\ bageine\b,Support / Case + Backlash / Legal,Support,2020-21: activist who tweeted names of alleged rapists was arrested for cyber harassment - Uganda's MeToo flashpoint; Makerere University harassment scandals are the institutional thread.
Uganda,sexual harassment,sexual harassment,sexual harassment,word,\bsexual\ harassment\b,Support / Search Term,Support,English search keyword for #MeToo-related social-media and publication searches. Translation/Gloss: sexual harassment.
Uganda,ukatili dhidi ya wanawake,ukatili dhidi ya wanawake,ukatili dhidi ya wanawake,word,\bukatili\ dhidi\ ya\ wanawake\b,Support / Search Term,Support,Swahili search keyword. Translation/Gloss: violence against women.
Uganda,unyanyasaji wa kijinsia,unyanyasaji wa kijinsia,unyanyasaji wa kijinsia,word,\bunyanyasaji\ wa\ kijinsia\b,Support / Search Term,Support,Swahili search keyword used across East/Central African contexts. Translation/Gloss: gender/sexual harassment.
Uganda,violence against women,violence against women,violence against women,word,\bviolence\ against\ women\b,Support / Search Term,Support,English search keyword for adjacent #MeToo and gender-based violence coverage. Translation/Gloss: violence against women.
Ukraine,#HimToo,#HimToo,himtoo,word,\bhimtoo\b,Backlash / Counter,Backlash,Major counter-/backlash hashtag that recast #MeToo through false-accusation or accused-men-as-victims narratives; included as a global backlash search term. Translation/Gloss: Him too.
Ukraine,#MeToo,#MeToo,metoo,word,\bmetoo\b,Support / Global,Support,Baseline global #MeToo hashtag; included for every country/territory as the common cross-border search term. Translation/Gloss: Me too.
Ukraine,#ЯНеБоюсьСказати,#ЯНеБоюсьСказати,янебоюсьсказати,substr,,Support,Support,"Translates to 'I am not afraid to speak'. Started as a 2016 Facebook flashmob by activist Nastya Melnychenko, acting as a regional precursor to the global #MeToo movement."
Ukraine,сексуальні домагання,сексуальні домагання,сексуальні домагання,substr,,Support / Search Term,Support,Ukrainian publication/search keyword. Translation/Gloss: sexual harassment.
United Arab Emirates,#HimToo,#HimToo,himtoo,word,\bhimtoo\b,Backlash / Counter,Backlash,Major counter-/backlash hashtag that recast #MeToo through false-accusation or accused-men-as-victims narratives; included as a global backlash search term. Translation/Gloss: Him too.
United Arab Emirates,#MeToo,#MeToo,metoo,word,\bmetoo\b,Support / Global,Support,Baseline global #MeToo hashtag; included for every country/territory as the common cross-border search term. Translation/Gloss: Me too.
United Arab Emirates,#MosqueMeToo,#MosqueMeToo,mosquemetoo,word,\bmosquemetoo\b,Support / Adjacent,Support,"Hashtag for Muslim women's accounts of harassment/abuse during Hajj, in mosques, or in religious spaces. Translation/Gloss: MeToo in mosque/Hajj contexts."
United Arab Emirates,#أنا_أيضا,#أنا_أيضا,أنا_أيضا,substr,,Support / Translation,Support,Formal Arabic equivalent of #MeToo. Translation/Gloss: Me too / I also.
United Arab Emirates,#أنا_كمان,#أنا_كمان,أنا_كمان,substr,,Support / Translation,Support,Arabic #MeToo counterpart used across Arabic-speaking social media. Translation/Gloss: Me too.
United Arab Emirates,التحرش_الجنسي,التحرش_الجنسي,التحرش_الجنسي,substr,,Support / Search Term,Support,Arabic publication/search keyword. Translation/Gloss: sexual harassment.
United Arab Emirates,العنف_ضد_المرأة,العنف_ضد_المرأة,العنف_ضد_المرأة,substr,,Support / Search Term,Support,Arabic publication/search keyword. Translation/Gloss: violence against women.
United Kingdom,#BelieveWomen,#BelieveWomen,believewomen,word,\bbelievewomen\b,Support / Solidarity,Support,Survivor-belief and anti-victim-blaming phrase used in #MeToo-related discourse. Translation/Gloss: Believe women.
United Kingdom,#GymnastAlliance,#GymnastAlliance,gymnastalliance,word,\bgymnastalliance\b,Support,Support,July 2020 British gymnasts' abuse disclosures; Whyte Review followed.
United Kingdom,#HimToo,#HimToo,himtoo,word,\bhimtoo\b,Backlash / Counter,Backlash,Major counter-/backlash hashtag that recast #MeToo through false-accusation or accused-men-as-victims narratives; included as a global backlash search term. Translation/Gloss: Him too.
United Kingdom,#MeToo,#MeToo,metoo,word,\bmetoo\b,Support / Global,Support,Baseline global #MeToo hashtag; included for every country/territory as the common cross-border search term. Translation/Gloss: Me too.
United Kingdom,#MeToo / Pestminster,Pestminster,pestminster,word,\bpestminster\b,Support,Support,Oct-Nov 2017 Westminster harassment scandal ('Pestminster'; Defence Secretary Michael Fallon resigned); Jan 2018 FT Presidents Club exposé.
United Kingdom,#TimesUp,#TimesUp,timesup,word,\btimesup\b,Support / Solidarity,Support,Transnational accountability and anti-harassment hashtag frequently paired with #MeToo. Translation/Gloss: Time is up.
United Kingdom,#TimesUpUK,#TimesUpUK,timesupuk,word,\btimesupuk\b,Support / Localized,Support,United Kingdom: local Time's Up campaign around workplace sexual harassment and entertainment/media sectors. Translation/Gloss: Times Up UK.
United Kingdom,Everyone's Invited,Everyone's Invited,everyone's invited,word,\beveryone's\ invited\b,Support,Support,2021 platform collecting tens of thousands of school/university testimonies of rape culture.
United Kingdom,Sarah Everard / #ReclaimTheseStreets / #TextMeWhenYouGetHome,Sarah Everard,sarah everard,word,\bsarah\ everard\b,Support,Support,Mar 2021 murder of Sarah Everard by a serving police officer; vigils and a national reckoning on women's safety.
United Kingdom,Sarah Everard / #ReclaimTheseStreets / #TextMeWhenYouGetHome,#ReclaimTheseStreets,reclaimthesestreets,word,\breclaimthesestreets\b,Support,Support,Mar 2021 murder of Sarah Everard by a serving police officer; vigils and a national reckoning on women's safety.
United Kingdom,Sarah Everard / #ReclaimTheseStreets / #TextMeWhenYouGetHome,#TextMeWhenYouGetHome,textmewhenyougethome,word,\btextmewhenyougethome\b,Support,Support,Mar 2021 murder of Sarah Everard by a serving police officer; vigils and a national reckoning on women's safety.
United Kingdom,sexual harassment,sexual harassment,sexual harassment,word,\bsexual\ harassment\b,Support / Search Term,Support,English search keyword for #MeToo-related social-media and publication searches. Translation/Gloss: sexual harassment.
United Kingdom,violence against women,violence against women,violence against women,word,\bviolence\ against\ women\b,Support / Search Term,Support,English search keyword for adjacent #MeToo and gender-based violence coverage. Translation/Gloss: violence against women.
United States,#BelieveWomen,#BelieveWomen,believewomen,word,\bbelievewomen\b,Support / Solidarity,Support,Survivor-belief and anti-victim-blaming phrase used in #MeToo-related discourse. Translation/Gloss: Believe women.
United States,#ChurchToo,#ChurchToo,churchtoo,word,\bchurchtoo\b,Support / Sectoral,Support,Faith-community sectoral tag for abuse/harassment disclosures in religious institutions. Translation/Gloss: Church too.
United States,#ChurchToo / #MuteRKelly / #IAmVanessaGuillen,#MuteRKelly,muterkelly,word,\bmuterkelly\b,Support,Support,"Sectoral extensions: churches (2017), music industry (R. Kelly), military (2020 Fort Hood)."
United States,#ChurchToo / #MuteRKelly / #IAmVanessaGuillen,#IAmVanessaGuillen,iamvanessaguillen,word,\biamvanessaguillen\b,Support,Support,"Sectoral extensions: churches (2017), music industry (R. Kelly), military (2020 Fort Hood)."
United States,#HimToo,#HimToo,himtoo,word,\bhimtoo\b,Backlash / Counter,Backlash,Major counter-/backlash hashtag that recast #MeToo through false-accusation or accused-men-as-victims narratives; included as a global backlash search term. Translation/Gloss: Him too.
United States,#HimToo / #ThatWasMyMom,#ThatWasMyMom,thatwasmymom,word,\bthatwasmymom\b,Backlash / Satire of Backlash,Backlash,Oct 2018: mother's tweet about son Pieter Hanson fearing 'solo dates' went viral; Hanson debunked it (#ThatWasMyMom) and the tag flooded with satire - #HimToo traffic is a mix of genuine backlash and mockery of backlash; keyword-stance mapping fails here.
United States,#IStandWithBrett / #ConfirmKavanaugh,#IStandWithBrett,istandwithbrett,word,\bistandwithbrett\b,Backlash,Backlash,"Pro-Kavanaugh mobilization tags, Sept-Oct 2018."
United States,#IStandWithBrett / #ConfirmKavanaugh,#ConfirmKavanaugh,confirmkavanaugh,word,\bconfirmkavanaugh\b,Backlash,Backlash,"Pro-Kavanaugh mobilization tags, Sept-Oct 2018."
United States,#MeToo,#MeToo,metoo,word,\bmetoo\b,Support / Global Origin,Support,United States: Tarana Burke created 'me too'; the hashtag went viral globally in October 2017 after Alyssa Milano's post amid the Weinstein scandal. Translation/Gloss: MeToo.
United States,#MeToo / #TimesUp,#TimesUp,timesup,word,\btimesup\b,Support,Support,Oct 15 2017 viral moment (Milano tweet; Tarana Burke's 2006 movement) after Weinstein exposés; TimesUp launched Jan 2018.
United States,#MenToo / #NotAllMen / #WitchHunt / due process,#MenToo,mentoo,word,\bmentoo\b,Backlash,Backlash,Core US backlash vocabulary; 'witch hunt' amplified by Trump's usage.
United States,#MenToo / #NotAllMen / #WitchHunt / due process,#NotAllMen,notallmen,word,\bnotallmen\b,Backlash,Backlash,Core US backlash vocabulary; 'witch hunt' amplified by Trump's usage.
United States,#MenToo / #NotAllMen / #WitchHunt / due process,#WitchHunt,witchhunt,word,\bwitchhunt\b,Backlash,Backlash,Core US backlash vocabulary; 'witch hunt' amplified by Trump's usage.
United States,#MenToo / #NotAllMen / #WitchHunt / due process,due process,due process,word,\bdue\ process\b,Backlash,Backlash,Core US backlash vocabulary; 'witch hunt' amplified by Trump's usage.
United States,#WhyIDidntReport,#WhyIDidntReport,whyididntreport,word,\bwhyididntreport\b,Support,Support,Emerged in response to then-President Trump and others questioning why Christine Blasey Ford delayed reporting her assault during the Kavanaugh hearings.
United States,#WhyIDidntReport / #BelieveSurvivors,#BelieveSurvivors,believesurvivors,word,\bbelievesurvivors\b,Support,Support,Sept-Oct 2018 Kavanaugh/Ford hearings - the peak stance-contest moment of US MeToo.
United States,sexual harassment,sexual harassment,sexual harassment,word,\bsexual\ harassment\b,Support / Search Term,Support,English search keyword for #MeToo-related social-media and publication searches. Translation/Gloss: sexual harassment.
United States,violence against women,violence against women,violence against women,word,\bviolence\ against\ women\b,Support / Search Term,Support,English search keyword for adjacent #MeToo and gender-based violence coverage. Translation/Gloss: violence against women.
United States Minor Outlying Islands,#HimToo,#HimToo,himtoo,word,\bhimtoo\b,Backlash / Counter,Backlash,Major counter-/backlash hashtag that recast #MeToo through false-accusation or accused-men-as-victims narratives; included as a global backlash search term. Translation/Gloss: Him too.
United States Minor Outlying Islands,#MeToo,#MeToo,metoo,word,\bmetoo\b,Support / Global,Support,Baseline global #MeToo hashtag; included for every country/territory as the common cross-border search term. Translation/Gloss: Me too.
Uruguay,#Cuéntalo,#Cuéntalo,cuéntalo,substr,,Support / Adjacent,Support,Spanish testimony hashtag associated especially with Spain and the La Manada reckoning; useful across Spanish-language searches. Translation/Gloss: Tell it / tell your story.
Uruguay,#HimToo,#HimToo,himtoo,word,\bhimtoo\b,Backlash / Counter,Backlash,Major counter-/backlash hashtag that recast #MeToo through false-accusation or accused-men-as-victims narratives; included as a global backlash search term. Translation/Gloss: Him too.
Uruguay,#MeToo,#MeToo,metoo,word,\bmetoo\b,Support / Global,Support,Baseline global #MeToo hashtag; included for every country/territory as the common cross-border search term. Translation/Gloss: Me too.
Uruguay,#NiUnaMenos,#NiUnaMenos,niunamenos,word,\bniunamenos\b,Support / Adjacent,Support,Latin American movement against femicide and violence against women; often overlaps with #MeToo-adjacent activism. Translation/Gloss: Not one woman less.
Uruguay,#NiUnaMenos / acoso sexual,acoso sexual,acoso sexual,word,\bacoso\ sexual\b,Support,Support,Regional frame; no distinct national tag documented.
Uruguay,#YoSíTeCreo,#YoSíTeCreo,yosítecreo,substr,,Support / Solidarity,Support,Spanish solidarity tag/phrase used around sexual-violence testimony and belief of survivors. Translation/Gloss: I do believe you.
Uruguay,#YoTambién,#YoTambién,yotambién,substr,,Support / Translation,Support,Spanish-language equivalent of #MeToo; documented in global/regional lists. Translation/Gloss: Me too.
Uzbekistan,#HimToo,#HimToo,himtoo,word,\bhimtoo\b,Backlash / Counter,Backlash,Major counter-/backlash hashtag that recast #MeToo through false-accusation or accused-men-as-victims narratives; included as a global backlash search term. Translation/Gloss: Him too.
Uzbekistan,#MeToo,#MeToo,metoo,word,\bmetoo\b,Support / Global,Support,Baseline global #MeToo hashtag; included for every country/territory as the common cross-border search term. Translation/Gloss: Me too.
Uzbekistan,#ЯБоюсьМужчин,#ЯБоюсьМужчин,ябоюсьмужчин,substr,,Support / Adjacent,Support,"Russian feminist hashtag against male violence/femicide, reported alongside #MeToo-adjacent campaigns. Translation/Gloss: I fear men."
Uzbekistan,#ЯНеБоюсьСказать,#ЯНеБоюсьСказать,янебоюсьсказать,substr,,Support / Adjacent,Support,Russian-language version of the Ukraine/Russia anti-sexual-violence flashmob precursor to #MeToo. Translation/Gloss: I am not afraid to say.
Uzbekistan,#ЯТоже,#ЯТоже,ятоже,substr,,Support / Translation,Support,Russian #MeToo equivalent/search term. Translation/Gloss: Me too.
Uzbekistan,сексуальные домогательства,сексуальные домогательства,сексуальные домогательства,substr,,Support / Search Term,Support,Russian publication/search keyword. Translation/Gloss: sexual harassment.
Vanuatu,#BalanceTonPorc,#BalanceTonPorc,balancetonporc,word,\bbalancetonporc\b,Support / Adjacent,Support,French #MeToo-era hashtag for naming or denouncing perpetrators; also provoked public backlash debates. Translation/Gloss: Expose/denounce your pig.
Vanuatu,#HimToo,#HimToo,himtoo,word,\bhimtoo\b,Backlash / Counter,Backlash,Major counter-/backlash hashtag that recast #MeToo through false-accusation or accused-men-as-victims narratives; included as a global backlash search term. Translation/Gloss: Him too.
Vanuatu,#MeToo,#MeToo,metoo,word,\bmetoo\b,Support / Global,Support,Baseline global #MeToo hashtag; included for every country/territory as the common cross-border search term. Translation/Gloss: Me too.
Vanuatu,#MoiAussi,#MoiAussi,moiaussi,word,\bmoiaussi\b,Support / Translation,Support,"French-language equivalent of #MeToo, documented in Canada/Francophone coverage. Translation/Gloss: Me too."
Vanuatu,#NousToutes,#NousToutes,noustoutes,word,\bnoustoutes\b,Support / Adjacent,Support,French feminist collective/hashtag after #MeToo and #BalanceTonPorc focused on violence against women. Translation/Gloss: All of us women.
Vanuatu,harcèlement sexuel,harcèlement sexuel,harcèlement sexuel,substr,,Support / Search Term,Support,French publication/search keyword. Translation/Gloss: sexual harassment.
Venezuela,#Cuéntalo,#Cuéntalo,cuéntalo,substr,,Support / Adjacent,Support,Spanish testimony hashtag associated especially with Spain and the La Manada reckoning; useful across Spanish-language searches. Translation/Gloss: Tell it / tell your story.
Venezuela,#HimToo,#HimToo,himtoo,word,\bhimtoo\b,Backlash / Counter,Backlash,Major counter-/backlash hashtag that recast #MeToo through false-accusation or accused-men-as-victims narratives; included as a global backlash search term. Translation/Gloss: Him too.
Venezuela,#MeToo,#MeToo,metoo,word,\bmetoo\b,Support / Global,Support,Baseline global #MeToo hashtag; included for every country/territory as the common cross-border search term. Translation/Gloss: Me too.
Venezuela,#NiUnaMenos,#NiUnaMenos,niunamenos,word,\bniunamenos\b,Support / Adjacent,Support,Latin American movement against femicide and violence against women; often overlaps with #MeToo-adjacent activism. Translation/Gloss: Not one woman less.
Venezuela,#YoSíTeCreo,#YoSíTeCreo,yosítecreo,substr,,Support / Solidarity,Support,Venezuela: used during public allegations in the music/art scene and broader survivor-belief discourse. Translation/Gloss: I do believe you.
Venezuela,#YoSíTeCreo (Venezuela 2021),#YoSíTeCreo (Venezuela 2021),yosítecreo (venezuela 2021),substr,,Support,Support,"Apr 2021 testimony wave naming writers and musicians (incl. poet Willy McKey, who died by suicide - prompting an anonymous-accusation backlash debate); prosecutors opened dozens of cases."
Venezuela,#YoTambién,#YoTambién,yotambién,substr,,Support / Translation,Support,Spanish-language equivalent of #MeToo; documented in global/regional lists. Translation/Gloss: Me too.
Venezuela,acoso sexual,acoso sexual,acoso sexual,word,\bacoso\ sexual\b,Support / Search Term,Support,Spanish publication/search keyword. Translation/Gloss: sexual harassment.
Vietnam,#HimToo,#HimToo,himtoo,word,\bhimtoo\b,Backlash / Counter,Backlash,Major counter-/backlash hashtag that recast #MeToo through false-accusation or accused-men-as-victims narratives; included as a global backlash search term. Translation/Gloss: Him too.
Vietnam,#MeToo,#MeToo,metoo,word,\bmetoo\b,Support / Global,Support,Baseline global #MeToo hashtag; included for every country/territory as the common cross-border search term. Translation/Gloss: Me too.
Vietnam,#MeTooVietnam,#MeTooVietnam,metoovietnam,word,\bmetoovietnam\b,Support / Localized,Support,Vietnam: emerging #MeToo discussion around allegations against rocker Pham Anh Khoa and related UN campaign fallout. Translation/Gloss: MeToo Vietnam.
Vietnam,#NgungImLang,#NgungImLang,ngungimlang,word,\bngungimlang\b,Support,Support,"'Stop the silence', Apr 2018, after a Tuoi Tre newspaper intern's rape allegation against a senior editor (he resigned); Vietnam's brief MeToo moment."
Vietnam,quấy_rối_tình_dục,quấy_rối_tình_dục,quấy_rối_tình_dục,substr,,Support / Search Term,Support,Vietnamese publication/search keyword. Translation/Gloss: sexual harassment.
Wallis and Futuna,#BalanceTonPorc,#BalanceTonPorc,balancetonporc,word,\bbalancetonporc\b,Support / Adjacent,Support,French #MeToo-era hashtag for naming or denouncing perpetrators; also provoked public backlash debates. Translation/Gloss: Expose/denounce your pig.
Wallis and Futuna,#HimToo,#HimToo,himtoo,word,\bhimtoo\b,Backlash / Counter,Backlash,Major counter-/backlash hashtag that recast #MeToo through false-accusation or accused-men-as-victims narratives; included as a global backlash search term. Translation/Gloss: Him too.
Wallis and Futuna,#MeToo,#MeToo,metoo,word,\bmetoo\b,Support / Global,Support,Baseline global #MeToo hashtag; included for every country/territory as the common cross-border search term. Translation/Gloss: Me too.
Wallis and Futuna,#MoiAussi,#MoiAussi,moiaussi,word,\bmoiaussi\b,Support / Translation,Support,"French-language equivalent of #MeToo, documented in Canada/Francophone coverage. Translation/Gloss: Me too."
Wallis and Futuna,#NousToutes,#NousToutes,noustoutes,word,\bnoustoutes\b,Support / Adjacent,Support,French feminist collective/hashtag after #MeToo and #BalanceTonPorc focused on violence against women. Translation/Gloss: All of us women.
Wallis and Futuna,harcèlement sexuel,harcèlement sexuel,harcèlement sexuel,substr,,Support / Search Term,Support,French publication/search keyword. Translation/Gloss: sexual harassment.
Western Sahara,#HimToo,#HimToo,himtoo,word,\bhimtoo\b,Backlash / Counter,Backlash,Major counter-/backlash hashtag that recast #MeToo through false-accusation or accused-men-as-victims narratives; included as a global backlash search term. Translation/Gloss: Him too.
Western Sahara,#MeToo,#MeToo,metoo,word,\bmetoo\b,Support / Global,Support,Baseline global #MeToo hashtag; included for every country/territory as the common cross-border search term. Translation/Gloss: Me too.
Western Sahara,#MosqueMeToo,#MosqueMeToo,mosquemetoo,word,\bmosquemetoo\b,Support / Adjacent,Support,"Hashtag for Muslim women's accounts of harassment/abuse during Hajj, in mosques, or in religious spaces. Translation/Gloss: MeToo in mosque/Hajj contexts."
Western Sahara,#أنا_أيضا,#أنا_أيضا,أنا_أيضا,substr,,Support / Translation,Support,Formal Arabic equivalent of #MeToo. Translation/Gloss: Me too / I also.
Western Sahara,#أنا_كمان,#أنا_كمان,أنا_كمان,substr,,Support / Translation,Support,Arabic #MeToo counterpart used across Arabic-speaking social media. Translation/Gloss: Me too.
Western Sahara,التحرش_الجنسي,التحرش_الجنسي,التحرش_الجنسي,substr,,Support / Search Term,Support,Arabic publication/search keyword. Translation/Gloss: sexual harassment.
Western Sahara,العنف_ضد_المرأة,العنف_ضد_المرأة,العنف_ضد_المرأة,substr,,Support / Search Term,Support,Arabic publication/search keyword. Translation/Gloss: violence against women.
Yemen,#HimToo,#HimToo,himtoo,word,\bhimtoo\b,Backlash / Counter,Backlash,Major counter-/backlash hashtag that recast #MeToo through false-accusation or accused-men-as-victims narratives; included as a global backlash search term. Translation/Gloss: Him too.
Yemen,#MeToo,#MeToo,metoo,word,\bmetoo\b,Support / Global,Support,Baseline global #MeToo hashtag; included for every country/territory as the common cross-border search term. Translation/Gloss: Me too.
Yemen,#MosqueMeToo,#MosqueMeToo,mosquemetoo,word,\bmosquemetoo\b,Support / Adjacent,Support,"Hashtag for Muslim women's accounts of harassment/abuse during Hajj, in mosques, or in religious spaces. Translation/Gloss: MeToo in mosque/Hajj contexts."
Yemen,#أنا_أيضا,#أنا_أيضا,أنا_أيضا,substr,,Support / Translation,Support,Formal Arabic equivalent of #MeToo. Translation/Gloss: Me too / I also.
Yemen,#أنا_كمان,#أنا_كمان,أنا_كمان,substr,,Support / Translation,Support,Arabic #MeToo counterpart used across Arabic-speaking social media. Translation/Gloss: Me too.
Yemen,التحرش_الجنسي,التحرش_الجنسي,التحرش_الجنسي,substr,,Support / Search Term,Support,Arabic publication/search keyword. Translation/Gloss: sexual harassment.
Yemen,العنف_ضد_المرأة,العنف_ضد_المرأة,العنف_ضد_المرأة,substr,,Support / Search Term,Support,Arabic publication/search keyword. Translation/Gloss: violence against women.
Zambia,#BelieveWomen,#BelieveWomen,believewomen,word,\bbelievewomen\b,Support / Solidarity,Support,Survivor-belief and anti-victim-blaming phrase used in #MeToo-related discourse. Translation/Gloss: Believe women.
Zambia,#HimToo,#HimToo,himtoo,word,\bhimtoo\b,Backlash / Counter,Backlash,Major counter-/backlash hashtag that recast #MeToo through false-accusation or accused-men-as-victims narratives; included as a global backlash search term. Translation/Gloss: Him too.
Zambia,#MeToo,#MeToo,metoo,word,\bmetoo\b,Support / Global,Support,Baseline global #MeToo hashtag; included for every country/territory as the common cross-border search term. Translation/Gloss: Me too.
Zambia,#TimesUp,#TimesUp,timesup,word,\btimesup\b,Support / Solidarity,Support,Transnational accountability and anti-harassment hashtag frequently paired with #MeToo. Translation/Gloss: Time is up.
Zambia,sexual harassment,sexual harassment,sexual harassment,word,\bsexual\ harassment\b,Support / Search Term,Support,English search keyword for #MeToo-related social-media and publication searches. Translation/Gloss: sexual harassment.
Zambia,violence against women,violence against women,violence against women,word,\bviolence\ against\ women\b,Support / Search Term,Support,English search keyword for adjacent #MeToo and gender-based violence coverage. Translation/Gloss: violence against women.
Zimbabwe,#BelieveWomen,#BelieveWomen,believewomen,word,\bbelievewomen\b,Support / Solidarity,Support,Survivor-belief and anti-victim-blaming phrase used in #MeToo-related discourse. Translation/Gloss: Believe women.
Zimbabwe,#HimToo,#HimToo,himtoo,word,\bhimtoo\b,Backlash / Counter,Backlash,Major counter-/backlash hashtag that recast #MeToo through false-accusation or accused-men-as-victims narratives; included as a global backlash search term. Translation/Gloss: Him too.
Zimbabwe,#MeToo,#MeToo,metoo,word,\bmetoo\b,Support / Global,Support,Baseline global #MeToo hashtag; included for every country/territory as the common cross-border search term. Translation/Gloss: Me too.
Zimbabwe,#TimesUp,#TimesUp,timesup,word,\btimesup\b,Support / Solidarity,Support,Transnational accountability and anti-harassment hashtag frequently paired with #MeToo. Translation/Gloss: Time is up.
Zimbabwe,sexual harassment,sexual harassment,sexual harassment,word,\bsexual\ harassment\b,Support / Search Term,Support,English search keyword for #MeToo-related social-media and publication searches. Translation/Gloss: sexual harassment.
Zimbabwe,sexual harassment (generic) / #MeTooZim,#MeTooZim,metoozim,word,\bmetoozim\b,Support / Generic Term,Support,Scattered usage; no sustained documented wave.
Zimbabwe,violence against women,violence against women,violence against women,word,\bviolence\ against\ women\b,Support / Search Term,Support,English search keyword for adjacent #MeToo and gender-based violence coverage. Translation/Gloss: violence against women.
